group,sample_count,unique_dates,first_date,last_date,span_days,same_group_date_extra_samples,min_gap_days,median_gap_days,observed_dates_per_30_days
6_2_X0650_Y0900_S050_x0_y256,20,20,2019-03-17,2020-07-24,495,0,2,13.0,1.2096774193548387
6_2_X0650_Y0900_S050_x0_y320,22,22,2019-01-04,2020-07-24,567,0,2,13.0,1.1619718309859155
6_2_X0650_Y0900_S050_x0_y384,23,23,2019-01-04,2020-07-24,567,0,2,13.0,1.2147887323943662
6_2_X0650_Y0900_S050_x0_y448,22,22,2019-01-04,2020-07-24,567,0,2,13.0,1.1619718309859155
6_2_X0650_Y0900_S050_x0_y512,23,23,2019-01-04,2020-07-24,567,0,2,13.0,1.2147887323943662
6_2_X0650_Y0900_S050_x0_y576,23,23,2019-01-04,2020-07-24,567,0,2,13.0,1.2147887323943662
6_2_X0650_Y0900_S050_x0_y640,23,23,2019-01-04,2020-07-24,567,0,2,13.0,1.2147887323943662
6_2_X0650_Y0900_S050_x0_y704,23,23,2019-01-04,2020-07-24,567,0,2,13.0,1.2147887323943662
6_2_X0650_Y0900_S050_x128_y128,19,19,2019-04-19,2020-07-24,462,0,2,15.0,1.2311015118790496
6_2_X0650_Y0900_S050_x128_y192,23,23,2019-01-04,2020-07-24,567,0,2,13.0,1.2147887323943662
6_2_X0650_Y0900_S050_x128_y256,22,22,2019-01-04,2020-07-24,567,0,2,13.0,1.1619718309859155
6_2_X0650_Y0900_S050_x128_y320,23,23,2019-01-04,2020-07-24,567,0,2,13.0,1.2147887323943662
6_2_X0650_Y0900_S050_x128_y384,23,23,2019-01-04,2020-07-24,567,0,2,13.0,1.2147887323943662
6_2_X0650_Y0900_S050_x128_y448,23,23,2019-01-04,2020-07-24,567,0,2,13.0,1.2147887323943662
6_2_X0650_Y0900_S050_x128_y512,23,23,2019-01-04,2020-07-24,567,0,2,13.0,1.2147887323943662
6_2_X0650_Y0900_S050_x128_y576,23,23,2019-01-04,2020-07-24,567,0,2,13.0,1.2147887323943662
6_2_X0650_Y0900_S050_x128_y640,23,23,2019-01-04,2020-07-24,567,0,2,13.0,1.2147887323943662
6_2_X0650_Y0900_S050_x128_y704,22,22,2019-01-04,2020-07-24,567,0,2,13.0,1.1619718309859155
6_2_X0650_Y0900_S050_x192_y128,21,21,2019-03-17,2020-07-24,495,0,2,13.0,1.2701612903225807
6_2_X0650_Y0900_S050_x192_y192,23,23,2019-01-04,2020-07-24,567,0,2,13.0,1.2147887323943662
6_2_X0650_Y0900_S050_x192_y256,22,22,2019-01-04,2020-07-24,567,0,2,13.0,1.1619718309859155
6_2_X0650_Y0900_S050_x192_y320,22,22,2019-01-04,2020-07-24,567,0,2,13.0,1.1619718309859155
6_2_X0650_Y0900_S050_x192_y384,23,23,2019-01-04,2020-07-24,567,0,2,13.0,1.2147887323943662
6_2_X0650_Y0900_S050_x192_y448,23,23,2019-01-04,2020-07-24,567,0,2,13.0,1.2147887323943662
6_2_X0650_Y0900_S050_x192_y512,23,23,2019-01-04,2020-07-24,567,0,2,13.0,1.2147887323943662
6_2_X0650_Y0900_S050_x192_y576,23,23,2019-01-04,2020-07-24,567,0,2,13.0,1.2147887323943662
6_2_X0650_Y0900_S050_x192_y640,23,23,2019-01-04,2020-07-24,567,0,2,13.0,1.2147887323943662
6_2_X0650_Y0900_S050_x192_y704,22,22,2019-01-04,2020-07-24,567,0,2,13.0,1.1619718309859155
6_2_X0650_Y0900_S050_x256_y128,20,20,2019-04-19,2020-07-24,462,0,2,13.0,1.2958963282937366
6_2_X0650_Y0900_S050_x256_y192,22,22,2019-01-04,2020-07-24,567,0,2,13.0,1.1619718309859155
6_2_X0650_Y0900_S050_x256_y256,22,22,2019-01-04,2020-07-24,567,0,2,13.0,1.1619718309859155
6_2_X0650_Y0900_S050_x256_y320,22,22,2019-01-04,2020-07-24,567,0,2,13.0,1.1619718309859155
6_2_X0650_Y0900_S050_x256_y384,23,23,2019-01-04,2020-07-24,567,0,2,13.0,1.2147887323943662
6_2_X0650_Y0900_S050_x256_y448,23,23,2019-01-04,2020-07-24,567,0,2,13.0,1.2147887323943662
6_2_X0650_Y0900_S050_x256_y512,23,23,2019-01-04,2020-07-24,567,0,2,13.0,1.2147887323943662
6_2_X0650_Y0900_S050_x256_y576,22,22,2019-01-04,2020-07-24,567,0,2,13.0,1.1619718309859155
6_2_X0650_Y0900_S050_x256_y640,22,22,2019-01-04,2020-07-24,567,0,2,13.0,1.1619718309859155
6_2_X0650_Y0900_S050_x256_y704,22,22,2019-01-04,2020-07-24,567,0,2,13.0,1.1619718309859155
6_2_X0650_Y0900_S050_x320_y128,21,21,2019-03-17,2020-07-24,495,0,2,14.0,1.2701612903225807
6_2_X0650_Y0900_S050_x320_y192,23,23,2019-01-04,2020-07-24,567,0,2,13.0,1.2147887323943662
6_2_X0650_Y0900_S050_x320_y256,21,21,2019-01-04,2020-07-24,567,0,2,14.0,1.1091549295774648
6_2_X0650_Y0900_S050_x320_y320,23,23,2019-01-04,2020-07-24,567,0,2,13.0,1.2147887323943662
6_2_X0650_Y0900_S050_x320_y384,23,23,2019-01-04,2020-07-24,567,0,2,13.0,1.2147887323943662
6_2_X0650_Y0900_S050_x320_y448,23,23,2019-01-04,2020-07-24,567,0,2,13.0,1.2147887323943662
6_2_X0650_Y0900_S050_x320_y512,23,23,2019-01-04,2020-07-24,567,0,2,13.0,1.2147887323943662
6_2_X0650_Y0900_S050_x320_y576,22,22,2019-01-04,2020-07-24,567,0,2,13.0,1.1619718309859155
6_2_X0650_Y0900_S050_x320_y64,1,1,2020-05-15,2020-05-15,0,0,,,30.0
6_2_X0650_Y0900_S050_x320_y640,22,22,2019-01-04,2020-07-24,567,0,2,13.0,1.1619718309859155
6_2_X0650_Y0900_S050_x320_y704,21,21,2019-04-19,2020-07-24,462,0,2,13.0,1.3606911447084233
6_2_X0650_Y0900_S050_x384_y128,22,22,2019-03-17,2020-07-24,495,0,2,13.0,1.3306451612903225
6_2_X0650_Y0900_S050_x384_y192,21,21,2019-01-04,2020-07-24,567,0,2,13.0,1.1091549295774648
6_2_X0650_Y0900_S050_x384_y256,22,22,2019-01-04,2020-07-24,567,0,2,13.0,1.1619718309859155
6_2_X0650_Y0900_S050_x384_y320,23,23,2019-01-04,2020-07-24,567,0,2,13.0,1.2147887323943662
6_2_X0650_Y0900_S050_x384_y384,23,23,2019-01-04,2020-07-24,567,0,2,13.0,1.2147887323943662
6_2_X0650_Y0900_S050_x384_y448,23,23,2019-01-04,2020-07-24,567,0,2,13.0,1.2147887323943662
6_2_X0650_Y0900_S050_x384_y512,22,22,2019-01-04,2020-07-24,567,0,2,13.0,1.1619718309859155
6_2_X0650_Y0900_S050_x384_y576,22,22,2019-01-04,2020-07-24,567,0,2,13.0,1.1619718309859155
6_2_X0650_Y0900_S050_x384_y64,22,22,2019-03-17,2020-07-24,495,0,2,13.0,1.3306451612903225
6_2_X0650_Y0900_S050_x384_y640,21,21,2019-04-19,2020-07-24,462,0,2,13.0,1.3606911447084233
6_2_X0650_Y0900_S050_x384_y704,21,21,2019-04-19,2020-07-24,462,0,2,13.0,1.3606911447084233
6_2_X0650_Y0900_S050_x448_y128,22,22,2019-03-17,2020-07-24,495,0,2,13.0,1.3306451612903225
6_2_X0650_Y0900_S050_x448_y192,22,22,2019-01-04,2020-07-24,567,0,2,13.0,1.1619718309859155
6_2_X0650_Y0900_S050_x448_y256,23,23,2019-01-04,2020-07-24,567,0,2,13.0,1.2147887323943662
6_2_X0650_Y0900_S050_x448_y320,23,23,2019-01-04,2020-07-24,567,0,2,13.0,1.2147887323943662
6_2_X0650_Y0900_S050_x448_y384,22,22,2019-01-04,2020-07-24,567,0,2,13.0,1.1619718309859155
6_2_X0650_Y0900_S050_x448_y448,22,22,2019-01-04,2020-07-24,567,0,2,13.0,1.1619718309859155
6_2_X0650_Y0900_S050_x448_y512,22,22,2019-01-04,2020-07-24,567,0,2,13.0,1.1619718309859155
6_2_X0650_Y0900_S050_x448_y576,21,21,2019-04-19,2020-07-24,462,0,2,13.0,1.3606911447084233
6_2_X0650_Y0900_S050_x448_y64,22,22,2019-03-17,2020-07-24,495,0,2,13.0,1.3306451612903225
6_2_X0650_Y0900_S050_x448_y640,21,21,2019-04-19,2020-07-24,462,0,2,13.0,1.3606911447084233
6_2_X0650_Y0900_S050_x448_y704,21,21,2019-04-19,2020-07-24,462,0,2,13.0,1.3606911447084233
6_2_X0650_Y0900_S050_x512_y128,21,21,2019-04-19,2020-07-24,462,0,2,13.0,1.3606911447084233
6_2_X0650_Y0900_S050_x512_y192,22,22,2019-01-04,2020-07-24,567,0,2,13.0,1.1619718309859155
6_2_X0650_Y0900_S050_x512_y256,22,22,2019-01-04,2020-07-24,567,0,2,15.0,1.1619718309859155
6_2_X0650_Y0900_S050_x512_y320,22,22,2019-01-04,2020-07-24,567,0,2,13.0,1.1619718309859155
6_2_X0650_Y0900_S050_x512_y384,22,22,2019-01-04,2020-07-24,567,0,2,13.0,1.1619718309859155
6_2_X0650_Y0900_S050_x512_y448,22,22,2019-01-04,2020-07-24,567,0,2,13.0,1.1619718309859155
6_2_X0650_Y0900_S050_x512_y512,21,21,2019-04-19,2020-07-24,462,0,2,13.0,1.3606911447084233
6_2_X0650_Y0900_S050_x512_y576,22,22,2019-03-17,2020-07-24,495,0,2,13.0,1.3306451612903225
6_2_X0650_Y0900_S050_x512_y64,22,22,2019-03-17,2020-07-24,495,0,2,13.0,1.3306451612903225
6_2_X0650_Y0900_S050_x512_y640,21,21,2019-04-19,2020-07-24,462,0,2,13.0,1.3606911447084233
6_2_X0650_Y0900_S050_x512_y704,22,22,2019-03-17,2020-07-24,495,0,2,13.0,1.3306451612903225
6_2_X0650_Y0900_S050_x576_y0,20,20,2019-03-25,2020-07-24,487,0,2,13.0,1.2295081967213115
6_2_X0650_Y0900_S050_x576_y128,23,23,2019-01-04,2020-07-24,567,0,2,13.0,1.2147887323943662
6_2_X0650_Y0900_S050_x576_y192,23,23,2019-01-04,2020-07-24,567,0,2,13.0,1.2147887323943662
6_2_X0650_Y0900_S050_x576_y256,23,23,2019-01-04,2020-07-24,567,0,2,13.0,1.2147887323943662
6_2_X0650_Y0900_S050_x576_y320,23,23,2019-01-04,2020-07-24,567,0,2,13.0,1.2147887323943662
6_2_X0650_Y0900_S050_x576_y384,23,23,2019-01-04,2020-07-24,567,0,2,13.0,1.2147887323943662
6_2_X0650_Y0900_S050_x576_y448,23,23,2019-01-04,2020-07-24,567,0,2,13.0,1.2147887323943662
6_2_X0650_Y0900_S050_x576_y512,22,22,2019-03-17,2020-07-24,495,0,2,13.0,1.3306451612903225
6_2_X0650_Y0900_S050_x576_y576,22,22,2019-03-17,2020-07-24,495,0,2,13.0,1.3306451612903225
6_2_X0650_Y0900_S050_x576_y64,24,24,2019-03-17,2020-07-24,495,0,2,13.0,1.4516129032258065
6_2_X0650_Y0900_S050_x576_y640,22,22,2019-03-17,2020-07-24,495,0,2,13.0,1.3306451612903225
6_2_X0650_Y0900_S050_x576_y704,24,24,2019-02-08,2020-07-24,532,0,2,13.0,1.3508442776735459
6_2_X0650_Y0900_S050_x64_y192,21,21,2019-03-17,2020-07-24,495,0,2,14.0,1.2701612903225807
6_2_X0650_Y0900_S050_x64_y256,23,23,2019-01-04,2020-07-24,567,0,2,13.0,1.2147887323943662
6_2_X0650_Y0900_S050_x64_y320,23,23,2019-01-04,2020-07-24,567,0,2,13.0,1.2147887323943662
6_2_X0650_Y0900_S050_x64_y384,23,23,2019-01-04,2020-07-24,567,0,2,13.0,1.2147887323943662
6_2_X0650_Y0900_S050_x64_y448,23,23,2019-01-04,2020-07-24,567,0,2,13.0,1.2147887323943662
6_2_X0650_Y0900_S050_x64_y512,23,23,2019-01-04,2020-07-24,567,0,2,13.0,1.2147887323943662
6_2_X0650_Y0900_S050_x64_y576,23,23,2019-01-04,2020-07-24,567,0,2,13.0,1.2147887323943662
6_2_X0650_Y0900_S050_x64_y640,23,23,2019-01-04,2020-07-24,567,0,2,13.0,1.2147887323943662
6_2_X0650_Y0900_S050_x64_y704,23,23,2019-01-04,2020-07-24,567,0,2,13.0,1.2147887323943662
6_2_X0650_Y0950_S050_x0_y128,24,24,2019-04-19,2020-11-09,570,0,2,13.0,1.2609457092819614
6_2_X0650_Y0950_S050_x0_y192,25,25,2019-03-17,2020-11-09,603,0,2,14.0,1.2417218543046358
6_2_X0650_Y0950_S050_x0_y256,26,26,2019-01-04,2020-11-09,675,0,2,15.0,1.1538461538461537
6_2_X0650_Y0950_S050_x0_y320,26,26,2019-01-04,2020-11-09,675,0,2,15.0,1.1538461538461537
6_2_X0650_Y0950_S050_x0_y384,26,26,2019-01-04,2020-11-09,675,0,2,15.0,1.1538461538461537
6_2_X0650_Y0950_S050_x0_y448,26,26,2019-01-04,2020-11-09,675,0,2,15.0,1.1538461538461537
6_2_X0650_Y0950_S050_x0_y512,25,25,2019-03-17,2020-11-09,603,0,2,14.0,1.2417218543046358
6_2_X0650_Y0950_S050_x0_y576,25,25,2019-03-17,2020-11-09,603,0,2,14.0,1.2417218543046358
6_2_X0650_Y0950_S050_x0_y640,25,25,2019-03-17,2020-11-09,603,0,2,14.0,1.2417218543046358
6_2_X0650_Y0950_S050_x0_y704,25,25,2019-03-17,2020-11-09,603,0,2,14.0,1.2417218543046358
6_2_X0650_Y0950_S050_x128_y0,21,21,2019-05-04,2020-11-09,555,0,2,11.5,1.1330935251798562
6_2_X0650_Y0950_S050_x128_y128,24,24,2019-04-19,2020-11-09,570,0,2,13.0,1.2609457092819614
6_2_X0650_Y0950_S050_x128_y192,26,26,2019-03-17,2020-11-09,603,0,2,13.0,1.2913907284768211
6_2_X0650_Y0950_S050_x128_y256,26,26,2019-01-04,2020-11-09,675,0,2,15.0,1.1538461538461537
6_2_X0650_Y0950_S050_x128_y320,27,27,2019-01-04,2020-11-09,675,0,2,14.0,1.198224852071006
6_2_X0650_Y0950_S050_x128_y384,26,26,2019-03-17,2020-11-09,603,0,2,13.0,1.2913907284768211
6_2_X0650_Y0950_S050_x128_y448,26,26,2019-03-17,2020-11-09,603,0,2,13.0,1.2913907284768211
6_2_X0650_Y0950_S050_x128_y512,26,26,2019-03-17,2020-11-09,603,0,2,13.0,1.2913907284768211
6_2_X0650_Y0950_S050_x128_y576,25,25,2019-03-17,2020-11-09,603,0,2,14.0,1.2417218543046358
6_2_X0650_Y0950_S050_x128_y64,24,24,2019-03-25,2020-11-09,595,0,2,13.0,1.2080536912751678
6_2_X0650_Y0950_S050_x128_y640,23,23,2019-04-19,2020-11-04,565,0,2,14.0,1.2190812720848057
6_2_X0650_Y0950_S050_x192_y0,25,25,2019-03-17,2020-11-09,603,0,2,11.5,1.2417218543046358
6_2_X0650_Y0950_S050_x192_y128,25,25,2019-03-25,2020-11-09,595,0,2,14.0,1.2583892617449663
6_2_X0650_Y0950_S050_x192_y192,26,26,2019-03-17,2020-11-09,603,0,2,13.0,1.2913907284768211
6_2_X0650_Y0950_S050_x192_y256,26,26,2019-03-17,2020-11-09,603,0,2,13.0,1.2913907284768211
6_2_X0650_Y0950_S050_x192_y320,26,26,2019-03-17,2020-11-09,603,0,2,13.0,1.2913907284768211
6_2_X0650_Y0950_S050_x192_y384,26,26,2019-03-17,2020-11-09,603,0,2,13.0,1.2913907284768211
6_2_X0650_Y0950_S050_x192_y448,25,25,2019-03-25,2020-11-09,595,0,2,14.0,1.2583892617449663
6_2_X0650_Y0950_S050_x192_y512,25,25,2019-03-25,2020-11-09,595,0,2,14.0,1.2583892617449663
6_2_X0650_Y0950_S050_x192_y576,24,24,2019-03-25,2020-11-09,595,0,2,13.0,1.2080536912751678
6_2_X0650_Y0950_S050_x192_y64,24,24,2019-03-25,2020-11-09,595,0,2,13.0,1.2080536912751678
6_2_X0650_Y0950_S050_x256_y0,25,25,2019-03-17,2020-11-09,603,0,2,11.5,1.2417218543046358
6_2_X0650_Y0950_S050_x256_y128,27,27,2019-01-04,2020-11-09,675,0,2,14.0,1.198224852071006
6_2_X0650_Y0950_S050_x256_y192,26,26,2019-03-17,2020-11-09,603,0,2,13.0,1.2913907284768211
6_2_X0650_Y0950_S050_x256_y256,25,25,2019-03-25,2020-11-09,595,0,2,14.0,1.2583892617449663
6_2_X0650_Y0950_S050_x256_y320,26,26,2019-03-17,2020-11-09,603,0,2,13.0,1.2913907284768211
6_2_X0650_Y0950_S050_x256_y384,25,25,2019-03-25,2020-11-09,595,0,2,14.0,1.2583892617449663
6_2_X0650_Y0950_S050_x256_y448,26,26,2019-03-17,2020-11-09,603,0,2,13.0,1.2913907284768211
6_2_X0650_Y0950_S050_x256_y512,26,26,2019-03-17,2020-11-09,603,0,2,13.0,1.2913907284768211
6_2_X0650_Y0950_S050_x256_y576,24,24,2019-03-25,2020-11-09,595,0,2,13.0,1.2080536912751678
6_2_X0650_Y0950_S050_x256_y64,26,26,2019-03-17,2020-11-09,603,0,2,13.0,1.2913907284768211
6_2_X0650_Y0950_S050_x320_y128,27,27,2019-01-04,2020-11-09,675,0,2,14.0,1.198224852071006
6_2_X0650_Y0950_S050_x320_y192,26,26,2019-03-17,2020-11-09,603,0,2,13.0,1.2913907284768211
6_2_X0650_Y0950_S050_x320_y256,26,26,2019-03-17,2020-11-09,603,0,2,13.0,1.2913907284768211
6_2_X0650_Y0950_S050_x320_y320,26,26,2019-03-17,2020-11-09,603,0,2,13.0,1.2913907284768211
6_2_X0650_Y0950_S050_x320_y384,25,25,2019-03-25,2020-11-09,595,0,2,14.0,1.2583892617449663
6_2_X0650_Y0950_S050_x320_y448,26,26,2019-03-17,2020-11-09,603,0,2,13.0,1.2913907284768211
6_2_X0650_Y0950_S050_x320_y512,26,26,2019-03-17,2020-11-09,603,0,2,13.0,1.2913907284768211
6_2_X0650_Y0950_S050_x320_y64,25,25,2019-03-25,2020-11-09,595,0,2,14.0,1.2583892617449663
6_2_X0650_Y0950_S050_x384_y128,13,13,2019-03-17,2020-11-09,603,0,5,25.0,0.6456953642384106
6_2_X0650_Y0950_S050_x384_y256,25,25,2019-03-25,2020-11-09,595,0,2,14.0,1.2583892617449663
6_2_X0650_Y0950_S050_x384_y320,25,25,2019-03-25,2020-11-09,595,0,2,14.0,1.2583892617449663
6_2_X0650_Y0950_S050_x384_y384,25,25,2019-03-25,2020-11-09,595,0,2,14.0,1.2583892617449663
6_2_X0650_Y0950_S050_x384_y448,23,23,2019-03-25,2020-11-04,590,0,2,14.0,1.16751269035533
6_2_X0650_Y0950_S050_x448_y64,1,1,2020-05-20,2020-05-20,0,0,,,30.0
6_2_X0650_Y0950_S050_x512_y64,19,19,2019-03-17,2020-11-09,603,0,2,16.0,0.9437086092715232
6_2_X0650_Y0950_S050_x576_y0,25,25,2019-03-17,2020-11-09,603,0,2,15.0,1.2417218543046358
6_2_X0650_Y0950_S050_x576_y704,5,5,2019-02-08,2020-01-16,342,0,3,19.5,0.43731778425655976
6_2_X0650_Y0950_S050_x64_y128,23,23,2019-04-19,2020-11-09,570,0,2,11.5,1.2084063047285465
6_2_X0650_Y0950_S050_x64_y192,24,24,2019-04-19,2020-11-09,570,0,2,13.0,1.2609457092819614
6_2_X0650_Y0950_S050_x64_y256,26,26,2019-01-04,2020-11-09,675,0,2,15.0,1.1538461538461537
6_2_X0650_Y0950_S050_x64_y320,26,26,2019-01-04,2020-11-09,675,0,2,15.0,1.1538461538461537
6_2_X0650_Y0950_S050_x64_y384,26,26,2019-01-04,2020-11-09,675,0,2,15.0,1.1538461538461537
6_2_X0650_Y0950_S050_x64_y448,25,25,2019-03-17,2020-11-09,603,0,2,14.0,1.2417218543046358
6_2_X0650_Y0950_S050_x64_y512,25,25,2019-03-17,2020-11-09,603,0,2,14.0,1.2417218543046358
6_2_X0650_Y0950_S050_x64_y576,25,25,2019-03-17,2020-11-09,603,0,2,14.0,1.2417218543046358
6_2_X0650_Y0950_S050_x64_y64,22,22,2019-04-19,2020-11-09,570,0,2,15.0,1.1558669001751314
6_2_X0650_Y0950_S050_x64_y640,25,25,2019-03-17,2020-11-09,603,0,2,14.0,1.2417218543046358
6_2_X0650_Y0950_S050_x64_y704,24,24,2019-04-19,2020-11-09,570,0,2,13.0,1.2609457092819614
6_2_X1800_Y1050_S050_x0_y384,4,4,2019-04-15,2020-10-11,545,0,20,95.0,0.21978021978021978
6_2_X1800_Y1050_S050_x0_y448,4,4,2019-04-15,2020-10-11,545,0,20,95.0,0.21978021978021978
6_2_X1800_Y1050_S050_x0_y512,4,4,2019-04-15,2020-10-11,545,0,20,95.0,0.21978021978021978
6_2_X1800_Y1050_S050_x0_y576,4,4,2019-04-15,2020-10-11,545,0,20,95.0,0.21978021978021978
6_2_X1800_Y1050_S050_x0_y640,4,4,2019-04-15,2020-10-11,545,0,20,95.0,0.21978021978021978
6_2_X1800_Y1050_S050_x128_y0,4,4,2019-04-15,2020-10-11,545,0,20,95.0,0.21978021978021978
6_2_X1800_Y1050_S050_x128_y128,4,4,2019-04-15,2020-10-11,545,0,20,95.0,0.21978021978021978
6_2_X1800_Y1050_S050_x128_y192,4,4,2019-04-15,2020-10-11,545,0,20,95.0,0.21978021978021978
6_2_X1800_Y1050_S050_x128_y256,4,4,2019-04-15,2020-10-11,545,0,20,95.0,0.21978021978021978
6_2_X1800_Y1050_S050_x128_y320,4,4,2019-04-15,2020-10-11,545,0,20,95.0,0.21978021978021978
6_2_X1800_Y1050_S050_x128_y384,4,4,2019-04-15,2020-10-11,545,0,20,95.0,0.21978021978021978
6_2_X1800_Y1050_S050_x128_y448,4,4,2019-04-15,2020-10-11,545,0,20,95.0,0.21978021978021978
6_2_X1800_Y1050_S050_x128_y512,4,4,2019-04-15,2020-10-11,545,0,20,95.0,0.21978021978021978
6_2_X1800_Y1050_S050_x128_y576,4,4,2019-04-15,2020-10-11,545,0,20,95.0,0.21978021978021978
6_2_X1800_Y1050_S050_x128_y64,4,4,2019-04-15,2020-10-11,545,0,20,95.0,0.21978021978021978
6_2_X1800_Y1050_S050_x128_y640,4,4,2019-04-15,2020-10-11,545,0,20,95.0,0.21978021978021978
6_2_X1800_Y1050_S050_x192_y0,4,4,2019-04-15,2020-10-11,545,0,20,95.0,0.21978021978021978
6_2_X1800_Y1050_S050_x192_y128,4,4,2019-04-15,2020-10-11,545,0,20,95.0,0.21978021978021978
6_2_X1800_Y1050_S050_x192_y192,4,4,2019-04-15,2020-10-11,545,0,20,95.0,0.21978021978021978
6_2_X1800_Y1050_S050_x192_y256,4,4,2019-04-15,2020-10-11,545,0,20,95.0,0.21978021978021978
6_2_X1800_Y1050_S050_x192_y320,4,4,2019-04-15,2020-10-11,545,0,20,95.0,0.21978021978021978
6_2_X1800_Y1050_S050_x192_y384,4,4,2019-04-15,2020-10-11,545,0,20,95.0,0.21978021978021978
6_2_X1800_Y1050_S050_x192_y448,4,4,2019-04-15,2020-10-11,545,0,20,95.0,0.21978021978021978
6_2_X1800_Y1050_S050_x192_y512,4,4,2019-04-15,2020-10-11,545,0,20,95.0,0.21978021978021978
6_2_X1800_Y1050_S050_x192_y576,4,4,2019-04-15,2020-10-11,545,0,20,95.0,0.21978021978021978
6_2_X1800_Y1050_S050_x192_y64,4,4,2019-04-15,2020-10-11,545,0,20,95.0,0.21978021978021978
6_2_X1800_Y1050_S050_x192_y640,4,4,2019-04-15,2020-10-11,545,0,20,95.0,0.21978021978021978
6_2_X1800_Y1050_S050_x256_y0,4,4,2019-04-15,2020-10-11,545,0,20,95.0,0.21978021978021978
6_2_X1800_Y1050_S050_x256_y128,4,4,2019-04-15,2020-10-11,545,0,20,95.0,0.21978021978021978
6_2_X1800_Y1050_S050_x256_y192,4,4,2019-04-15,2020-10-11,545,0,20,95.0,0.21978021978021978
6_2_X1800_Y1050_S050_x256_y256,4,4,2019-04-15,2020-10-11,545,0,20,95.0,0.21978021978021978
6_2_X1800_Y1050_S050_x256_y320,4,4,2019-04-15,2020-10-11,545,0,20,95.0,0.21978021978021978
6_2_X1800_Y1050_S050_x256_y384,4,4,2019-04-15,2020-10-11,545,0,20,95.0,0.21978021978021978
6_2_X1800_Y1050_S050_x256_y448,4,4,2019-04-15,2020-10-11,545,0,20,95.0,0.21978021978021978
6_2_X1800_Y1050_S050_x256_y512,4,4,2019-04-15,2020-10-11,545,0,20,95.0,0.21978021978021978
6_2_X1800_Y1050_S050_x256_y576,4,4,2019-04-15,2020-10-11,545,0,20,95.0,0.21978021978021978
6_2_X1800_Y1050_S050_x256_y64,4,4,2019-04-15,2020-10-11,545,0,20,95.0,0.21978021978021978
6_2_X1800_Y1050_S050_x256_y640,4,4,2019-04-15,2020-10-11,545,0,20,95.0,0.21978021978021978
6_2_X1800_Y1050_S050_x320_y0,4,4,2019-04-15,2020-10-11,545,0,20,95.0,0.21978021978021978
6_2_X1800_Y1050_S050_x320_y128,4,4,2019-04-15,2020-10-11,545,0,20,95.0,0.21978021978021978
6_2_X1800_Y1050_S050_x320_y192,4,4,2019-04-15,2020-10-11,545,0,20,95.0,0.21978021978021978
6_2_X1800_Y1050_S050_x320_y256,4,4,2019-04-15,2020-10-11,545,0,20,95.0,0.21978021978021978
6_2_X1800_Y1050_S050_x320_y320,4,4,2019-04-15,2020-10-11,545,0,20,95.0,0.21978021978021978
6_2_X1800_Y1050_S050_x320_y384,4,4,2019-04-15,2020-10-11,545,0,20,95.0,0.21978021978021978
6_2_X1800_Y1050_S050_x320_y448,4,4,2019-04-15,2020-10-11,545,0,20,95.0,0.21978021978021978
6_2_X1800_Y1050_S050_x320_y512,4,4,2019-04-15,2020-10-11,545,0,20,95.0,0.21978021978021978
6_2_X1800_Y1050_S050_x320_y576,4,4,2019-04-15,2020-10-11,545,0,20,95.0,0.21978021978021978
6_2_X1800_Y1050_S050_x320_y64,4,4,2019-04-15,2020-10-11,545,0,20,95.0,0.21978021978021978
6_2_X1800_Y1050_S050_x320_y640,4,4,2019-04-15,2020-10-11,545,0,20,95.0,0.21978021978021978
6_2_X1800_Y1050_S050_x384_y0,4,4,2019-04-15,2020-10-11,545,0,20,95.0,0.21978021978021978
6_2_X1800_Y1050_S050_x384_y128,4,4,2019-04-15,2020-10-11,545,0,20,95.0,0.21978021978021978
6_2_X1800_Y1050_S050_x384_y192,4,4,2019-04-15,2020-10-11,545,0,20,95.0,0.21978021978021978
6_2_X1800_Y1050_S050_x384_y256,4,4,2019-04-15,2020-10-11,545,0,20,95.0,0.21978021978021978
6_2_X1800_Y1050_S050_x384_y320,4,4,2019-04-15,2020-10-11,545,0,20,95.0,0.21978021978021978
6_2_X1800_Y1050_S050_x384_y384,4,4,2019-04-15,2020-10-11,545,0,20,95.0,0.21978021978021978
6_2_X1800_Y1050_S050_x384_y448,4,4,2019-04-15,2020-10-11,545,0,20,95.0,0.21978021978021978
6_2_X1800_Y1050_S050_x384_y512,4,4,2019-04-15,2020-10-11,545,0,20,95.0,0.21978021978021978
6_2_X1800_Y1050_S050_x384_y576,4,4,2019-04-15,2020-10-11,545,0,20,95.0,0.21978021978021978
6_2_X1800_Y1050_S050_x384_y64,4,4,2019-04-15,2020-10-11,545,0,20,95.0,0.21978021978021978
6_2_X1800_Y1050_S050_x384_y640,4,4,2019-04-15,2020-10-11,545,0,20,95.0,0.21978021978021978
6_2_X1800_Y1050_S050_x448_y0,4,4,2019-04-15,2020-10-11,545,0,20,95.0,0.21978021978021978
6_2_X1800_Y1050_S050_x448_y128,4,4,2019-04-15,2020-10-11,545,0,20,95.0,0.21978021978021978
6_2_X1800_Y1050_S050_x448_y192,4,4,2019-04-15,2020-10-11,545,0,20,95.0,0.21978021978021978
6_2_X1800_Y1050_S050_x448_y256,4,4,2019-04-15,2020-10-11,545,0,20,95.0,0.21978021978021978
6_2_X1800_Y1050_S050_x448_y320,4,4,2019-04-15,2020-10-11,545,0,20,95.0,0.21978021978021978
6_2_X1800_Y1050_S050_x448_y384,5,5,2019-04-15,2020-10-11,545,0,20,132.5,0.27472527472527475
6_2_X1800_Y1050_S050_x448_y448,5,5,2019-04-15,2020-10-11,545,0,20,132.5,0.27472527472527475
6_2_X1800_Y1050_S050_x448_y512,5,5,2019-04-15,2020-10-11,545,0,20,132.5,0.27472527472527475
6_2_X1800_Y1050_S050_x448_y576,4,4,2019-04-15,2020-10-11,545,0,20,260.0,0.21978021978021978
6_2_X1800_Y1050_S050_x448_y64,4,4,2019-04-15,2020-10-11,545,0,20,95.0,0.21978021978021978
6_2_X1800_Y1050_S050_x448_y640,5,5,2019-04-15,2020-10-11,545,0,20,132.5,0.27472527472527475
6_2_X1800_Y1050_S050_x512_y0,5,5,2019-04-15,2020-10-11,545,0,20,132.5,0.27472527472527475
6_2_X1800_Y1050_S050_x512_y128,5,5,2019-04-15,2020-10-11,545,0,20,132.5,0.27472527472527475
6_2_X1800_Y1050_S050_x512_y192,5,5,2019-04-15,2020-10-11,545,0,20,132.5,0.27472527472527475
6_2_X1800_Y1050_S050_x512_y256,5,5,2019-04-15,2020-10-11,545,0,20,132.5,0.27472527472527475
6_2_X1800_Y1050_S050_x512_y320,5,5,2019-04-15,2020-10-11,545,0,20,132.5,0.27472527472527475
6_2_X1800_Y1050_S050_x512_y384,5,5,2019-04-15,2020-10-11,545,0,20,132.5,0.27472527472527475
6_2_X1800_Y1050_S050_x512_y448,5,5,2019-04-15,2020-10-11,545,0,20,132.5,0.27472527472527475
6_2_X1800_Y1050_S050_x512_y512,3,3,2019-04-15,2020-10-11,545,0,20,272.5,0.16483516483516483
6_2_X1800_Y1050_S050_x512_y576,3,3,2019-04-15,2020-10-11,545,0,20,272.5,0.16483516483516483
6_2_X1800_Y1050_S050_x512_y64,5,5,2019-04-15,2020-10-11,545,0,20,132.5,0.27472527472527475
6_2_X1800_Y1050_S050_x512_y640,4,4,2019-04-15,2020-10-11,545,0,20,260.0,0.21978021978021978
6_2_X1800_Y1050_S050_x576_y0,5,5,2019-04-15,2020-10-11,545,0,20,132.5,0.27472527472527475
6_2_X1800_Y1050_S050_x576_y128,5,5,2019-04-15,2020-10-11,545,0,20,132.5,0.27472527472527475
6_2_X1800_Y1050_S050_x576_y192,5,5,2019-04-15,2020-10-11,545,0,20,132.5,0.27472527472527475
6_2_X1800_Y1050_S050_x576_y256,5,5,2019-04-15,2020-10-11,545,0,20,132.5,0.27472527472527475
6_2_X1800_Y1050_S050_x576_y320,5,5,2019-04-15,2020-10-11,545,0,20,132.5,0.27472527472527475
6_2_X1800_Y1050_S050_x576_y384,4,4,2019-04-15,2020-10-11,545,0,20,95.0,0.21978021978021978
6_2_X1800_Y1050_S050_x576_y448,4,4,2019-04-15,2020-10-11,545,0,20,95.0,0.21978021978021978
6_2_X1800_Y1050_S050_x576_y512,4,4,2019-04-15,2020-10-11,545,0,20,95.0,0.21978021978021978
6_2_X1800_Y1050_S050_x576_y576,3,3,2019-04-15,2020-10-11,545,0,20,272.5,0.16483516483516483
6_2_X1800_Y1050_S050_x576_y64,5,5,2019-04-15,2020-10-11,545,0,20,132.5,0.27472527472527475
6_2_X1800_Y1050_S050_x576_y640,3,3,2019-04-15,2020-10-11,545,0,20,272.5,0.16483516483516483
6_2_X1800_Y1050_S050_x64_y128,4,4,2019-04-15,2020-10-11,545,0,20,95.0,0.21978021978021978
6_2_X1800_Y1050_S050_x64_y192,2,2,2019-04-15,2019-05-05,20,0,20,20.0,2.857142857142857
6_2_X1800_Y1050_S050_x64_y256,3,3,2019-04-15,2020-07-08,450,0,20,225.0,0.19955654101995565
6_2_X1800_Y1050_S050_x64_y384,4,4,2019-04-15,2020-10-11,545,0,20,95.0,0.21978021978021978
6_2_X1800_Y1050_S050_x64_y448,4,4,2019-04-15,2020-10-11,545,0,20,95.0,0.21978021978021978
6_2_X1800_Y1050_S050_x64_y512,4,4,2019-04-15,2020-10-11,545,0,20,95.0,0.21978021978021978
6_2_X1800_Y1050_S050_x64_y576,4,4,2019-04-15,2020-10-11,545,0,20,95.0,0.21978021978021978
6_2_X1800_Y1050_S050_x64_y640,4,4,2019-04-15,2020-10-11,545,0,20,95.0,0.21978021978021978
6_2_X1800_Y1150_S050_x0_y0,3,3,2019-04-15,2020-10-11,545,0,20,272.5,0.16483516483516483
6_2_X1800_Y1150_S050_x0_y128,3,3,2019-04-15,2020-10-11,545,0,20,272.5,0.16483516483516483
6_2_X1800_Y1150_S050_x0_y192,3,3,2019-04-15,2020-10-11,545,0,20,272.5,0.16483516483516483
6_2_X1800_Y1150_S050_x0_y256,3,3,2019-04-15,2020-10-11,545,0,20,272.5,0.16483516483516483
6_2_X1800_Y1150_S050_x0_y320,3,3,2019-04-15,2020-10-11,545,0,20,272.5,0.16483516483516483
6_2_X1800_Y1150_S050_x0_y384,3,3,2019-04-15,2020-10-11,545,0,20,272.5,0.16483516483516483
6_2_X1800_Y1150_S050_x0_y448,3,3,2019-04-15,2020-10-11,545,0,20,272.5,0.16483516483516483
6_2_X1800_Y1150_S050_x0_y512,3,3,2019-04-15,2020-10-11,545,0,20,272.5,0.16483516483516483
6_2_X1800_Y1150_S050_x0_y576,3,3,2019-04-15,2020-10-11,545,0,20,272.5,0.16483516483516483
6_2_X1800_Y1150_S050_x0_y64,3,3,2019-04-15,2020-10-11,545,0,20,272.5,0.16483516483516483
6_2_X1800_Y1150_S050_x0_y640,3,3,2019-04-15,2020-10-11,545,0,20,272.5,0.16483516483516483
6_2_X1800_Y1150_S050_x128_y0,3,3,2019-04-15,2020-10-11,545,0,20,272.5,0.16483516483516483
6_2_X1800_Y1150_S050_x128_y128,3,3,2019-04-15,2020-10-11,545,0,20,272.5,0.16483516483516483
6_2_X1800_Y1150_S050_x128_y192,3,3,2019-04-15,2020-10-11,545,0,20,272.5,0.16483516483516483
6_2_X1800_Y1150_S050_x128_y256,3,3,2019-04-15,2020-10-11,545,0,20,272.5,0.16483516483516483
6_2_X1800_Y1150_S050_x128_y320,3,3,2019-04-15,2020-10-11,545,0,20,272.5,0.16483516483516483
6_2_X1800_Y1150_S050_x128_y384,3,3,2019-04-15,2020-10-11,545,0,20,272.5,0.16483516483516483
6_2_X1800_Y1150_S050_x128_y448,3,3,2019-04-15,2020-10-11,545,0,20,272.5,0.16483516483516483
6_2_X1800_Y1150_S050_x128_y512,3,3,2019-04-15,2020-10-11,545,0,20,272.5,0.16483516483516483
6_2_X1800_Y1150_S050_x128_y576,3,3,2019-04-15,2020-10-11,545,0,20,272.5,0.16483516483516483
6_2_X1800_Y1150_S050_x128_y64,3,3,2019-04-15,2020-10-11,545,0,20,272.5,0.16483516483516483
6_2_X1800_Y1150_S050_x128_y640,3,3,2019-04-15,2020-10-11,545,0,20,272.5,0.16483516483516483
6_2_X1800_Y1150_S050_x192_y0,3,3,2019-04-15,2020-10-11,545,0,20,272.5,0.16483516483516483
6_2_X1800_Y1150_S050_x192_y128,3,3,2019-04-15,2020-10-11,545,0,20,272.5,0.16483516483516483
6_2_X1800_Y1150_S050_x192_y192,3,3,2019-04-15,2020-10-11,545,0,20,272.5,0.16483516483516483
6_2_X1800_Y1150_S050_x192_y256,3,3,2019-04-15,2020-10-11,545,0,20,272.5,0.16483516483516483
6_2_X1800_Y1150_S050_x192_y320,3,3,2019-04-15,2020-10-11,545,0,20,272.5,0.16483516483516483
6_2_X1800_Y1150_S050_x192_y384,3,3,2019-04-15,2020-10-11,545,0,20,272.5,0.16483516483516483
6_2_X1800_Y1150_S050_x192_y448,3,3,2019-04-15,2020-10-11,545,0,20,272.5,0.16483516483516483
6_2_X1800_Y1150_S050_x192_y512,3,3,2019-04-15,2020-10-11,545,0,20,272.5,0.16483516483516483
6_2_X1800_Y1150_S050_x192_y576,3,3,2019-04-15,2020-10-11,545,0,20,272.5,0.16483516483516483
6_2_X1800_Y1150_S050_x192_y64,3,3,2019-04-15,2020-10-11,545,0,20,272.5,0.16483516483516483
6_2_X1800_Y1150_S050_x192_y640,3,3,2019-04-15,2020-10-11,545,0,20,272.5,0.16483516483516483
6_2_X1800_Y1150_S050_x256_y0,3,3,2019-04-15,2020-10-11,545,0,20,272.5,0.16483516483516483
6_2_X1800_Y1150_S050_x256_y128,3,3,2019-04-15,2020-10-11,545,0,20,272.5,0.16483516483516483
6_2_X1800_Y1150_S050_x256_y192,3,3,2019-04-15,2020-10-11,545,0,20,272.5,0.16483516483516483
6_2_X1800_Y1150_S050_x256_y256,3,3,2019-04-15,2020-10-11,545,0,20,272.5,0.16483516483516483
6_2_X1800_Y1150_S050_x256_y320,3,3,2019-04-15,2020-10-11,545,0,20,272.5,0.16483516483516483
6_2_X1800_Y1150_S050_x256_y384,3,3,2019-04-15,2020-10-11,545,0,20,272.5,0.16483516483516483
6_2_X1800_Y1150_S050_x256_y448,3,3,2019-04-15,2020-10-11,545,0,20,272.5,0.16483516483516483
6_2_X1800_Y1150_S050_x256_y512,3,3,2019-04-15,2020-10-11,545,0,20,272.5,0.16483516483516483
6_2_X1800_Y1150_S050_x256_y576,3,3,2019-04-15,2020-10-11,545,0,20,272.5,0.16483516483516483
6_2_X1800_Y1150_S050_x256_y64,3,3,2019-04-15,2020-10-11,545,0,20,272.5,0.16483516483516483
6_2_X1800_Y1150_S050_x256_y640,3,3,2019-04-15,2020-10-11,545,0,20,272.5,0.16483516483516483
6_2_X1800_Y1150_S050_x320_y0,3,3,2019-04-15,2020-10-11,545,0,20,272.5,0.16483516483516483
6_2_X1800_Y1150_S050_x320_y128,3,3,2019-04-15,2020-10-11,545,0,20,272.5,0.16483516483516483
6_2_X1800_Y1150_S050_x320_y192,3,3,2019-04-15,2020-10-11,545,0,20,272.5,0.16483516483516483
6_2_X1800_Y1150_S050_x320_y256,3,3,2019-04-15,2020-10-11,545,0,20,272.5,0.16483516483516483
6_2_X1800_Y1150_S050_x320_y320,3,3,2019-04-15,2020-10-11,545,0,20,272.5,0.16483516483516483
6_2_X1800_Y1150_S050_x320_y384,3,3,2019-04-15,2020-10-11,545,0,20,272.5,0.16483516483516483
6_2_X1800_Y1150_S050_x320_y448,3,3,2019-04-15,2020-10-11,545,0,20,272.5,0.16483516483516483
6_2_X1800_Y1150_S050_x320_y512,3,3,2019-04-15,2020-10-11,545,0,20,272.5,0.16483516483516483
6_2_X1800_Y1150_S050_x320_y576,3,3,2019-04-15,2020-10-11,545,0,20,272.5,0.16483516483516483
6_2_X1800_Y1150_S050_x320_y64,3,3,2019-04-15,2020-10-11,545,0,20,272.5,0.16483516483516483
6_2_X1800_Y1150_S050_x320_y640,3,3,2019-04-15,2020-10-11,545,0,20,272.5,0.16483516483516483
6_2_X1800_Y1150_S050_x384_y0,3,3,2019-04-15,2020-10-11,545,0,20,272.5,0.16483516483516483
6_2_X1800_Y1150_S050_x384_y128,3,3,2019-04-15,2020-10-11,545,0,20,272.5,0.16483516483516483
6_2_X1800_Y1150_S050_x384_y192,3,3,2019-04-15,2020-10-11,545,0,20,272.5,0.16483516483516483
6_2_X1800_Y1150_S050_x384_y256,3,3,2019-04-15,2020-10-11,545,0,20,272.5,0.16483516483516483
6_2_X1800_Y1150_S050_x384_y320,3,3,2019-04-15,2020-10-11,545,0,20,272.5,0.16483516483516483
6_2_X1800_Y1150_S050_x384_y384,3,3,2019-04-15,2020-10-11,545,0,20,272.5,0.16483516483516483
6_2_X1800_Y1150_S050_x384_y448,3,3,2019-04-15,2020-10-11,545,0,20,272.5,0.16483516483516483
6_2_X1800_Y1150_S050_x384_y512,3,3,2019-04-15,2020-10-11,545,0,20,272.5,0.16483516483516483
6_2_X1800_Y1150_S050_x384_y576,3,3,2019-04-15,2020-10-11,545,0,20,272.5,0.16483516483516483
6_2_X1800_Y1150_S050_x384_y64,3,3,2019-04-15,2020-10-11,545,0,20,272.5,0.16483516483516483
6_2_X1800_Y1150_S050_x384_y640,3,3,2019-04-15,2020-10-11,545,0,20,272.5,0.16483516483516483
6_2_X1800_Y1150_S050_x448_y0,3,3,2019-04-15,2020-10-11,545,0,20,272.5,0.16483516483516483
6_2_X1800_Y1150_S050_x448_y128,3,3,2019-04-15,2020-10-11,545,0,20,272.5,0.16483516483516483
6_2_X1800_Y1150_S050_x448_y192,3,3,2019-04-15,2020-10-11,545,0,20,272.5,0.16483516483516483
6_2_X1800_Y1150_S050_x448_y256,3,3,2019-04-15,2020-10-11,545,0,20,272.5,0.16483516483516483
6_2_X1800_Y1150_S050_x448_y320,3,3,2019-04-15,2020-10-11,545,0,20,272.5,0.16483516483516483
6_2_X1800_Y1150_S050_x448_y384,3,3,2019-04-15,2020-10-11,545,0,20,272.5,0.16483516483516483
6_2_X1800_Y1150_S050_x448_y448,3,3,2019-04-15,2020-10-11,545,0,20,272.5,0.16483516483516483
6_2_X1800_Y1150_S050_x448_y512,3,3,2019-04-15,2020-10-11,545,0,20,272.5,0.16483516483516483
6_2_X1800_Y1150_S050_x448_y576,3,3,2019-04-15,2020-10-11,545,0,20,272.5,0.16483516483516483
6_2_X1800_Y1150_S050_x448_y64,3,3,2019-04-15,2020-10-11,545,0,20,272.5,0.16483516483516483
6_2_X1800_Y1150_S050_x448_y640,3,3,2019-04-15,2020-10-11,545,0,20,272.5,0.16483516483516483
6_2_X1800_Y1150_S050_x512_y0,3,3,2019-04-15,2020-10-11,545,0,20,272.5,0.16483516483516483
6_2_X1800_Y1150_S050_x512_y128,3,3,2019-04-15,2020-10-11,545,0,20,272.5,0.16483516483516483
6_2_X1800_Y1150_S050_x512_y192,3,3,2019-04-15,2020-10-11,545,0,20,272.5,0.16483516483516483
6_2_X1800_Y1150_S050_x512_y256,3,3,2019-04-15,2020-10-11,545,0,20,272.5,0.16483516483516483
6_2_X1800_Y1150_S050_x512_y320,3,3,2019-04-15,2020-10-11,545,0,20,272.5,0.16483516483516483
6_2_X1800_Y1150_S050_x512_y384,3,3,2019-04-15,2020-10-11,545,0,20,272.5,0.16483516483516483
6_2_X1800_Y1150_S050_x512_y448,3,3,2019-04-15,2020-10-11,545,0,20,272.5,0.16483516483516483
6_2_X1800_Y1150_S050_x512_y512,3,3,2019-04-15,2020-10-11,545,0,20,272.5,0.16483516483516483
6_2_X1800_Y1150_S050_x512_y576,3,3,2019-04-15,2020-10-11,545,0,20,272.5,0.16483516483516483
6_2_X1800_Y1150_S050_x512_y64,3,3,2019-04-15,2020-10-11,545,0,20,272.5,0.16483516483516483
6_2_X1800_Y1150_S050_x512_y640,3,3,2019-04-15,2020-10-11,545,0,20,272.5,0.16483516483516483
6_2_X1800_Y1150_S050_x576_y256,3,3,2019-04-15,2020-10-11,545,0,20,272.5,0.16483516483516483
6_2_X1800_Y1150_S050_x576_y320,3,3,2019-04-15,2020-10-11,545,0,20,272.5,0.16483516483516483
6_2_X1800_Y1150_S050_x576_y384,3,3,2019-04-15,2020-10-11,545,0,20,272.5,0.16483516483516483
6_2_X1800_Y1150_S050_x576_y448,3,3,2019-04-15,2020-10-11,545,0,20,272.5,0.16483516483516483
6_2_X1800_Y1150_S050_x576_y512,3,3,2019-04-15,2020-10-11,545,0,20,272.5,0.16483516483516483
6_2_X1800_Y1150_S050_x576_y576,3,3,2019-04-15,2020-10-11,545,0,20,272.5,0.16483516483516483
6_2_X1800_Y1150_S050_x576_y640,3,3,2019-04-15,2020-10-11,545,0,20,272.5,0.16483516483516483
6_2_X1800_Y1150_S050_x64_y0,3,3,2019-04-15,2020-10-11,545,0,20,272.5,0.16483516483516483
6_2_X1800_Y1150_S050_x64_y128,3,3,2019-04-15,2020-10-11,545,0,20,272.5,0.16483516483516483
6_2_X1800_Y1150_S050_x64_y192,3,3,2019-04-15,2020-10-11,545,0,20,272.5,0.16483516483516483
6_2_X1800_Y1150_S050_x64_y256,3,3,2019-04-15,2020-10-11,545,0,20,272.5,0.16483516483516483
6_2_X1800_Y1150_S050_x64_y320,3,3,2019-04-15,2020-10-11,545,0,20,272.5,0.16483516483516483
6_2_X1800_Y1150_S050_x64_y384,3,3,2019-04-15,2020-10-11,545,0,20,272.5,0.16483516483516483
6_2_X1800_Y1150_S050_x64_y448,3,3,2019-04-15,2020-10-11,545,0,20,272.5,0.16483516483516483
6_2_X1800_Y1150_S050_x64_y512,3,3,2019-04-15,2020-10-11,545,0,20,272.5,0.16483516483516483
6_2_X1800_Y1150_S050_x64_y576,3,3,2019-04-15,2020-10-11,545,0,20,272.5,0.16483516483516483
6_2_X1800_Y1150_S050_x64_y64,3,3,2019-04-15,2020-10-11,545,0,20,272.5,0.16483516483516483
6_2_X1800_Y1150_S050_x64_y640,3,3,2019-04-15,2020-10-11,545,0,20,272.5,0.16483516483516483
6_2_X1850_Y1100_S050_x0_y0,6,6,2019-04-15,2020-10-11,545,0,18,37.0,0.32967032967032966
6_2_X1850_Y1100_S050_x0_y128,7,7,2019-04-15,2020-10-11,545,0,2,27.5,0.38461538461538464
6_2_X1850_Y1100_S050_x0_y192,7,7,2019-04-15,2020-10-11,545,0,2,27.5,0.38461538461538464
6_2_X1850_Y1100_S050_x0_y256,7,7,2019-04-15,2020-10-11,545,0,2,27.5,0.38461538461538464
6_2_X1850_Y1100_S050_x0_y320,7,7,2019-04-15,2020-10-11,545,0,2,27.5,0.38461538461538464
6_2_X1850_Y1100_S050_x0_y384,8,8,2019-04-15,2020-10-11,545,0,2,30.0,0.43956043956043955
6_2_X1850_Y1100_S050_x0_y448,8,8,2019-04-15,2020-10-11,545,0,2,30.0,0.43956043956043955
6_2_X1850_Y1100_S050_x0_y512,7,7,2019-04-15,2020-10-11,545,0,2,27.5,0.38461538461538464
6_2_X1850_Y1100_S050_x0_y576,7,7,2019-04-15,2020-10-11,545,0,2,27.5,0.38461538461538464
6_2_X1850_Y1100_S050_x0_y64,6,6,2019-04-15,2020-10-11,545,0,18,37.0,0.32967032967032966
6_2_X1850_Y1100_S050_x0_y640,6,6,2019-04-15,2020-10-11,545,0,18,37.0,0.32967032967032966
6_2_X1850_Y1100_S050_x128_y0,7,7,2019-04-15,2020-10-11,545,0,2,27.5,0.38461538461538464
6_2_X1850_Y1100_S050_x128_y128,7,7,2019-04-15,2020-10-11,545,0,2,27.5,0.38461538461538464
6_2_X1850_Y1100_S050_x128_y192,7,7,2019-04-15,2020-10-11,545,0,2,27.5,0.38461538461538464
6_2_X1850_Y1100_S050_x128_y256,7,7,2019-04-15,2020-10-11,545,0,2,27.5,0.38461538461538464
6_2_X1850_Y1100_S050_x128_y320,7,7,2019-04-15,2020-10-11,545,0,2,27.5,0.38461538461538464
6_2_X1850_Y1100_S050_x128_y384,7,7,2019-04-15,2020-10-11,545,0,2,27.5,0.38461538461538464
6_2_X1850_Y1100_S050_x128_y448,7,7,2019-04-15,2020-10-11,545,0,2,27.5,0.38461538461538464
6_2_X1850_Y1100_S050_x128_y512,7,7,2019-04-15,2020-10-11,545,0,18,33.5,0.38461538461538464
6_2_X1850_Y1100_S050_x128_y576,7,7,2019-04-15,2020-10-11,545,0,18,33.5,0.38461538461538464
6_2_X1850_Y1100_S050_x128_y64,7,7,2019-04-15,2020-10-11,545,0,2,27.5,0.38461538461538464
6_2_X1850_Y1100_S050_x128_y640,7,7,2019-04-15,2020-10-11,545,0,18,33.5,0.38461538461538464
6_2_X1850_Y1100_S050_x192_y0,7,7,2019-04-15,2020-10-11,545,0,2,27.5,0.38461538461538464
6_2_X1850_Y1100_S050_x192_y128,8,8,2019-04-15,2020-10-11,545,0,2,30.0,0.43956043956043955
6_2_X1850_Y1100_S050_x192_y192,7,7,2019-04-15,2020-10-11,545,0,2,27.5,0.38461538461538464
6_2_X1850_Y1100_S050_x192_y256,7,7,2019-04-15,2020-10-11,545,0,2,27.5,0.38461538461538464
6_2_X1850_Y1100_S050_x192_y320,7,7,2019-04-15,2020-10-11,545,0,2,27.5,0.38461538461538464
6_2_X1850_Y1100_S050_x192_y384,8,8,2019-04-15,2020-10-11,545,0,2,30.0,0.43956043956043955
6_2_X1850_Y1100_S050_x192_y448,8,8,2019-04-15,2020-10-11,545,0,2,30.0,0.43956043956043955
6_2_X1850_Y1100_S050_x192_y512,7,7,2019-04-15,2020-10-11,545,0,2,27.5,0.38461538461538464
6_2_X1850_Y1100_S050_x192_y576,8,8,2019-04-15,2020-10-11,545,0,2,30.0,0.43956043956043955
6_2_X1850_Y1100_S050_x192_y64,7,7,2019-04-15,2020-10-11,545,0,2,27.5,0.38461538461538464
6_2_X1850_Y1100_S050_x192_y640,7,7,2019-04-15,2020-10-11,545,0,18,33.5,0.38461538461538464
6_2_X1850_Y1100_S050_x256_y0,7,7,2019-04-15,2020-10-11,545,0,2,27.5,0.38461538461538464
6_2_X1850_Y1100_S050_x256_y128,8,8,2019-04-15,2020-10-11,545,0,2,30.0,0.43956043956043955
6_2_X1850_Y1100_S050_x256_y192,7,7,2019-04-15,2020-10-11,545,0,2,27.5,0.38461538461538464
6_2_X1850_Y1100_S050_x256_y256,7,7,2019-04-15,2020-10-11,545,0,2,27.5,0.38461538461538464
6_2_X1850_Y1100_S050_x256_y320,7,7,2019-04-15,2020-10-11,545,0,2,27.5,0.38461538461538464
6_2_X1850_Y1100_S050_x256_y384,8,8,2019-04-15,2020-10-11,545,0,2,30.0,0.43956043956043955
6_2_X1850_Y1100_S050_x256_y448,7,7,2019-04-15,2020-10-11,545,0,2,27.5,0.38461538461538464
6_2_X1850_Y1100_S050_x256_y512,8,8,2019-04-15,2020-10-11,545,0,2,30.0,0.43956043956043955
6_2_X1850_Y1100_S050_x256_y576,8,8,2019-04-15,2020-10-11,545,0,2,30.0,0.43956043956043955
6_2_X1850_Y1100_S050_x256_y64,8,8,2019-04-15,2020-10-11,545,0,2,30.0,0.43956043956043955
6_2_X1850_Y1100_S050_x256_y640,7,7,2019-04-15,2020-10-11,545,0,18,32.5,0.38461538461538464
6_2_X1850_Y1100_S050_x320_y0,8,8,2019-04-15,2020-10-11,545,0,2,30.0,0.43956043956043955
6_2_X1850_Y1100_S050_x320_y128,8,8,2019-04-15,2020-10-11,545,0,2,30.0,0.43956043956043955
6_2_X1850_Y1100_S050_x320_y192,7,7,2019-04-15,2020-10-11,545,0,2,27.5,0.38461538461538464
6_2_X1850_Y1100_S050_x320_y256,8,8,2019-04-15,2020-10-11,545,0,2,30.0,0.43956043956043955
6_2_X1850_Y1100_S050_x320_y320,8,8,2019-04-15,2020-10-11,545,0,2,30.0,0.43956043956043955
6_2_X1850_Y1100_S050_x320_y384,8,8,2019-04-15,2020-10-11,545,0,2,30.0,0.43956043956043955
6_2_X1850_Y1100_S050_x320_y448,8,8,2019-04-15,2020-10-11,545,0,2,30.0,0.43956043956043955
6_2_X1850_Y1100_S050_x320_y512,8,8,2019-04-15,2020-10-11,545,0,2,30.0,0.43956043956043955
6_2_X1850_Y1100_S050_x320_y576,7,7,2019-04-15,2020-10-11,545,0,2,37.5,0.38461538461538464
6_2_X1850_Y1100_S050_x320_y64,8,8,2019-04-15,2020-10-11,545,0,2,30.0,0.43956043956043955
6_2_X1850_Y1100_S050_x320_y640,7,7,2019-04-15,2020-10-11,545,0,18,33.5,0.38461538461538464
6_2_X1850_Y1100_S050_x384_y0,7,7,2019-04-15,2020-10-11,545,0,2,27.5,0.38461538461538464
6_2_X1850_Y1100_S050_x384_y128,7,7,2019-04-15,2020-10-11,545,0,2,27.5,0.38461538461538464
6_2_X1850_Y1100_S050_x384_y192,8,8,2019-04-15,2020-10-11,545,0,2,30.0,0.43956043956043955
6_2_X1850_Y1100_S050_x384_y256,8,8,2019-04-15,2020-10-11,545,0,2,30.0,0.43956043956043955
6_2_X1850_Y1100_S050_x384_y320,8,8,2019-04-15,2020-10-11,545,0,2,30.0,0.43956043956043955
6_2_X1850_Y1100_S050_x384_y384,8,8,2019-04-15,2020-10-11,545,0,2,30.0,0.43956043956043955
6_2_X1850_Y1100_S050_x384_y448,8,8,2019-04-15,2020-10-11,545,0,2,30.0,0.43956043956043955
6_2_X1850_Y1100_S050_x384_y512,8,8,2019-04-15,2020-10-11,545,0,2,30.0,0.43956043956043955
6_2_X1850_Y1100_S050_x384_y576,6,6,2019-04-15,2020-10-11,545,0,20,40.0,0.32967032967032966
6_2_X1850_Y1100_S050_x384_y64,7,7,2019-04-15,2020-10-11,545,0,2,27.5,0.38461538461538464
6_2_X1850_Y1100_S050_x384_y640,7,7,2019-04-15,2020-10-11,545,0,18,33.5,0.38461538461538464
6_2_X1850_Y1100_S050_x448_y0,7,7,2019-04-15,2020-10-11,545,0,2,27.5,0.38461538461538464
6_2_X1850_Y1100_S050_x448_y128,7,7,2019-04-15,2020-10-11,545,0,2,27.5,0.38461538461538464
6_2_X1850_Y1100_S050_x448_y192,7,7,2019-04-15,2020-10-11,545,0,2,27.5,0.38461538461538464
6_2_X1850_Y1100_S050_x448_y256,8,8,2019-04-15,2020-10-11,545,0,2,30.0,0.43956043956043955
6_2_X1850_Y1100_S050_x448_y320,7,7,2019-04-15,2020-10-11,545,0,2,27.5,0.38461538461538464
6_2_X1850_Y1100_S050_x448_y384,8,8,2019-04-15,2020-10-11,545,0,2,30.0,0.43956043956043955
6_2_X1850_Y1100_S050_x448_y448,8,8,2019-04-15,2020-10-11,545,0,2,30.0,0.43956043956043955
6_2_X1850_Y1100_S050_x448_y512,8,8,2019-04-15,2020-10-11,545,0,2,30.0,0.43956043956043955
6_2_X1850_Y1100_S050_x448_y576,8,8,2019-04-15,2020-10-11,545,0,2,30.0,0.43956043956043955
6_2_X1850_Y1100_S050_x448_y64,7,7,2019-04-15,2020-10-11,545,0,2,27.5,0.38461538461538464
6_2_X1850_Y1100_S050_x448_y640,7,7,2019-04-15,2020-10-11,545,0,18,33.5,0.38461538461538464
6_2_X1850_Y1100_S050_x512_y0,7,7,2019-04-15,2020-10-11,545,0,2,27.5,0.38461538461538464
6_2_X1850_Y1100_S050_x512_y128,7,7,2019-04-15,2020-10-11,545,0,18,33.5,0.38461538461538464
6_2_X1850_Y1100_S050_x512_y192,7,7,2019-04-15,2020-10-11,545,0,18,33.5,0.38461538461538464
6_2_X1850_Y1100_S050_x512_y256,7,7,2019-04-15,2020-10-11,545,0,2,27.5,0.38461538461538464
6_2_X1850_Y1100_S050_x512_y320,8,8,2019-04-15,2020-10-11,545,0,2,30.0,0.43956043956043955
6_2_X1850_Y1100_S050_x512_y384,8,8,2019-04-15,2020-10-11,545,0,2,30.0,0.43956043956043955
6_2_X1850_Y1100_S050_x512_y448,8,8,2019-04-15,2020-10-11,545,0,2,30.0,0.43956043956043955
6_2_X1850_Y1100_S050_x512_y512,8,8,2019-04-15,2020-10-11,545,0,2,30.0,0.43956043956043955
6_2_X1850_Y1100_S050_x512_y576,7,7,2019-04-15,2020-10-11,545,0,18,33.5,0.38461538461538464
6_2_X1850_Y1100_S050_x512_y64,8,8,2019-04-15,2020-10-11,545,0,2,30.0,0.43956043956043955
6_2_X1850_Y1100_S050_x512_y640,7,7,2019-04-15,2020-10-11,545,0,18,33.5,0.38461538461538464
6_2_X1850_Y1100_S050_x576_y0,7,7,2019-04-15,2020-10-11,545,0,18,33.5,0.38461538461538464
6_2_X1850_Y1100_S050_x576_y128,8,8,2019-04-15,2020-10-11,545,0,2,30.0,0.43956043956043955
6_2_X1850_Y1100_S050_x576_y192,8,8,2019-04-15,2020-10-11,545,0,2,30.0,0.43956043956043955
6_2_X1850_Y1100_S050_x576_y256,8,8,2019-04-15,2020-10-11,545,0,2,30.0,0.43956043956043955
6_2_X1850_Y1100_S050_x576_y320,8,8,2019-04-15,2020-10-11,545,0,2,30.0,0.43956043956043955
6_2_X1850_Y1100_S050_x576_y384,8,8,2019-04-15,2020-10-11,545,0,2,30.0,0.43956043956043955
6_2_X1850_Y1100_S050_x576_y448,8,8,2019-04-15,2020-10-11,545,0,2,30.0,0.43956043956043955
6_2_X1850_Y1100_S050_x576_y512,8,8,2019-04-15,2020-10-11,545,0,2,30.0,0.43956043956043955
6_2_X1850_Y1100_S050_x576_y576,7,7,2019-04-15,2020-10-11,545,0,18,33.5,0.38461538461538464
6_2_X1850_Y1100_S050_x576_y64,8,8,2019-04-15,2020-10-11,545,0,2,30.0,0.43956043956043955
6_2_X1850_Y1100_S050_x576_y640,6,6,2019-04-15,2020-10-11,545,0,18,30.0,0.32967032967032966
6_2_X1850_Y1100_S050_x640_y0,7,7,2019-04-15,2020-10-11,545,0,18,33.5,0.38461538461538464
6_2_X1850_Y1100_S050_x640_y128,8,8,2019-04-15,2020-10-11,545,0,2,30.0,0.43956043956043955
6_2_X1850_Y1100_S050_x640_y192,8,8,2019-04-15,2020-10-11,545,0,2,30.0,0.43956043956043955
6_2_X1850_Y1100_S050_x640_y256,8,8,2019-04-15,2020-10-11,545,0,2,30.0,0.43956043956043955
6_2_X1850_Y1100_S050_x640_y320,8,8,2019-04-15,2020-10-11,545,0,2,30.0,0.43956043956043955
6_2_X1850_Y1100_S050_x640_y384,7,7,2019-04-15,2020-10-11,545,0,18,32.5,0.38461538461538464
6_2_X1850_Y1100_S050_x640_y448,6,6,2019-04-15,2020-10-11,545,0,18,30.0,0.32967032967032966
6_2_X1850_Y1100_S050_x640_y512,6,6,2019-04-15,2020-10-11,545,0,18,30.0,0.32967032967032966
6_2_X1850_Y1100_S050_x640_y576,5,5,2019-04-15,2020-10-11,545,0,20,62.5,0.27472527472527475
6_2_X1850_Y1100_S050_x640_y64,8,8,2019-04-15,2020-10-11,545,0,2,30.0,0.43956043956043955
6_2_X1850_Y1100_S050_x640_y640,1,1,2019-02-22,2019-02-22,0,0,,,30.0
6_2_X1850_Y1100_S050_x64_y0,6,6,2019-04-15,2020-10-11,545,0,18,37.0,0.32967032967032966
6_2_X1850_Y1100_S050_x64_y128,7,7,2019-04-15,2020-10-11,545,0,2,27.5,0.38461538461538464
6_2_X1850_Y1100_S050_x64_y192,7,7,2019-04-15,2020-10-11,545,0,2,27.5,0.38461538461538464
6_2_X1850_Y1100_S050_x64_y256,8,8,2019-04-15,2020-10-11,545,0,2,30.0,0.43956043956043955
6_2_X1850_Y1100_S050_x64_y320,7,7,2019-04-15,2020-10-11,545,0,2,27.5,0.38461538461538464
6_2_X1850_Y1100_S050_x64_y384,7,7,2019-04-15,2020-10-11,545,0,2,27.5,0.38461538461538464
6_2_X1850_Y1100_S050_x64_y448,6,6,2019-04-15,2020-10-11,545,0,18,37.0,0.32967032967032966
6_2_X1850_Y1100_S050_x64_y512,6,6,2019-04-15,2020-10-11,545,0,18,37.0,0.32967032967032966
6_2_X1850_Y1100_S050_x64_y576,6,6,2019-04-15,2020-10-11,545,0,18,37.0,0.32967032967032966
6_2_X1850_Y1100_S050_x64_y64,6,6,2019-04-15,2020-10-11,545,0,18,37.0,0.32967032967032966
6_2_X1850_Y1100_S050_x64_y640,7,7,2019-04-15,2020-10-11,545,0,18,33.5,0.38461538461538464
6_2_X1850_Y1150_S050_x0_y0,16,16,2019-03-26,2020-11-08,593,0,2,30.0,0.8080808080808081
6_2_X1850_Y1150_S050_x0_y128,16,16,2019-03-26,2020-11-08,593,0,2,30.0,0.8080808080808081
6_2_X1850_Y1150_S050_x0_y192,16,16,2019-03-26,2020-11-08,593,0,2,30.0,0.8080808080808081
6_2_X1850_Y1150_S050_x0_y256,15,15,2019-03-26,2020-11-08,593,0,2,31.5,0.7575757575757576
6_2_X1850_Y1150_S050_x0_y320,16,16,2019-03-26,2020-11-08,593,0,2,30.0,0.8080808080808081
6_2_X1850_Y1150_S050_x0_y384,16,16,2019-03-26,2020-11-08,593,0,2,30.0,0.8080808080808081
6_2_X1850_Y1150_S050_x0_y448,15,15,2019-03-26,2020-11-08,593,0,5,30.0,0.7575757575757576
6_2_X1850_Y1150_S050_x0_y512,14,14,2019-03-26,2020-11-08,593,0,5,30.0,0.7070707070707071
6_2_X1850_Y1150_S050_x0_y576,15,15,2019-03-26,2020-11-08,593,0,5,30.0,0.7575757575757576
6_2_X1850_Y1150_S050_x0_y64,16,16,2019-03-26,2020-11-08,593,0,2,30.0,0.8080808080808081
6_2_X1850_Y1150_S050_x0_y640,15,15,2019-03-26,2020-11-08,593,0,5,30.0,0.7575757575757576
6_2_X1850_Y1150_S050_x128_y0,17,17,2019-03-26,2020-11-08,593,0,2,30.0,0.8585858585858586
6_2_X1850_Y1150_S050_x128_y128,16,16,2019-03-26,2020-11-08,593,0,2,30.0,0.8080808080808081
6_2_X1850_Y1150_S050_x128_y192,14,14,2019-03-26,2020-11-08,593,0,5,33.0,0.7070707070707071
6_2_X1850_Y1150_S050_x128_y256,15,15,2019-03-26,2020-11-08,593,0,5,30.0,0.7575757575757576
6_2_X1850_Y1150_S050_x128_y320,15,15,2019-03-26,2020-11-08,593,0,5,30.0,0.7575757575757576
6_2_X1850_Y1150_S050_x128_y384,14,14,2019-03-26,2020-11-08,593,0,5,30.0,0.7070707070707071
6_2_X1850_Y1150_S050_x128_y448,2,2,2019-03-26,2019-12-21,270,0,270,270.0,0.22140221402214022
6_2_X1850_Y1150_S050_x128_y512,14,14,2019-03-26,2020-10-16,570,0,2,30.0,0.7355516637478109
6_2_X1850_Y1150_S050_x128_y576,8,8,2019-03-26,2020-10-11,565,0,25,33.0,0.42402826855123676
6_2_X1850_Y1150_S050_x128_y64,16,16,2019-03-26,2020-11-08,593,0,2,30.0,0.8080808080808081
6_2_X1850_Y1150_S050_x128_y640,5,5,2019-03-26,2019-12-21,270,0,25,30.0,0.5535055350553506
6_2_X1850_Y1150_S050_x192_y0,17,17,2019-03-26,2020-11-08,593,0,2,30.0,0.8585858585858586
6_2_X1850_Y1150_S050_x192_y128,17,17,2019-03-26,2020-11-08,593,0,2,30.0,0.8585858585858586
6_2_X1850_Y1150_S050_x192_y192,15,15,2019-03-26,2020-11-08,593,0,5,30.0,0.7575757575757576
6_2_X1850_Y1150_S050_x192_y256,15,15,2019-03-26,2020-11-08,593,0,5,30.0,0.7575757575757576
6_2_X1850_Y1150_S050_x192_y320,13,13,2019-03-26,2020-11-08,593,0,5,30.0,0.6565656565656566
6_2_X1850_Y1150_S050_x192_y64,17,17,2019-03-26,2020-11-08,593,0,2,30.0,0.8585858585858586
6_2_X1850_Y1150_S050_x256_y0,17,17,2019-03-26,2020-11-08,593,0,2,30.0,0.8585858585858586
6_2_X1850_Y1150_S050_x256_y128,16,16,2019-03-26,2020-11-08,593,0,5,30.0,0.8080808080808081
6_2_X1850_Y1150_S050_x256_y192,16,16,2019-03-26,2020-11-08,593,0,5,30.0,0.8080808080808081
6_2_X1850_Y1150_S050_x256_y256,12,12,2019-03-26,2020-10-16,570,0,5,30.0,0.6304728546409807
6_2_X1850_Y1150_S050_x256_y64,16,16,2019-03-26,2020-11-08,593,0,5,30.0,0.8080808080808081
6_2_X1850_Y1150_S050_x320_y0,16,16,2019-03-26,2020-11-08,593,0,5,30.0,0.8080808080808081
6_2_X1850_Y1150_S050_x320_y128,17,17,2019-03-26,2020-11-08,593,0,2,30.0,0.8585858585858586
6_2_X1850_Y1150_S050_x320_y192,14,14,2019-03-26,2020-11-08,593,0,5,30.0,0.7070707070707071
6_2_X1850_Y1150_S050_x320_y64,16,16,2019-03-26,2020-11-08,593,0,5,30.0,0.8080808080808081
6_2_X1850_Y1150_S050_x384_y0,16,16,2019-03-26,2020-11-08,593,0,5,30.0,0.8080808080808081
6_2_X1850_Y1150_S050_x384_y128,15,15,2019-03-26,2020-11-08,593,0,5,30.0,0.7575757575757576
6_2_X1850_Y1150_S050_x384_y64,16,16,2019-03-26,2020-11-08,593,0,5,30.0,0.8080808080808081
6_2_X1850_Y1150_S050_x448_y0,16,16,2019-03-26,2020-11-08,593,0,5,30.0,0.8080808080808081
6_2_X1850_Y1150_S050_x448_y64,10,10,2019-03-26,2020-10-16,570,0,27,48.0,0.5253940455341506
6_2_X1850_Y1150_S050_x512_y0,9,9,2019-03-26,2020-10-16,570,0,5,40.5,0.47285464098073554
6_2_X1850_Y1150_S050_x64_y0,17,17,2019-03-26,2020-11-08,593,0,2,30.0,0.8585858585858586
6_2_X1850_Y1150_S050_x64_y128,16,16,2019-03-26,2020-11-08,593,0,2,30.0,0.8080808080808081
6_2_X1850_Y1150_S050_x64_y192,15,15,2019-03-26,2020-11-08,593,0,2,31.5,0.7575757575757576
6_2_X1850_Y1150_S050_x64_y256,16,16,2019-03-26,2020-11-08,593,0,2,30.0,0.8080808080808081
6_2_X1850_Y1150_S050_x64_y320,16,16,2019-03-26,2020-11-08,593,0,2,30.0,0.8080808080808081
6_2_X1850_Y1150_S050_x64_y384,15,15,2019-03-26,2020-11-08,593,0,5,30.0,0.7575757575757576
6_2_X1850_Y1150_S050_x64_y448,14,14,2019-03-26,2020-11-08,593,0,5,30.0,0.7070707070707071
6_2_X1850_Y1150_S050_x64_y512,14,14,2019-03-26,2020-11-08,593,0,2,30.0,0.7070707070707071
6_2_X1850_Y1150_S050_x64_y576,14,14,2019-03-26,2020-11-08,593,0,5,30.0,0.7070707070707071
6_2_X1850_Y1150_S050_x64_y64,16,16,2019-03-26,2020-11-08,593,0,2,30.0,0.8080808080808081
6_2_X1850_Y1150_S050_x64_y640,14,14,2019-03-26,2020-11-08,593,0,5,30.0,0.7070707070707071
7_2_X0000_Y1750_S050_x384_y640,14,14,2019-02-09,2020-12-10,670,0,10,35.0,0.6259314456035767
7_2_X0000_Y1750_S050_x448_y576,21,21,2019-02-09,2020-12-10,670,0,5,25.0,0.9388971684053651
7_2_X0000_Y1750_S050_x448_y640,24,24,2019-02-09,2020-12-10,670,0,5,20.0,1.0730253353204173
7_2_X0000_Y1750_S050_x512_y512,23,23,2019-02-09,2020-11-20,650,0,5,22.5,1.0599078341013826
7_2_X0000_Y1750_S050_x512_y576,25,25,2019-02-09,2020-12-10,670,0,5,20.0,1.1177347242921014
7_2_X0000_Y1750_S050_x512_y640,24,24,2019-02-09,2020-11-20,650,0,5,20.0,1.1059907834101383
7_2_X0000_Y1750_S050_x576_y448,8,8,2019-02-09,2020-11-20,650,0,25,60.0,0.3686635944700461
7_2_X0000_Y1750_S050_x576_y512,24,24,2019-02-09,2020-12-10,670,0,5,20.0,1.0730253353204173
7_2_X0000_Y1750_S050_x576_y576,24,24,2019-02-09,2020-12-10,670,0,5,20.0,1.0730253353204173
7_2_X0000_Y1750_S050_x576_y640,23,23,2019-02-09,2020-11-20,650,0,5,22.5,1.0599078341013826
7_2_X0000_Y1800_S050_x0_y448,21,21,2019-02-09,2020-11-20,650,0,5,25.0,0.967741935483871
7_2_X0000_Y1800_S050_x0_y576,8,8,2019-02-09,2020-11-20,650,0,25,60.0,0.3686635944700461
7_2_X0000_Y1800_S050_x0_y640,22,22,2019-02-09,2020-11-20,650,0,5,25.0,1.0138248847926268
7_2_X0000_Y1800_S050_x128_y256,16,16,2019-02-09,2020-11-20,650,0,10,35.0,0.7373271889400922
7_2_X0000_Y1800_S050_x128_y320,23,23,2019-02-09,2020-11-20,650,0,5,22.5,1.0599078341013826
7_2_X0000_Y1800_S050_x128_y384,23,23,2019-02-09,2020-11-20,650,0,5,22.5,1.0599078341013826
7_2_X0000_Y1800_S050_x128_y448,23,23,2019-02-09,2020-11-20,650,0,5,22.5,1.0599078341013826
7_2_X0000_Y1800_S050_x128_y512,23,23,2019-02-09,2020-11-20,650,0,5,22.5,1.0599078341013826
7_2_X0000_Y1800_S050_x128_y576,23,23,2019-02-09,2020-11-20,650,0,5,22.5,1.0599078341013826
7_2_X0000_Y1800_S050_x128_y640,23,23,2019-02-09,2020-11-20,650,0,5,22.5,1.0599078341013826
7_2_X0000_Y1800_S050_x192_y128,23,23,2019-02-09,2020-12-10,670,0,5,22.5,1.0283159463487332
7_2_X0000_Y1800_S050_x192_y192,20,20,2019-02-09,2020-12-10,670,0,5,25.0,0.8941877794336811
7_2_X0000_Y1800_S050_x192_y256,23,23,2019-02-09,2020-11-20,650,0,5,22.5,1.0599078341013826
7_2_X0000_Y1800_S050_x192_y320,23,23,2019-02-09,2020-11-20,650,0,5,22.5,1.0599078341013826
7_2_X0000_Y1800_S050_x192_y384,23,23,2019-02-09,2020-11-20,650,0,5,22.5,1.0599078341013826
7_2_X0000_Y1800_S050_x192_y448,23,23,2019-02-09,2020-11-20,650,0,5,22.5,1.0599078341013826
7_2_X0000_Y1800_S050_x192_y512,23,23,2019-02-09,2020-11-20,650,0,5,22.5,1.0599078341013826
7_2_X0000_Y1800_S050_x192_y576,23,23,2019-02-09,2020-11-20,650,0,5,22.5,1.0599078341013826
7_2_X0000_Y1800_S050_x192_y640,23,23,2019-02-09,2020-11-20,650,0,5,22.5,1.0599078341013826
7_2_X0000_Y1800_S050_x256_y0,11,11,2019-02-09,2020-12-10,670,0,10,52.5,0.4918032786885246
7_2_X0000_Y1800_S050_x256_y128,7,7,2019-02-09,2020-11-20,650,0,25,52.5,0.3225806451612903
7_2_X0000_Y1800_S050_x256_y192,5,5,2019-02-09,2020-11-20,650,0,40,147.5,0.2304147465437788
7_2_X0000_Y1800_S050_x256_y256,23,23,2019-02-09,2020-11-20,650,0,5,22.5,1.0599078341013826
7_2_X0000_Y1800_S050_x256_y320,23,23,2019-02-09,2020-11-20,650,0,5,22.5,1.0599078341013826
7_2_X0000_Y1800_S050_x256_y384,23,23,2019-02-09,2020-11-20,650,0,5,22.5,1.0599078341013826
7_2_X0000_Y1800_S050_x256_y448,23,23,2019-02-09,2020-11-20,650,0,5,22.5,1.0599078341013826
7_2_X0000_Y1800_S050_x256_y512,23,23,2019-02-09,2020-11-20,650,0,5,22.5,1.0599078341013826
7_2_X0000_Y1800_S050_x256_y576,23,23,2019-02-09,2020-11-20,650,0,5,22.5,1.0599078341013826
7_2_X0000_Y1800_S050_x256_y64,8,8,2019-02-09,2020-11-20,650,0,10,45.0,0.3686635944700461
7_2_X0000_Y1800_S050_x256_y640,23,23,2019-02-09,2020-11-20,650,0,5,22.5,1.0599078341013826
7_2_X0000_Y1800_S050_x320_y128,8,8,2019-02-09,2020-11-20,650,0,10,45.0,0.3686635944700461
7_2_X0000_Y1800_S050_x320_y192,24,24,2019-02-09,2020-11-20,650,0,5,20.0,1.1059907834101383
7_2_X0000_Y1800_S050_x320_y256,23,23,2019-02-09,2020-11-20,650,0,5,22.5,1.0599078341013826
7_2_X0000_Y1800_S050_x320_y320,23,23,2019-02-09,2020-11-20,650,0,5,22.5,1.0599078341013826
7_2_X0000_Y1800_S050_x320_y384,23,23,2019-02-09,2020-11-20,650,0,5,22.5,1.0599078341013826
7_2_X0000_Y1800_S050_x320_y448,23,23,2019-02-09,2020-11-20,650,0,5,22.5,1.0599078341013826
7_2_X0000_Y1800_S050_x320_y512,23,23,2019-02-09,2020-11-20,650,0,5,22.5,1.0599078341013826
7_2_X0000_Y1800_S050_x320_y576,23,23,2019-02-09,2020-11-20,650,0,5,22.5,1.0599078341013826
7_2_X0000_Y1800_S050_x320_y64,22,22,2019-02-09,2020-11-20,650,0,5,25.0,1.0138248847926268
7_2_X0000_Y1800_S050_x320_y640,23,23,2019-02-09,2020-11-20,650,0,5,22.5,1.0599078341013826
7_2_X0000_Y1800_S050_x384_y0,23,23,2019-02-09,2020-11-20,650,0,5,22.5,1.0599078341013826
7_2_X0000_Y1800_S050_x384_y128,24,24,2019-02-09,2020-11-20,650,0,5,20.0,1.1059907834101383
7_2_X0000_Y1800_S050_x384_y192,24,24,2019-02-09,2020-11-20,650,0,5,20.0,1.1059907834101383
7_2_X0000_Y1800_S050_x384_y256,24,24,2019-02-09,2020-11-20,650,0,5,20.0,1.1059907834101383
7_2_X0000_Y1800_S050_x384_y320,24,24,2019-02-09,2020-11-20,650,0,5,20.0,1.1059907834101383
7_2_X0000_Y1800_S050_x384_y384,24,24,2019-02-09,2020-11-20,650,0,5,20.0,1.1059907834101383
7_2_X0000_Y1800_S050_x384_y448,24,24,2019-02-09,2020-11-20,650,0,5,20.0,1.1059907834101383
7_2_X0000_Y1800_S050_x384_y512,24,24,2019-02-09,2020-11-20,650,0,5,20.0,1.1059907834101383
7_2_X0000_Y1800_S050_x384_y576,23,23,2019-02-09,2020-11-20,650,0,5,22.5,1.0599078341013826
7_2_X0000_Y1800_S050_x384_y64,24,24,2019-02-09,2020-11-20,650,0,5,20.0,1.1059907834101383
7_2_X0000_Y1800_S050_x384_y640,24,24,2019-02-09,2020-11-20,650,0,5,20.0,1.1059907834101383
7_2_X0000_Y1800_S050_x448_y0,24,24,2019-02-09,2020-11-20,650,0,5,20.0,1.1059907834101383
7_2_X0000_Y1800_S050_x448_y128,24,24,2019-02-09,2020-11-20,650,0,5,20.0,1.1059907834101383
7_2_X0000_Y1800_S050_x448_y192,24,24,2019-02-09,2020-11-20,650,0,5,20.0,1.1059907834101383
7_2_X0000_Y1800_S050_x448_y256,24,24,2019-02-09,2020-11-20,650,0,5,20.0,1.1059907834101383
7_2_X0000_Y1800_S050_x448_y320,24,24,2019-02-09,2020-11-20,650,0,5,20.0,1.1059907834101383
7_2_X0000_Y1800_S050_x448_y384,24,24,2019-02-09,2020-11-20,650,0,5,20.0,1.1059907834101383
7_2_X0000_Y1800_S050_x448_y448,24,24,2019-02-09,2020-11-20,650,0,5,20.0,1.1059907834101383
7_2_X0000_Y1800_S050_x448_y512,24,24,2019-02-09,2020-11-20,650,0,5,20.0,1.1059907834101383
7_2_X0000_Y1800_S050_x448_y576,24,24,2019-02-09,2020-11-20,650,0,5,20.0,1.1059907834101383
7_2_X0000_Y1800_S050_x448_y64,24,24,2019-02-09,2020-11-20,650,0,5,20.0,1.1059907834101383
7_2_X0000_Y1800_S050_x448_y640,24,24,2019-02-09,2020-11-20,650,0,5,20.0,1.1059907834101383
7_2_X0000_Y1800_S050_x512_y0,24,24,2019-02-09,2020-11-20,650,0,5,20.0,1.1059907834101383
7_2_X0000_Y1800_S050_x512_y128,24,24,2019-02-09,2020-11-20,650,0,5,20.0,1.1059907834101383
7_2_X0000_Y1800_S050_x512_y192,24,24,2019-02-09,2020-11-20,650,0,5,20.0,1.1059907834101383
7_2_X0000_Y1800_S050_x512_y256,24,24,2019-02-09,2020-11-20,650,0,5,20.0,1.1059907834101383
7_2_X0000_Y1800_S050_x512_y320,24,24,2019-02-09,2020-11-20,650,0,5,20.0,1.1059907834101383
7_2_X0000_Y1800_S050_x512_y384,24,24,2019-02-09,2020-11-20,650,0,5,20.0,1.1059907834101383
7_2_X0000_Y1800_S050_x512_y448,24,24,2019-02-09,2020-11-20,650,0,5,20.0,1.1059907834101383
7_2_X0000_Y1800_S050_x512_y512,24,24,2019-02-09,2020-11-20,650,0,5,20.0,1.1059907834101383
7_2_X0000_Y1800_S050_x512_y576,24,24,2019-02-09,2020-11-20,650,0,5,20.0,1.1059907834101383
7_2_X0000_Y1800_S050_x512_y64,24,24,2019-02-09,2020-11-20,650,0,5,20.0,1.1059907834101383
7_2_X0000_Y1800_S050_x512_y640,24,24,2019-02-09,2020-11-20,650,0,5,20.0,1.1059907834101383
7_2_X0000_Y1800_S050_x576_y0,24,24,2019-02-09,2020-11-20,650,0,5,20.0,1.1059907834101383
7_2_X0000_Y1800_S050_x576_y128,24,24,2019-02-09,2020-11-20,650,0,5,20.0,1.1059907834101383
7_2_X0000_Y1800_S050_x576_y192,24,24,2019-02-09,2020-11-20,650,0,5,20.0,1.1059907834101383
7_2_X0000_Y1800_S050_x576_y256,24,24,2019-02-09,2020-11-20,650,0,5,20.0,1.1059907834101383
7_2_X0000_Y1800_S050_x576_y320,24,24,2019-02-09,2020-11-20,650,0,5,20.0,1.1059907834101383
7_2_X0000_Y1800_S050_x576_y384,24,24,2019-02-09,2020-11-20,650,0,5,20.0,1.1059907834101383
7_2_X0000_Y1800_S050_x576_y448,24,24,2019-02-09,2020-11-20,650,0,5,20.0,1.1059907834101383
7_2_X0000_Y1800_S050_x576_y512,24,24,2019-02-09,2020-11-20,650,0,5,20.0,1.1059907834101383
7_2_X0000_Y1800_S050_x576_y576,24,24,2019-02-09,2020-11-20,650,0,5,20.0,1.1059907834101383
7_2_X0000_Y1800_S050_x576_y64,24,24,2019-02-09,2020-11-20,650,0,5,20.0,1.1059907834101383
7_2_X0000_Y1800_S050_x576_y640,24,24,2019-02-09,2020-11-20,650,0,5,20.0,1.1059907834101383
7_2_X0000_Y1800_S050_x64_y320,22,22,2019-02-09,2020-11-20,650,0,5,25.0,1.0138248847926268
7_2_X0000_Y1800_S050_x64_y384,23,23,2019-02-09,2020-11-20,650,0,5,22.5,1.0599078341013826
7_2_X0000_Y1800_S050_x64_y448,23,23,2019-02-09,2020-11-20,650,0,5,22.5,1.0599078341013826
7_2_X0000_Y1800_S050_x64_y512,23,23,2019-02-09,2020-11-20,650,0,5,22.5,1.0599078341013826
7_2_X0000_Y1800_S050_x64_y576,23,23,2019-02-09,2020-11-20,650,0,5,22.5,1.0599078341013826
7_2_X0000_Y1800_S050_x64_y640,23,23,2019-02-09,2020-11-20,650,0,5,22.5,1.0599078341013826
7_2_X0050_Y1800_S050_x0_y0,21,21,2019-02-09,2020-11-20,650,0,5,22.5,0.967741935483871
7_2_X0050_Y1800_S050_x0_y128,24,24,2019-02-09,2020-12-10,670,0,5,20.0,1.0730253353204173
7_2_X0050_Y1800_S050_x0_y192,23,23,2019-02-09,2020-12-10,670,0,5,22.5,1.0283159463487332
7_2_X0050_Y1800_S050_x0_y256,23,23,2019-02-09,2020-12-10,670,0,5,22.5,1.0283159463487332
7_2_X0050_Y1800_S050_x0_y320,23,23,2019-02-09,2020-12-10,670,0,5,22.5,1.0283159463487332
7_2_X0050_Y1800_S050_x0_y384,21,21,2019-02-09,2020-12-10,670,0,5,22.5,0.9388971684053651
7_2_X0050_Y1800_S050_x0_y448,21,21,2019-02-09,2020-12-10,670,0,5,22.5,0.9388971684053651
7_2_X0050_Y1800_S050_x0_y512,22,22,2019-02-09,2020-12-10,670,0,5,25.0,0.9836065573770492
7_2_X0050_Y1800_S050_x0_y576,22,22,2019-02-09,2020-12-10,670,0,5,25.0,0.9836065573770492
7_2_X0050_Y1800_S050_x0_y64,23,23,2019-02-09,2020-11-20,650,0,5,22.5,1.0599078341013826
7_2_X0050_Y1800_S050_x0_y640,21,21,2019-02-09,2020-12-10,670,0,5,22.5,0.9388971684053651
7_2_X0050_Y1800_S050_x128_y0,22,22,2019-02-09,2020-11-20,650,0,5,20.0,1.0138248847926268
7_2_X0050_Y1800_S050_x128_y128,24,24,2019-02-09,2020-12-10,670,0,5,20.0,1.0730253353204173
7_2_X0050_Y1800_S050_x128_y192,24,24,2019-02-09,2020-12-10,670,0,5,20.0,1.0730253353204173
7_2_X0050_Y1800_S050_x128_y256,22,22,2019-02-09,2020-12-10,670,0,5,20.0,0.9836065573770492
7_2_X0050_Y1800_S050_x128_y320,23,23,2019-02-09,2020-12-10,670,0,5,22.5,1.0283159463487332
7_2_X0050_Y1800_S050_x128_y384,22,22,2019-02-09,2020-12-10,670,0,5,25.0,0.9836065573770492
7_2_X0050_Y1800_S050_x128_y448,22,22,2019-02-09,2020-12-10,670,0,5,25.0,0.9836065573770492
7_2_X0050_Y1800_S050_x128_y512,20,20,2019-02-09,2020-12-10,670,0,5,20.0,0.8941877794336811
7_2_X0050_Y1800_S050_x128_y576,19,19,2019-02-09,2020-12-10,670,0,5,20.0,0.849478390461997
7_2_X0050_Y1800_S050_x128_y64,24,24,2019-02-09,2020-12-10,670,0,5,20.0,1.0730253353204173
7_2_X0050_Y1800_S050_x128_y640,20,20,2019-02-09,2020-12-10,670,0,5,20.0,0.8941877794336811
7_2_X0050_Y1800_S050_x192_y0,22,22,2019-02-09,2020-11-20,650,0,5,20.0,1.0138248847926268
7_2_X0050_Y1800_S050_x192_y128,24,24,2019-02-09,2020-12-10,670,0,5,20.0,1.0730253353204173
7_2_X0050_Y1800_S050_x192_y192,22,22,2019-02-09,2020-11-20,650,0,5,20.0,1.0138248847926268
7_2_X0050_Y1800_S050_x192_y256,23,23,2019-02-09,2020-12-10,670,0,5,20.0,1.0283159463487332
7_2_X0050_Y1800_S050_x192_y320,23,23,2019-02-09,2020-12-10,670,0,5,20.0,1.0283159463487332
7_2_X0050_Y1800_S050_x192_y384,23,23,2019-02-09,2020-12-10,670,0,5,22.5,1.0283159463487332
7_2_X0050_Y1800_S050_x192_y448,22,22,2019-02-09,2020-12-10,670,0,5,20.0,0.9836065573770492
7_2_X0050_Y1800_S050_x192_y512,20,20,2019-02-09,2020-12-10,670,0,5,20.0,0.8941877794336811
7_2_X0050_Y1800_S050_x192_y576,21,21,2019-02-09,2020-12-10,670,0,5,22.5,0.9388971684053651
7_2_X0050_Y1800_S050_x192_y64,22,22,2019-02-09,2020-11-20,650,0,5,20.0,1.0138248847926268
7_2_X0050_Y1800_S050_x192_y640,21,21,2019-02-09,2020-12-10,670,0,5,22.5,0.9388971684053651
7_2_X0050_Y1800_S050_x256_y0,22,22,2019-02-09,2020-11-20,650,0,5,20.0,1.0138248847926268
7_2_X0050_Y1800_S050_x256_y128,22,22,2019-02-09,2020-11-20,650,0,5,20.0,1.0138248847926268
7_2_X0050_Y1800_S050_x256_y192,22,22,2019-02-09,2020-11-20,650,0,5,20.0,1.0138248847926268
7_2_X0050_Y1800_S050_x256_y256,22,22,2019-02-09,2020-11-20,650,0,5,20.0,1.0138248847926268
7_2_X0050_Y1800_S050_x256_y320,22,22,2019-02-09,2020-12-10,670,0,5,20.0,0.9836065573770492
7_2_X0050_Y1800_S050_x256_y384,21,21,2019-02-09,2020-12-10,670,0,5,20.0,0.9388971684053651
7_2_X0050_Y1800_S050_x256_y448,22,22,2019-02-09,2020-12-10,670,0,5,20.0,0.9836065573770492
7_2_X0050_Y1800_S050_x256_y512,22,22,2019-02-09,2020-12-10,670,0,5,20.0,0.9836065573770492
7_2_X0050_Y1800_S050_x256_y576,22,22,2019-02-09,2020-12-10,670,0,5,20.0,0.9836065573770492
7_2_X0050_Y1800_S050_x256_y64,22,22,2019-02-09,2020-11-20,650,0,5,20.0,1.0138248847926268
7_2_X0050_Y1800_S050_x256_y640,21,21,2019-02-09,2020-12-10,670,0,5,20.0,0.9388971684053651
7_2_X0050_Y1800_S050_x320_y0,23,23,2019-02-09,2020-11-20,650,0,5,22.5,1.0599078341013826
7_2_X0050_Y1800_S050_x320_y128,22,22,2019-02-09,2020-11-20,650,0,5,20.0,1.0138248847926268
7_2_X0050_Y1800_S050_x320_y192,23,23,2019-02-09,2020-11-20,650,0,5,22.5,1.0599078341013826
7_2_X0050_Y1800_S050_x320_y256,24,24,2019-02-09,2020-12-10,670,0,5,20.0,1.0730253353204173
7_2_X0050_Y1800_S050_x320_y320,24,24,2019-02-09,2020-12-10,670,0,5,20.0,1.0730253353204173
7_2_X0050_Y1800_S050_x320_y384,24,24,2019-02-09,2020-12-10,670,0,5,20.0,1.0730253353204173
7_2_X0050_Y1800_S050_x320_y448,24,24,2019-02-09,2020-12-10,670,0,5,20.0,1.0730253353204173
7_2_X0050_Y1800_S050_x320_y512,23,23,2019-02-09,2020-12-10,670,0,5,22.5,1.0283159463487332
7_2_X0050_Y1800_S050_x320_y576,23,23,2019-02-09,2020-12-10,670,0,5,22.5,1.0283159463487332
7_2_X0050_Y1800_S050_x320_y64,23,23,2019-02-09,2020-11-20,650,0,5,22.5,1.0599078341013826
7_2_X0050_Y1800_S050_x320_y640,22,22,2019-02-09,2020-12-10,670,0,5,20.0,0.9836065573770492
7_2_X0050_Y1800_S050_x384_y0,23,23,2019-02-09,2020-11-20,650,0,5,22.5,1.0599078341013826
7_2_X0050_Y1800_S050_x384_y128,23,23,2019-02-09,2020-11-20,650,0,5,22.5,1.0599078341013826
7_2_X0050_Y1800_S050_x384_y192,23,23,2019-02-09,2020-11-20,650,0,5,22.5,1.0599078341013826
7_2_X0050_Y1800_S050_x384_y256,24,24,2019-02-09,2020-12-10,670,0,5,20.0,1.0730253353204173
7_2_X0050_Y1800_S050_x384_y320,24,24,2019-02-09,2020-12-10,670,0,5,20.0,1.0730253353204173
7_2_X0050_Y1800_S050_x384_y384,24,24,2019-02-09,2020-12-10,670,0,5,20.0,1.0730253353204173
7_2_X0050_Y1800_S050_x384_y448,23,23,2019-02-09,2020-12-10,670,0,5,22.5,1.0283159463487332
7_2_X0050_Y1800_S050_x384_y512,23,23,2019-02-09,2020-12-10,670,0,5,22.5,1.0283159463487332
7_2_X0050_Y1800_S050_x384_y576,23,23,2019-02-09,2020-12-10,670,0,5,22.5,1.0283159463487332
7_2_X0050_Y1800_S050_x384_y64,23,23,2019-02-09,2020-11-20,650,0,5,22.5,1.0599078341013826
7_2_X0050_Y1800_S050_x384_y640,23,23,2019-02-09,2020-12-10,670,0,5,22.5,1.0283159463487332
7_2_X0050_Y1800_S050_x448_y0,22,22,2019-02-09,2020-11-20,650,0,5,25.0,1.0138248847926268
7_2_X0050_Y1800_S050_x448_y128,22,22,2019-02-09,2020-11-20,650,0,5,25.0,1.0138248847926268
7_2_X0050_Y1800_S050_x448_y192,23,23,2019-02-09,2020-11-20,650,0,5,22.5,1.0599078341013826
7_2_X0050_Y1800_S050_x448_y256,23,23,2019-02-09,2020-11-20,650,0,5,22.5,1.0599078341013826
7_2_X0050_Y1800_S050_x448_y320,24,24,2019-02-09,2020-12-10,670,0,5,20.0,1.0730253353204173
7_2_X0050_Y1800_S050_x448_y384,23,23,2019-02-09,2020-12-10,670,0,5,22.5,1.0283159463487332
7_2_X0050_Y1800_S050_x448_y448,23,23,2019-02-09,2020-12-10,670,0,5,22.5,1.0283159463487332
7_2_X0050_Y1800_S050_x448_y512,23,23,2019-02-09,2020-12-10,670,0,5,22.5,1.0283159463487332
7_2_X0050_Y1800_S050_x448_y576,22,22,2019-02-09,2020-12-10,670,0,5,20.0,0.9836065573770492
7_2_X0050_Y1800_S050_x448_y64,22,22,2019-02-09,2020-11-20,650,0,5,25.0,1.0138248847926268
7_2_X0050_Y1800_S050_x448_y640,22,22,2019-02-09,2020-12-10,670,0,5,20.0,0.9836065573770492
7_2_X0050_Y1800_S050_x512_y0,20,20,2019-02-09,2020-11-20,650,0,5,25.0,0.9216589861751152
7_2_X0050_Y1800_S050_x512_y128,22,22,2019-02-09,2020-11-20,650,0,5,25.0,1.0138248847926268
7_2_X0050_Y1800_S050_x512_y192,23,23,2019-02-09,2020-11-20,650,0,5,22.5,1.0599078341013826
7_2_X0050_Y1800_S050_x512_y256,22,22,2019-02-09,2020-11-20,650,0,5,25.0,1.0138248847926268
7_2_X0050_Y1800_S050_x512_y320,22,22,2019-02-09,2020-11-20,650,0,5,25.0,1.0138248847926268
7_2_X0050_Y1800_S050_x512_y384,22,22,2019-02-09,2020-11-20,650,0,5,25.0,1.0138248847926268
7_2_X0050_Y1800_S050_x512_y448,22,22,2019-02-09,2020-11-20,650,0,5,25.0,1.0138248847926268
7_2_X0050_Y1800_S050_x512_y512,21,21,2019-02-09,2020-11-20,650,0,5,20.0,0.967741935483871
7_2_X0050_Y1800_S050_x512_y576,21,21,2019-02-09,2020-11-20,650,0,5,20.0,0.967741935483871
7_2_X0050_Y1800_S050_x512_y64,21,21,2019-02-09,2020-11-20,650,0,5,22.5,0.967741935483871
7_2_X0050_Y1800_S050_x512_y640,22,22,2019-02-09,2020-12-10,670,0,5,20.0,0.9836065573770492
7_2_X0050_Y1800_S050_x576_y0,21,21,2019-02-09,2020-11-20,650,0,5,25.0,0.967741935483871
7_2_X0050_Y1800_S050_x576_y128,23,23,2019-02-09,2020-11-20,650,0,5,22.5,1.0599078341013826
7_2_X0050_Y1800_S050_x576_y192,23,23,2019-02-09,2020-11-20,650,0,5,22.5,1.0599078341013826
7_2_X0050_Y1800_S050_x576_y256,22,22,2019-02-09,2020-11-20,650,0,5,25.0,1.0138248847926268
7_2_X0050_Y1800_S050_x576_y320,21,21,2019-02-09,2020-11-20,650,0,5,20.0,0.967741935483871
7_2_X0050_Y1800_S050_x576_y384,23,23,2019-02-09,2020-12-10,670,0,5,20.0,1.0283159463487332
7_2_X0050_Y1800_S050_x576_y448,22,22,2019-02-09,2020-11-20,650,0,5,20.0,1.0138248847926268
7_2_X0050_Y1800_S050_x576_y512,23,23,2019-02-09,2020-12-10,670,0,5,22.5,1.0283159463487332
7_2_X0050_Y1800_S050_x576_y576,23,23,2019-02-09,2020-12-10,670,0,5,22.5,1.0283159463487332
7_2_X0050_Y1800_S050_x576_y64,22,22,2019-02-09,2020-11-20,650,0,5,25.0,1.0138248847926268
7_2_X0050_Y1800_S050_x576_y640,22,22,2019-02-09,2020-12-10,670,0,5,20.0,0.9836065573770492
7_2_X0050_Y1800_S050_x640_y0,22,22,2019-02-09,2020-11-20,650,0,5,20.0,1.0138248847926268
7_2_X0050_Y1800_S050_x640_y128,22,22,2019-02-09,2020-11-20,650,0,5,20.0,1.0138248847926268
7_2_X0050_Y1800_S050_x640_y192,23,23,2019-02-09,2020-11-20,650,0,5,17.5,1.0599078341013826
7_2_X0050_Y1800_S050_x640_y256,23,23,2019-02-09,2020-11-20,650,0,5,17.5,1.0599078341013826
7_2_X0050_Y1800_S050_x640_y320,21,21,2019-02-09,2020-11-20,650,0,5,25.0,0.967741935483871
7_2_X0050_Y1800_S050_x640_y384,22,22,2019-02-09,2020-11-20,650,0,5,25.0,1.0138248847926268
7_2_X0050_Y1800_S050_x640_y448,24,24,2019-02-09,2020-12-10,670,0,5,20.0,1.0730253353204173
7_2_X0050_Y1800_S050_x640_y512,22,22,2019-02-09,2020-12-10,670,0,5,20.0,0.9836065573770492
7_2_X0050_Y1800_S050_x640_y576,23,23,2019-02-09,2020-12-10,670,0,5,22.5,1.0283159463487332
7_2_X0050_Y1800_S050_x640_y64,22,22,2019-02-09,2020-11-20,650,0,5,20.0,1.0138248847926268
7_2_X0050_Y1800_S050_x640_y640,22,22,2019-02-09,2020-12-10,670,0,5,20.0,0.9836065573770492
7_2_X0050_Y1800_S050_x64_y0,22,22,2019-02-09,2020-11-20,650,0,5,25.0,1.0138248847926268
7_2_X0050_Y1800_S050_x64_y128,24,24,2019-02-09,2020-12-10,670,0,5,20.0,1.0730253353204173
7_2_X0050_Y1800_S050_x64_y192,23,23,2019-02-09,2020-12-10,670,0,5,22.5,1.0283159463487332
7_2_X0050_Y1800_S050_x64_y256,23,23,2019-02-09,2020-12-10,670,0,5,22.5,1.0283159463487332
7_2_X0050_Y1800_S050_x64_y320,22,22,2019-02-09,2020-12-10,670,0,5,20.0,0.9836065573770492
7_2_X0050_Y1800_S050_x64_y384,21,21,2019-02-09,2020-12-10,670,0,5,22.5,0.9388971684053651
7_2_X0050_Y1800_S050_x64_y448,21,21,2019-02-09,2020-12-10,670,0,5,22.5,0.9388971684053651
7_2_X0050_Y1800_S050_x64_y512,21,21,2019-02-09,2020-12-10,670,0,5,22.5,0.9388971684053651
7_2_X0050_Y1800_S050_x64_y576,21,21,2019-02-09,2020-12-10,670,0,5,22.5,0.9388971684053651
7_2_X0050_Y1800_S050_x64_y64,23,23,2019-02-09,2020-11-20,650,0,5,22.5,1.0599078341013826
7_2_X0050_Y1800_S050_x64_y640,20,20,2019-02-09,2020-12-10,670,0,5,20.0,0.8941877794336811
7_2_X0050_Y1850_S050_x0_y0,24,24,2019-02-09,2020-11-20,650,0,5,20.0,1.1059907834101383
7_2_X0050_Y1850_S050_x0_y128,24,24,2019-02-09,2020-11-20,650,0,5,20.0,1.1059907834101383
7_2_X0050_Y1850_S050_x0_y192,24,24,2019-02-09,2020-11-20,650,0,5,20.0,1.1059907834101383
7_2_X0050_Y1850_S050_x0_y256,23,23,2019-02-09,2020-11-20,650,0,5,22.5,1.0599078341013826
7_2_X0050_Y1850_S050_x0_y320,22,22,2019-02-09,2020-11-20,650,0,5,25.0,1.0138248847926268
7_2_X0050_Y1850_S050_x0_y384,22,22,2019-02-09,2020-11-20,650,0,5,25.0,1.0138248847926268
7_2_X0050_Y1850_S050_x0_y448,22,22,2019-02-09,2020-11-20,650,0,5,25.0,1.0138248847926268
7_2_X0050_Y1850_S050_x0_y512,23,23,2019-02-09,2020-11-20,650,0,5,22.5,1.0599078341013826
7_2_X0050_Y1850_S050_x0_y576,24,24,2019-02-09,2020-12-10,670,0,5,20.0,1.0730253353204173
7_2_X0050_Y1850_S050_x0_y64,24,24,2019-02-09,2020-11-20,650,0,5,20.0,1.1059907834101383
7_2_X0050_Y1850_S050_x0_y640,23,23,2019-02-09,2020-12-10,670,0,5,22.5,1.0283159463487332
7_2_X0050_Y1850_S050_x128_y0,24,24,2019-02-09,2020-11-20,650,0,5,20.0,1.1059907834101383
7_2_X0050_Y1850_S050_x128_y128,23,23,2019-02-09,2020-11-20,650,0,5,17.5,1.0599078341013826
7_2_X0050_Y1850_S050_x128_y192,23,23,2019-02-09,2020-11-20,650,0,5,17.5,1.0599078341013826
7_2_X0050_Y1850_S050_x128_y256,23,23,2019-02-09,2020-11-20,650,0,5,17.5,1.0599078341013826
7_2_X0050_Y1850_S050_x128_y320,23,23,2019-02-09,2020-11-20,650,0,5,17.5,1.0599078341013826
7_2_X0050_Y1850_S050_x128_y384,23,23,2019-02-09,2020-11-20,650,0,5,17.5,1.0599078341013826
7_2_X0050_Y1850_S050_x128_y448,23,23,2019-02-09,2020-11-20,650,0,5,17.5,1.0599078341013826
7_2_X0050_Y1850_S050_x128_y512,23,23,2019-02-09,2020-12-10,670,0,5,22.5,1.0283159463487332
7_2_X0050_Y1850_S050_x128_y576,23,23,2019-02-09,2020-12-10,670,0,5,22.5,1.0283159463487332
7_2_X0050_Y1850_S050_x128_y64,23,23,2019-02-09,2020-11-20,650,0,5,17.5,1.0599078341013826
7_2_X0050_Y1850_S050_x128_y640,23,23,2019-02-09,2020-12-10,670,0,5,22.5,1.0283159463487332
7_2_X0050_Y1850_S050_x192_y0,23,23,2019-02-09,2020-11-20,650,0,5,17.5,1.0599078341013826
7_2_X0050_Y1850_S050_x192_y128,23,23,2019-02-09,2020-11-20,650,0,5,17.5,1.0599078341013826
7_2_X0050_Y1850_S050_x192_y192,23,23,2019-02-09,2020-11-20,650,0,5,17.5,1.0599078341013826
7_2_X0050_Y1850_S050_x192_y256,23,23,2019-02-09,2020-11-20,650,0,5,17.5,1.0599078341013826
7_2_X0050_Y1850_S050_x192_y320,23,23,2019-02-09,2020-11-20,650,0,5,17.5,1.0599078341013826
7_2_X0050_Y1850_S050_x192_y384,23,23,2019-02-09,2020-11-20,650,0,5,17.5,1.0599078341013826
7_2_X0050_Y1850_S050_x192_y448,24,24,2019-02-09,2020-12-10,670,0,5,20.0,1.0730253353204173
7_2_X0050_Y1850_S050_x192_y512,24,24,2019-02-09,2020-12-10,670,0,5,20.0,1.0730253353204173
7_2_X0050_Y1850_S050_x192_y576,23,23,2019-02-09,2020-12-10,670,0,5,22.5,1.0283159463487332
7_2_X0050_Y1850_S050_x192_y64,23,23,2019-02-09,2020-11-20,650,0,5,17.5,1.0599078341013826
7_2_X0050_Y1850_S050_x192_y640,23,23,2019-02-09,2020-12-10,670,0,5,22.5,1.0283159463487332
7_2_X0050_Y1850_S050_x256_y0,23,23,2019-02-09,2020-11-20,650,0,5,17.5,1.0599078341013826
7_2_X0050_Y1850_S050_x256_y128,23,23,2019-02-09,2020-11-20,650,0,5,17.5,1.0599078341013826
7_2_X0050_Y1850_S050_x256_y192,23,23,2019-02-09,2020-11-20,650,0,5,17.5,1.0599078341013826
7_2_X0050_Y1850_S050_x256_y256,23,23,2019-02-09,2020-11-20,650,0,5,17.5,1.0599078341013826
7_2_X0050_Y1850_S050_x256_y320,23,23,2019-02-09,2020-11-20,650,0,5,17.5,1.0599078341013826
7_2_X0050_Y1850_S050_x256_y384,23,23,2019-02-09,2020-11-20,650,0,5,17.5,1.0599078341013826
7_2_X0050_Y1850_S050_x256_y448,24,24,2019-02-09,2020-12-10,670,0,5,20.0,1.0730253353204173
7_2_X0050_Y1850_S050_x256_y512,24,24,2019-02-09,2020-12-10,670,0,5,20.0,1.0730253353204173
7_2_X0050_Y1850_S050_x256_y576,24,24,2019-02-09,2020-12-10,670,0,5,20.0,1.0730253353204173
7_2_X0050_Y1850_S050_x256_y64,23,23,2019-02-09,2020-11-20,650,0,5,17.5,1.0599078341013826
7_2_X0050_Y1850_S050_x256_y640,24,24,2019-02-09,2020-12-10,670,0,5,20.0,1.0730253353204173
7_2_X0050_Y1850_S050_x320_y0,23,23,2019-02-09,2020-11-20,650,0,5,22.5,1.0599078341013826
7_2_X0050_Y1850_S050_x320_y128,24,24,2019-02-09,2020-11-20,650,0,5,20.0,1.1059907834101383
7_2_X0050_Y1850_S050_x320_y192,24,24,2019-02-09,2020-12-10,670,0,5,20.0,1.0730253353204173
7_2_X0050_Y1850_S050_x320_y256,24,24,2019-02-09,2020-12-10,670,0,5,20.0,1.0730253353204173
7_2_X0050_Y1850_S050_x320_y320,24,24,2019-02-09,2020-12-10,670,0,5,20.0,1.0730253353204173
7_2_X0050_Y1850_S050_x320_y384,24,24,2019-02-09,2020-12-10,670,0,5,20.0,1.0730253353204173
7_2_X0050_Y1850_S050_x320_y448,24,24,2019-02-09,2020-12-10,670,0,5,20.0,1.0730253353204173
7_2_X0050_Y1850_S050_x320_y512,24,24,2019-02-09,2020-12-10,670,0,5,20.0,1.0730253353204173
7_2_X0050_Y1850_S050_x320_y576,24,24,2019-02-09,2020-12-10,670,0,5,20.0,1.0730253353204173
7_2_X0050_Y1850_S050_x320_y64,23,23,2019-02-09,2020-11-20,650,0,5,22.5,1.0599078341013826
7_2_X0050_Y1850_S050_x320_y640,24,24,2019-02-09,2020-12-10,670,0,5,20.0,1.0730253353204173
7_2_X0050_Y1850_S050_x384_y0,24,24,2019-02-09,2020-12-10,670,0,5,20.0,1.0730253353204173
7_2_X0050_Y1850_S050_x384_y128,24,24,2019-02-09,2020-12-10,670,0,5,20.0,1.0730253353204173
7_2_X0050_Y1850_S050_x384_y192,24,24,2019-02-09,2020-12-10,670,0,5,20.0,1.0730253353204173
7_2_X0050_Y1850_S050_x384_y256,24,24,2019-02-09,2020-12-10,670,0,5,20.0,1.0730253353204173
7_2_X0050_Y1850_S050_x384_y320,25,25,2019-02-09,2020-12-10,670,0,5,20.0,1.1177347242921014
7_2_X0050_Y1850_S050_x384_y384,25,25,2019-02-09,2020-12-10,670,0,5,20.0,1.1177347242921014
7_2_X0050_Y1850_S050_x384_y448,24,24,2019-02-09,2020-12-10,670,0,5,20.0,1.0730253353204173
7_2_X0050_Y1850_S050_x384_y512,24,24,2019-02-09,2020-12-10,670,0,5,20.0,1.0730253353204173
7_2_X0050_Y1850_S050_x384_y576,24,24,2019-02-09,2020-12-10,670,0,5,20.0,1.0730253353204173
7_2_X0050_Y1850_S050_x384_y64,24,24,2019-02-09,2020-12-10,670,0,5,20.0,1.0730253353204173
7_2_X0050_Y1850_S050_x384_y640,24,24,2019-02-09,2020-12-10,670,0,5,20.0,1.0730253353204173
7_2_X0050_Y1850_S050_x448_y0,22,22,2019-02-09,2020-12-10,670,0,5,20.0,0.9836065573770492
7_2_X0050_Y1850_S050_x448_y128,22,22,2019-02-09,2020-12-10,670,0,5,20.0,0.9836065573770492
7_2_X0050_Y1850_S050_x448_y192,23,23,2019-02-09,2020-12-10,670,0,5,20.0,1.0283159463487332
7_2_X0050_Y1850_S050_x448_y256,24,24,2019-02-09,2020-12-10,670,0,5,20.0,1.0730253353204173
7_2_X0050_Y1850_S050_x448_y320,25,25,2019-02-09,2020-12-10,670,0,5,20.0,1.1177347242921014
7_2_X0050_Y1850_S050_x448_y384,24,24,2019-02-09,2020-12-10,670,0,5,20.0,1.0730253353204173
7_2_X0050_Y1850_S050_x448_y448,24,24,2019-02-09,2020-12-10,670,0,5,20.0,1.0730253353204173
7_2_X0050_Y1850_S050_x448_y512,24,24,2019-02-09,2020-12-10,670,0,5,20.0,1.0730253353204173
7_2_X0050_Y1850_S050_x448_y576,24,24,2019-02-09,2020-12-10,670,0,5,20.0,1.0730253353204173
7_2_X0050_Y1850_S050_x448_y64,22,22,2019-02-09,2020-12-10,670,0,5,20.0,0.9836065573770492
7_2_X0050_Y1850_S050_x448_y640,24,24,2019-02-09,2020-12-10,670,0,5,20.0,1.0730253353204173
7_2_X0050_Y1850_S050_x512_y0,21,21,2019-02-09,2020-12-10,670,0,5,17.5,0.9388971684053651
7_2_X0050_Y1850_S050_x512_y128,22,22,2019-02-09,2020-12-10,670,0,5,20.0,0.9836065573770492
7_2_X0050_Y1850_S050_x512_y192,22,22,2019-02-09,2020-12-10,670,0,5,20.0,0.9836065573770492
7_2_X0050_Y1850_S050_x512_y256,23,23,2019-02-09,2020-12-10,670,0,5,22.5,1.0283159463487332
7_2_X0050_Y1850_S050_x512_y320,23,23,2019-02-09,2020-12-10,670,0,5,22.5,1.0283159463487332
7_2_X0050_Y1850_S050_x512_y384,24,24,2019-02-09,2020-12-10,670,0,5,20.0,1.0730253353204173
7_2_X0050_Y1850_S050_x512_y448,24,24,2019-02-09,2020-12-10,670,0,5,20.0,1.0730253353204173
7_2_X0050_Y1850_S050_x512_y512,24,24,2019-02-09,2020-12-10,670,0,5,20.0,1.0730253353204173
7_2_X0050_Y1850_S050_x512_y576,24,24,2019-02-09,2020-12-10,670,0,5,20.0,1.0730253353204173
7_2_X0050_Y1850_S050_x512_y64,22,22,2019-02-09,2020-12-10,670,0,5,20.0,0.9836065573770492
7_2_X0050_Y1850_S050_x512_y640,25,25,2019-02-09,2020-12-10,670,0,5,20.0,1.1177347242921014
7_2_X0050_Y1850_S050_x576_y0,21,21,2019-02-09,2020-12-10,670,0,5,17.5,0.9388971684053651
7_2_X0050_Y1850_S050_x576_y128,24,24,2019-02-09,2020-12-10,670,0,5,20.0,1.0730253353204173
7_2_X0050_Y1850_S050_x576_y192,24,24,2019-02-09,2020-12-10,670,0,5,20.0,1.0730253353204173
7_2_X0050_Y1850_S050_x576_y256,23,23,2019-02-09,2020-12-10,670,0,5,22.5,1.0283159463487332
7_2_X0050_Y1850_S050_x576_y320,23,23,2019-02-09,2020-12-10,670,0,5,22.5,1.0283159463487332
7_2_X0050_Y1850_S050_x576_y384,23,23,2019-02-09,2020-12-10,670,0,5,22.5,1.0283159463487332
7_2_X0050_Y1850_S050_x576_y448,24,24,2019-02-09,2020-12-10,670,0,5,20.0,1.0730253353204173
7_2_X0050_Y1850_S050_x576_y512,24,24,2019-02-09,2020-12-10,670,0,5,20.0,1.0730253353204173
7_2_X0050_Y1850_S050_x576_y576,24,24,2019-02-09,2020-12-10,670,0,5,20.0,1.0730253353204173
7_2_X0050_Y1850_S050_x576_y64,22,22,2019-02-09,2020-12-10,670,0,5,20.0,0.9836065573770492
7_2_X0050_Y1850_S050_x576_y640,25,25,2019-02-09,2020-12-10,670,0,5,20.0,1.1177347242921014
7_2_X0050_Y1850_S050_x640_y0,23,23,2019-02-09,2020-12-10,670,0,5,20.0,1.0283159463487332
7_2_X0050_Y1850_S050_x640_y128,22,22,2019-02-09,2020-12-10,670,0,5,20.0,0.9836065573770492
7_2_X0050_Y1850_S050_x640_y192,24,24,2019-02-09,2020-12-10,670,0,5,20.0,1.0730253353204173
7_2_X0050_Y1850_S050_x640_y256,24,24,2019-02-09,2020-12-10,670,0,5,20.0,1.0730253353204173
7_2_X0050_Y1850_S050_x640_y320,23,23,2019-02-09,2020-12-10,670,0,5,22.5,1.0283159463487332
7_2_X0050_Y1850_S050_x640_y384,23,23,2019-02-09,2020-12-10,670,0,5,22.5,1.0283159463487332
7_2_X0050_Y1850_S050_x640_y448,23,23,2019-02-09,2020-12-10,670,0,5,22.5,1.0283159463487332
7_2_X0050_Y1850_S050_x640_y512,23,23,2019-02-09,2020-12-10,670,0,5,22.5,1.0283159463487332
7_2_X0050_Y1850_S050_x640_y576,24,24,2019-02-09,2020-12-10,670,0,5,20.0,1.0730253353204173
7_2_X0050_Y1850_S050_x640_y64,23,23,2019-02-09,2020-12-10,670,0,5,20.0,1.0283159463487332
7_2_X0050_Y1850_S050_x640_y640,25,25,2019-02-09,2020-12-10,670,0,5,20.0,1.1177347242921014
7_2_X0050_Y1850_S050_x64_y0,24,24,2019-02-09,2020-11-20,650,0,5,20.0,1.1059907834101383
7_2_X0050_Y1850_S050_x64_y128,24,24,2019-02-09,2020-11-20,650,0,5,20.0,1.1059907834101383
7_2_X0050_Y1850_S050_x64_y192,24,24,2019-02-09,2020-11-20,650,0,5,20.0,1.1059907834101383
7_2_X0050_Y1850_S050_x64_y256,23,23,2019-02-09,2020-11-20,650,0,5,17.5,1.0599078341013826
7_2_X0050_Y1850_S050_x64_y320,23,23,2019-02-09,2020-11-20,650,0,5,17.5,1.0599078341013826
7_2_X0050_Y1850_S050_x64_y384,23,23,2019-02-09,2020-11-20,650,0,5,17.5,1.0599078341013826
7_2_X0050_Y1850_S050_x64_y448,23,23,2019-02-09,2020-11-20,650,0,5,17.5,1.0599078341013826
7_2_X0050_Y1850_S050_x64_y512,22,22,2019-02-09,2020-11-20,650,0,5,25.0,1.0138248847926268
7_2_X0050_Y1850_S050_x64_y576,22,22,2019-02-09,2020-11-20,650,0,5,25.0,1.0138248847926268
7_2_X0050_Y1850_S050_x64_y64,24,24,2019-02-09,2020-11-20,650,0,5,20.0,1.1059907834101383
7_2_X0050_Y1850_S050_x64_y640,23,23,2019-02-09,2020-12-10,670,0,5,22.5,1.0283159463487332
7_2_X0050_Y1900_S050_x0_y0,23,23,2019-02-09,2020-12-10,670,0,5,22.5,1.0283159463487332
7_2_X0050_Y1900_S050_x0_y128,24,24,2019-02-09,2020-12-10,670,0,5,20.0,1.0730253353204173
7_2_X0050_Y1900_S050_x0_y192,24,24,2019-02-09,2020-12-10,670,0,5,20.0,1.0730253353204173
7_2_X0050_Y1900_S050_x0_y256,24,24,2019-02-09,2020-12-10,670,0,5,20.0,1.0730253353204173
7_2_X0050_Y1900_S050_x0_y320,24,24,2019-02-09,2020-12-10,670,0,5,20.0,1.0730253353204173
7_2_X0050_Y1900_S050_x0_y384,24,24,2019-02-09,2020-12-10,670,0,5,20.0,1.0730253353204173
7_2_X0050_Y1900_S050_x0_y448,23,23,2019-02-09,2020-12-10,670,0,5,22.5,1.0283159463487332
7_2_X0050_Y1900_S050_x0_y512,23,23,2019-02-09,2020-12-10,670,0,5,22.5,1.0283159463487332
7_2_X0050_Y1900_S050_x0_y576,24,24,2019-02-09,2020-12-10,670,0,5,20.0,1.0730253353204173
7_2_X0050_Y1900_S050_x0_y64,23,23,2019-02-09,2020-12-10,670,0,5,22.5,1.0283159463487332
7_2_X0050_Y1900_S050_x0_y640,24,24,2019-02-09,2020-12-10,670,0,5,20.0,1.0730253353204173
7_2_X0050_Y1900_S050_x128_y128,25,25,2019-02-09,2020-12-10,670,0,5,20.0,1.1177347242921014
7_2_X0050_Y1900_S050_x128_y192,25,25,2019-02-09,2020-12-10,670,0,5,20.0,1.1177347242921014
7_2_X0050_Y1900_S050_x128_y256,23,23,2019-02-09,2020-12-10,670,0,5,22.5,1.0283159463487332
7_2_X0050_Y1900_S050_x128_y320,23,23,2019-02-09,2020-12-10,670,0,5,22.5,1.0283159463487332
7_2_X0050_Y1900_S050_x128_y384,23,23,2019-02-09,2020-12-10,670,0,5,22.5,1.0283159463487332
7_2_X0050_Y1900_S050_x128_y448,23,23,2019-02-09,2020-12-10,670,0,5,22.5,1.0283159463487332
7_2_X0050_Y1900_S050_x128_y512,23,23,2019-02-09,2020-12-10,670,0,5,22.5,1.0283159463487332
7_2_X0050_Y1900_S050_x128_y576,24,24,2019-02-09,2020-12-10,670,0,5,20.0,1.0730253353204173
7_2_X0050_Y1900_S050_x128_y64,13,13,2019-02-09,2020-12-10,670,0,5,42.5,0.5812220566318927
7_2_X0050_Y1900_S050_x128_y640,24,24,2019-02-09,2020-12-10,670,0,5,20.0,1.0730253353204173
7_2_X0050_Y1900_S050_x192_y128,18,18,2019-02-09,2020-12-10,670,0,10,25.0,0.8047690014903129
7_2_X0050_Y1900_S050_x192_y192,25,25,2019-02-09,2020-12-10,670,0,5,20.0,1.1177347242921014
7_2_X0050_Y1900_S050_x192_y256,25,25,2019-02-09,2020-12-10,670,0,5,20.0,1.1177347242921014
7_2_X0050_Y1900_S050_x192_y320,18,18,2019-02-09,2020-12-10,670,0,5,35.0,0.8047690014903129
7_2_X0050_Y1900_S050_x192_y384,23,23,2019-02-09,2020-12-10,670,0,5,22.5,1.0283159463487332
7_2_X0050_Y1900_S050_x192_y448,22,22,2019-02-09,2020-12-10,670,0,5,25.0,0.9836065573770492
7_2_X0050_Y1900_S050_x192_y512,24,24,2019-02-09,2020-12-10,670,0,5,20.0,1.0730253353204173
7_2_X0050_Y1900_S050_x192_y576,23,23,2019-02-09,2020-12-10,670,0,5,22.5,1.0283159463487332
7_2_X0050_Y1900_S050_x192_y640,23,23,2019-02-09,2020-12-10,670,0,5,22.5,1.0283159463487332
7_2_X0050_Y1900_S050_x256_y128,10,10,2019-02-09,2020-12-10,670,0,25,60.0,0.44709388971684055
7_2_X0050_Y1900_S050_x256_y192,3,3,2019-05-05,2020-03-15,315,0,85,157.5,0.2848101265822785
7_2_X0050_Y1900_S050_x256_y256,7,7,2019-02-09,2020-12-10,670,0,25,52.5,0.31296572280178836
7_2_X0050_Y1900_S050_x256_y512,7,7,2019-02-09,2020-12-10,670,0,20,42.5,0.31296572280178836
7_2_X0050_Y1900_S050_x256_y576,23,23,2019-02-09,2020-12-10,670,0,5,22.5,1.0283159463487332
7_2_X0050_Y1900_S050_x256_y640,22,22,2019-02-09,2020-12-10,670,0,5,25.0,0.9836065573770492
7_2_X0050_Y1900_S050_x320_y448,1,1,2019-05-05,2019-05-05,0,0,,,30.0
7_2_X0050_Y1900_S050_x384_y448,5,5,2019-02-09,2020-11-20,650,0,25,147.5,0.2304147465437788
7_2_X0050_Y1900_S050_x384_y512,16,16,2019-02-09,2020-12-10,670,0,10,35.0,0.7153502235469449
7_2_X0050_Y1900_S050_x384_y576,21,21,2019-02-09,2020-12-10,670,0,5,25.0,0.9388971684053651
7_2_X0050_Y1900_S050_x384_y640,23,23,2019-02-09,2020-12-10,670,0,5,20.0,1.0283159463487332
7_2_X0050_Y1900_S050_x64_y128,25,25,2019-02-09,2020-12-10,670,0,5,20.0,1.1177347242921014
7_2_X0050_Y1900_S050_x64_y192,24,24,2019-02-09,2020-12-10,670,0,5,20.0,1.0730253353204173
7_2_X0050_Y1900_S050_x64_y256,24,24,2019-02-09,2020-12-10,670,0,5,20.0,1.0730253353204173
7_2_X0050_Y1900_S050_x64_y320,23,23,2019-02-09,2020-12-10,670,0,5,22.5,1.0283159463487332
7_2_X0050_Y1900_S050_x64_y384,23,23,2019-02-09,2020-12-10,670,0,5,22.5,1.0283159463487332
7_2_X0050_Y1900_S050_x64_y448,23,23,2019-02-09,2020-12-10,670,0,5,22.5,1.0283159463487332
7_2_X0050_Y1900_S050_x64_y512,23,23,2019-02-09,2020-12-10,670,0,5,22.5,1.0283159463487332
7_2_X0050_Y1900_S050_x64_y576,23,23,2019-02-09,2020-12-10,670,0,5,22.5,1.0283159463487332
7_2_X0050_Y1900_S050_x64_y64,23,23,2019-02-09,2020-12-10,670,0,5,22.5,1.0283159463487332
7_2_X0050_Y1900_S050_x64_y640,23,23,2019-02-09,2020-12-10,670,0,5,22.5,1.0283159463487332
7_2_X0100_Y1850_S050_x0_y0,21,21,2019-02-09,2020-12-10,670,0,5,25.0,0.9388971684053651
7_2_X0100_Y1850_S050_x0_y128,20,20,2019-02-09,2020-12-10,670,0,5,25.0,0.8941877794336811
7_2_X0100_Y1850_S050_x0_y192,21,21,2019-02-09,2020-12-10,670,0,5,25.0,0.9388971684053651
7_2_X0100_Y1850_S050_x0_y256,21,21,2019-02-09,2020-12-10,670,0,5,25.0,0.9388971684053651
7_2_X0100_Y1850_S050_x0_y320,23,23,2019-02-09,2020-12-10,670,0,5,25.0,1.0283159463487332
7_2_X0100_Y1850_S050_x0_y384,23,23,2019-02-09,2020-12-10,670,0,5,25.0,1.0283159463487332
7_2_X0100_Y1850_S050_x0_y448,23,23,2019-02-09,2020-12-10,670,0,5,25.0,1.0283159463487332
7_2_X0100_Y1850_S050_x0_y512,23,23,2019-02-09,2020-12-10,670,0,5,25.0,1.0283159463487332
7_2_X0100_Y1850_S050_x0_y576,23,23,2019-02-09,2020-12-10,670,0,5,25.0,1.0283159463487332
7_2_X0100_Y1850_S050_x0_y64,21,21,2019-02-09,2020-12-10,670,0,5,25.0,0.9388971684053651
7_2_X0100_Y1850_S050_x0_y640,23,23,2019-02-09,2020-12-10,670,0,5,22.5,1.0283159463487332
7_2_X0100_Y1850_S050_x128_y0,20,20,2019-02-09,2020-12-10,670,0,5,25.0,0.8941877794336811
7_2_X0100_Y1850_S050_x128_y128,22,22,2019-02-09,2020-12-10,670,0,5,25.0,0.9836065573770492
7_2_X0100_Y1850_S050_x128_y192,22,22,2019-02-09,2020-12-10,670,0,5,25.0,0.9836065573770492
7_2_X0100_Y1850_S050_x128_y256,23,23,2019-02-09,2020-12-10,670,0,5,22.5,1.0283159463487332
7_2_X0100_Y1850_S050_x128_y320,23,23,2019-02-09,2020-12-10,670,0,5,25.0,1.0283159463487332
7_2_X0100_Y1850_S050_x128_y384,22,22,2019-02-09,2020-11-10,640,0,5,25.0,1.029641185647426
7_2_X0100_Y1850_S050_x128_y448,22,22,2019-02-09,2020-11-10,640,0,5,25.0,1.029641185647426
7_2_X0100_Y1850_S050_x128_y512,22,22,2019-02-09,2020-11-10,640,0,5,25.0,1.029641185647426
7_2_X0100_Y1850_S050_x128_y576,22,22,2019-02-09,2020-11-10,640,0,5,25.0,1.029641185647426
7_2_X0100_Y1850_S050_x128_y64,21,21,2019-02-09,2020-12-10,670,0,5,25.0,0.9388971684053651
7_2_X0100_Y1850_S050_x128_y640,22,22,2019-02-09,2020-11-10,640,0,5,25.0,1.029641185647426
7_2_X0100_Y1850_S050_x192_y0,24,24,2019-02-09,2020-12-10,670,0,5,20.0,1.0730253353204173
7_2_X0100_Y1850_S050_x192_y128,23,23,2019-02-09,2020-12-10,670,0,5,22.5,1.0283159463487332
7_2_X0100_Y1850_S050_x192_y192,22,22,2019-02-09,2020-11-20,650,0,5,25.0,1.0138248847926268
7_2_X0100_Y1850_S050_x192_y256,22,22,2019-02-09,2020-11-20,650,0,5,25.0,1.0138248847926268
7_2_X0100_Y1850_S050_x192_y320,22,22,2019-02-09,2020-11-20,650,0,5,25.0,1.0138248847926268
7_2_X0100_Y1850_S050_x192_y384,22,22,2019-02-09,2020-11-20,650,0,5,25.0,1.0138248847926268
7_2_X0100_Y1850_S050_x192_y448,22,22,2019-02-09,2020-11-10,640,0,5,25.0,1.029641185647426
7_2_X0100_Y1850_S050_x192_y512,23,23,2019-02-09,2020-11-20,650,0,5,22.5,1.0599078341013826
7_2_X0100_Y1850_S050_x192_y576,22,22,2019-02-09,2020-11-20,650,0,5,25.0,1.0138248847926268
7_2_X0100_Y1850_S050_x192_y64,24,24,2019-02-09,2020-12-10,670,0,5,20.0,1.0730253353204173
7_2_X0100_Y1850_S050_x192_y640,22,22,2019-02-09,2020-11-20,650,0,5,25.0,1.0138248847926268
7_2_X0100_Y1850_S050_x256_y0,24,24,2019-02-09,2020-12-10,670,0,5,20.0,1.0730253353204173
7_2_X0100_Y1850_S050_x256_y128,24,24,2019-02-09,2020-12-10,670,0,5,20.0,1.0730253353204173
7_2_X0100_Y1850_S050_x256_y192,23,23,2019-02-09,2020-12-10,670,0,5,22.5,1.0283159463487332
7_2_X0100_Y1850_S050_x256_y256,23,23,2019-02-09,2020-11-20,650,0,5,22.5,1.0599078341013826
7_2_X0100_Y1850_S050_x256_y320,22,22,2019-02-09,2020-11-20,650,0,5,25.0,1.0138248847926268
7_2_X0100_Y1850_S050_x256_y384,22,22,2019-02-09,2020-11-20,650,0,5,25.0,1.0138248847926268
7_2_X0100_Y1850_S050_x256_y448,21,21,2019-02-09,2020-11-20,650,0,5,25.0,0.967741935483871
7_2_X0100_Y1850_S050_x256_y512,22,22,2019-02-09,2020-11-20,650,0,5,25.0,1.0138248847926268
7_2_X0100_Y1850_S050_x256_y576,22,22,2019-02-09,2020-11-20,650,0,5,25.0,1.0138248847926268
7_2_X0100_Y1850_S050_x256_y64,24,24,2019-02-09,2020-12-10,670,0,5,20.0,1.0730253353204173
7_2_X0100_Y1850_S050_x256_y640,22,22,2019-02-09,2020-11-20,650,0,5,25.0,1.0138248847926268
7_2_X0100_Y1850_S050_x320_y0,23,23,2019-02-09,2020-12-10,670,0,5,20.0,1.0283159463487332
7_2_X0100_Y1850_S050_x320_y128,23,23,2019-02-09,2020-12-10,670,0,5,20.0,1.0283159463487332
7_2_X0100_Y1850_S050_x320_y192,23,23,2019-02-09,2020-12-10,670,0,5,20.0,1.0283159463487332
7_2_X0100_Y1850_S050_x320_y256,23,23,2019-02-09,2020-12-10,670,0,5,20.0,1.0283159463487332
7_2_X0100_Y1850_S050_x320_y320,22,22,2019-02-09,2020-12-10,670,0,5,25.0,0.9836065573770492
7_2_X0100_Y1850_S050_x320_y384,21,21,2019-02-09,2020-11-20,650,0,5,25.0,0.967741935483871
7_2_X0100_Y1850_S050_x320_y448,22,22,2019-02-09,2020-11-20,650,0,5,25.0,1.0138248847926268
7_2_X0100_Y1850_S050_x320_y512,21,21,2019-02-09,2020-11-20,650,0,5,22.5,0.967741935483871
7_2_X0100_Y1850_S050_x320_y576,20,20,2019-02-09,2020-11-20,650,0,5,20.0,0.9216589861751152
7_2_X0100_Y1850_S050_x320_y64,23,23,2019-02-09,2020-12-10,670,0,5,20.0,1.0283159463487332
7_2_X0100_Y1850_S050_x320_y640,19,19,2019-02-09,2020-10-16,615,0,5,17.5,0.9253246753246753
7_2_X0100_Y1850_S050_x384_y0,22,22,2019-02-09,2020-12-10,670,0,5,20.0,0.9836065573770492
7_2_X0100_Y1850_S050_x384_y128,22,22,2019-02-09,2020-12-10,670,0,5,20.0,0.9836065573770492
7_2_X0100_Y1850_S050_x384_y192,23,23,2019-02-09,2020-12-10,670,0,5,20.0,1.0283159463487332
7_2_X0100_Y1850_S050_x384_y256,23,23,2019-02-09,2020-12-10,670,0,5,20.0,1.0283159463487332
7_2_X0100_Y1850_S050_x384_y320,22,22,2019-02-09,2020-11-20,650,0,5,20.0,1.0138248847926268
7_2_X0100_Y1850_S050_x384_y384,22,22,2019-02-09,2020-11-20,650,0,5,20.0,1.0138248847926268
7_2_X0100_Y1850_S050_x384_y448,21,21,2019-02-09,2020-11-20,650,0,5,25.0,0.967741935483871
7_2_X0100_Y1850_S050_x384_y512,21,21,2019-02-09,2020-12-10,670,0,5,20.0,0.9388971684053651
7_2_X0100_Y1850_S050_x384_y576,20,20,2019-02-09,2020-11-20,650,0,5,20.0,0.9216589861751152
7_2_X0100_Y1850_S050_x384_y64,21,21,2019-02-09,2020-12-10,670,0,5,17.5,0.9388971684053651
7_2_X0100_Y1850_S050_x384_y640,19,19,2019-02-09,2020-10-16,615,0,5,20.0,0.9253246753246753
7_2_X0100_Y1850_S050_x448_y0,23,23,2019-02-09,2020-12-10,670,0,5,17.5,1.0283159463487332
7_2_X0100_Y1850_S050_x448_y128,22,22,2019-02-09,2020-12-10,670,0,5,15.0,0.9836065573770492
7_2_X0100_Y1850_S050_x448_y192,23,23,2019-02-09,2020-12-10,670,0,5,17.5,1.0283159463487332
7_2_X0100_Y1850_S050_x448_y256,23,23,2019-02-09,2020-12-10,670,0,5,20.0,1.0283159463487332
7_2_X0100_Y1850_S050_x448_y320,23,23,2019-02-09,2020-12-10,670,0,5,20.0,1.0283159463487332
7_2_X0100_Y1850_S050_x448_y384,22,22,2019-02-09,2020-12-10,670,0,5,20.0,0.9836065573770492
7_2_X0100_Y1850_S050_x448_y448,22,22,2019-02-09,2020-12-10,670,0,5,20.0,0.9836065573770492
7_2_X0100_Y1850_S050_x448_y512,22,22,2019-02-09,2020-12-10,670,0,5,20.0,0.9836065573770492
7_2_X0100_Y1850_S050_x448_y576,19,19,2019-03-26,2020-11-20,605,0,5,20.0,0.9405940594059405
7_2_X0100_Y1850_S050_x448_y64,22,22,2019-02-09,2020-12-10,670,0,5,15.0,0.9836065573770492
7_2_X0100_Y1850_S050_x448_y640,19,19,2019-02-09,2020-10-16,615,0,5,20.0,0.9253246753246753
7_2_X0100_Y1850_S050_x512_y0,23,23,2019-02-09,2020-12-10,670,0,5,17.5,1.0283159463487332
7_2_X0100_Y1850_S050_x512_y128,24,24,2019-02-09,2020-12-10,670,0,5,20.0,1.0730253353204173
7_2_X0100_Y1850_S050_x512_y192,24,24,2019-02-09,2020-12-10,670,0,5,20.0,1.0730253353204173
7_2_X0100_Y1850_S050_x512_y256,23,23,2019-02-09,2020-12-10,670,0,5,17.5,1.0283159463487332
7_2_X0100_Y1850_S050_x512_y320,23,23,2019-02-09,2020-12-10,670,0,5,17.5,1.0283159463487332
7_2_X0100_Y1850_S050_x512_y384,23,23,2019-02-09,2020-12-10,670,0,5,17.5,1.0283159463487332
7_2_X0100_Y1850_S050_x512_y448,22,22,2019-02-09,2020-12-10,670,0,5,20.0,0.9836065573770492
7_2_X0100_Y1850_S050_x512_y512,22,22,2019-02-09,2020-12-10,670,0,5,20.0,0.9836065573770492
7_2_X0100_Y1850_S050_x512_y576,19,19,2019-02-09,2020-10-16,615,0,5,15.0,0.9253246753246753
7_2_X0100_Y1850_S050_x512_y64,23,23,2019-02-09,2020-12-10,670,0,5,17.5,1.0283159463487332
7_2_X0100_Y1850_S050_x512_y640,18,18,2019-03-26,2020-10-16,570,0,5,15.0,0.9457092819614711
7_2_X0100_Y1850_S050_x576_y0,23,23,2019-02-09,2020-12-10,670,0,5,17.5,1.0283159463487332
7_2_X0100_Y1850_S050_x576_y128,24,24,2019-02-09,2020-12-10,670,0,5,20.0,1.0730253353204173
7_2_X0100_Y1850_S050_x576_y192,23,23,2019-02-09,2020-12-10,670,0,5,17.5,1.0283159463487332
7_2_X0100_Y1850_S050_x576_y256,23,23,2019-02-09,2020-12-10,670,0,5,17.5,1.0283159463487332
7_2_X0100_Y1850_S050_x576_y320,23,23,2019-02-09,2020-12-10,670,0,5,17.5,1.0283159463487332
7_2_X0100_Y1850_S050_x576_y384,23,23,2019-02-09,2020-12-10,670,0,5,17.5,1.0283159463487332
7_2_X0100_Y1850_S050_x576_y448,22,22,2019-02-09,2020-12-10,670,0,5,20.0,0.9836065573770492
7_2_X0100_Y1850_S050_x576_y512,23,23,2019-02-09,2020-12-10,670,0,5,17.5,1.0283159463487332
7_2_X0100_Y1850_S050_x576_y576,22,22,2019-02-09,2020-12-10,670,0,5,15.0,0.9836065573770492
7_2_X0100_Y1850_S050_x576_y64,24,24,2019-02-09,2020-12-10,670,0,5,20.0,1.0730253353204173
7_2_X0100_Y1850_S050_x576_y640,22,22,2019-02-09,2020-11-20,650,0,5,15.0,1.0138248847926268
7_2_X0100_Y1850_S050_x640_y0,22,22,2019-02-09,2020-12-10,670,0,5,20.0,0.9836065573770492
7_2_X0100_Y1850_S050_x640_y128,23,23,2019-02-09,2020-12-10,670,0,5,22.5,1.0283159463487332
7_2_X0100_Y1850_S050_x640_y192,23,23,2019-02-09,2020-12-10,670,0,5,17.5,1.0283159463487332
7_2_X0100_Y1850_S050_x640_y256,23,23,2019-02-09,2020-12-10,670,0,5,17.5,1.0283159463487332
7_2_X0100_Y1850_S050_x640_y320,23,23,2019-02-09,2020-12-10,670,0,5,17.5,1.0283159463487332
7_2_X0100_Y1850_S050_x640_y384,23,23,2019-02-09,2020-12-10,670,0,5,17.5,1.0283159463487332
7_2_X0100_Y1850_S050_x640_y448,23,23,2019-02-09,2020-12-10,670,0,5,17.5,1.0283159463487332
7_2_X0100_Y1850_S050_x640_y512,22,22,2019-02-09,2020-12-10,670,0,5,15.0,0.9836065573770492
7_2_X0100_Y1850_S050_x640_y576,22,22,2019-02-09,2020-12-10,670,0,5,15.0,0.9836065573770492
7_2_X0100_Y1850_S050_x640_y64,22,22,2019-02-09,2020-12-10,670,0,5,20.0,0.9836065573770492
7_2_X0100_Y1850_S050_x640_y640,21,21,2019-02-09,2020-12-10,670,0,5,22.5,0.9388971684053651
7_2_X0100_Y1850_S050_x64_y0,21,21,2019-02-09,2020-12-10,670,0,5,25.0,0.9388971684053651
7_2_X0100_Y1850_S050_x64_y128,22,22,2019-02-09,2020-12-10,670,0,5,25.0,0.9836065573770492
7_2_X0100_Y1850_S050_x64_y192,22,22,2019-02-09,2020-12-10,670,0,5,25.0,0.9836065573770492
7_2_X0100_Y1850_S050_x64_y256,22,22,2019-02-09,2020-12-10,670,0,5,25.0,0.9836065573770492
7_2_X0100_Y1850_S050_x64_y320,23,23,2019-02-09,2020-12-10,670,0,5,25.0,1.0283159463487332
7_2_X0100_Y1850_S050_x64_y384,23,23,2019-02-09,2020-12-10,670,0,5,25.0,1.0283159463487332
7_2_X0100_Y1850_S050_x64_y448,23,23,2019-02-09,2020-12-10,670,0,5,25.0,1.0283159463487332
7_2_X0100_Y1850_S050_x64_y512,23,23,2019-02-09,2020-12-10,670,0,5,25.0,1.0283159463487332
7_2_X0100_Y1850_S050_x64_y576,23,23,2019-02-09,2020-12-10,670,0,5,25.0,1.0283159463487332
7_2_X0100_Y1850_S050_x64_y64,20,20,2019-02-09,2020-12-10,670,0,5,25.0,0.8941877794336811
7_2_X0100_Y1850_S050_x64_y640,22,22,2019-02-09,2020-11-10,640,0,5,25.0,1.029641185647426
7_2_X0100_Y1900_S050_x0_y0,25,25,2019-02-09,2020-12-10,670,0,5,20.0,1.1177347242921014
7_2_X0100_Y1900_S050_x0_y128,24,24,2019-02-09,2020-12-10,670,0,5,20.0,1.0730253353204173
7_2_X0100_Y1900_S050_x0_y192,24,24,2019-02-09,2020-12-10,670,0,5,20.0,1.0730253353204173
7_2_X0100_Y1900_S050_x0_y256,24,24,2019-02-09,2020-12-10,670,0,5,20.0,1.0730253353204173
7_2_X0100_Y1900_S050_x0_y320,24,24,2019-02-09,2020-12-10,670,0,5,20.0,1.0730253353204173
7_2_X0100_Y1900_S050_x0_y384,24,24,2019-02-09,2020-12-10,670,0,5,20.0,1.0730253353204173
7_2_X0100_Y1900_S050_x0_y448,24,24,2019-02-09,2020-12-10,670,0,5,20.0,1.0730253353204173
7_2_X0100_Y1900_S050_x0_y512,24,24,2019-02-09,2020-12-10,670,0,5,20.0,1.0730253353204173
7_2_X0100_Y1900_S050_x0_y576,24,24,2019-02-09,2020-12-10,670,0,5,20.0,1.0730253353204173
7_2_X0100_Y1900_S050_x0_y64,25,25,2019-02-09,2020-12-10,670,0,5,20.0,1.1177347242921014
7_2_X0100_Y1900_S050_x0_y640,24,24,2019-02-09,2020-12-10,670,0,5,20.0,1.0730253353204173
7_2_X0100_Y1900_S050_x128_y0,24,24,2019-02-09,2020-12-10,670,0,5,20.0,1.0730253353204173
7_2_X0100_Y1900_S050_x128_y128,24,24,2019-02-09,2020-12-10,670,0,5,20.0,1.0730253353204173
7_2_X0100_Y1900_S050_x128_y192,23,23,2019-02-09,2020-12-10,670,0,5,22.5,1.0283159463487332
7_2_X0100_Y1900_S050_x128_y256,24,24,2019-02-09,2020-12-10,670,0,5,20.0,1.0730253353204173
7_2_X0100_Y1900_S050_x128_y320,24,24,2019-02-09,2020-12-10,670,0,5,20.0,1.0730253353204173
7_2_X0100_Y1900_S050_x128_y384,24,24,2019-02-09,2020-12-10,670,0,5,20.0,1.0730253353204173
7_2_X0100_Y1900_S050_x128_y448,24,24,2019-02-09,2020-12-10,670,0,5,20.0,1.0730253353204173
7_2_X0100_Y1900_S050_x128_y512,24,24,2019-02-09,2020-12-10,670,0,5,20.0,1.0730253353204173
7_2_X0100_Y1900_S050_x128_y576,24,24,2019-02-09,2020-12-10,670,0,5,20.0,1.0730253353204173
7_2_X0100_Y1900_S050_x128_y64,24,24,2019-02-09,2020-12-10,670,0,5,20.0,1.0730253353204173
7_2_X0100_Y1900_S050_x128_y640,24,24,2019-02-09,2020-12-10,670,0,5,20.0,1.0730253353204173
7_2_X0100_Y1900_S050_x192_y0,24,24,2019-02-09,2020-12-10,670,0,5,20.0,1.0730253353204173
7_2_X0100_Y1900_S050_x192_y128,24,24,2019-02-09,2020-12-10,670,0,5,20.0,1.0730253353204173
7_2_X0100_Y1900_S050_x192_y192,23,23,2019-02-09,2020-12-10,670,0,5,22.5,1.0283159463487332
7_2_X0100_Y1900_S050_x192_y256,23,23,2019-02-09,2020-12-10,670,0,5,22.5,1.0283159463487332
7_2_X0100_Y1900_S050_x192_y320,24,24,2019-02-09,2020-12-10,670,0,5,20.0,1.0730253353204173
7_2_X0100_Y1900_S050_x192_y384,24,24,2019-02-09,2020-12-10,670,0,5,20.0,1.0730253353204173
7_2_X0100_Y1900_S050_x192_y448,24,24,2019-02-09,2020-12-10,670,0,5,20.0,1.0730253353204173
7_2_X0100_Y1900_S050_x192_y512,24,24,2019-02-09,2020-12-10,670,0,5,20.0,1.0730253353204173
7_2_X0100_Y1900_S050_x192_y576,24,24,2019-02-09,2020-12-10,670,0,5,20.0,1.0730253353204173
7_2_X0100_Y1900_S050_x192_y64,24,24,2019-02-09,2020-12-10,670,0,5,20.0,1.0730253353204173
7_2_X0100_Y1900_S050_x192_y640,24,24,2019-02-09,2020-12-10,670,0,5,20.0,1.0730253353204173
7_2_X0100_Y1900_S050_x256_y0,10,10,2019-02-09,2020-12-10,670,0,10,45.0,0.44709388971684055
7_2_X0100_Y1900_S050_x256_y128,24,24,2019-02-09,2020-12-10,670,0,5,20.0,1.0730253353204173
7_2_X0100_Y1900_S050_x256_y192,23,23,2019-02-09,2020-12-10,670,0,5,22.5,1.0283159463487332
7_2_X0100_Y1900_S050_x256_y256,23,23,2019-02-09,2020-12-10,670,0,5,22.5,1.0283159463487332
7_2_X0100_Y1900_S050_x256_y320,24,24,2019-02-09,2020-12-10,670,0,5,20.0,1.0730253353204173
7_2_X0100_Y1900_S050_x256_y384,24,24,2019-02-09,2020-12-10,670,0,5,20.0,1.0730253353204173
7_2_X0100_Y1900_S050_x256_y448,24,24,2019-02-09,2020-12-10,670,0,5,20.0,1.0730253353204173
7_2_X0100_Y1900_S050_x256_y512,24,24,2019-02-09,2020-12-10,670,0,5,20.0,1.0730253353204173
7_2_X0100_Y1900_S050_x256_y576,24,24,2019-02-09,2020-12-10,670,0,5,20.0,1.0730253353204173
7_2_X0100_Y1900_S050_x256_y64,24,24,2019-02-09,2020-12-10,670,0,5,20.0,1.0730253353204173
7_2_X0100_Y1900_S050_x256_y640,24,24,2019-02-09,2020-12-10,670,0,5,20.0,1.0730253353204173
7_2_X0100_Y1900_S050_x320_y0,9,9,2019-02-09,2020-12-10,670,0,10,42.5,0.40238450074515647
7_2_X0100_Y1900_S050_x320_y128,24,24,2019-02-09,2020-12-10,670,0,5,20.0,1.0730253353204173
7_2_X0100_Y1900_S050_x320_y192,23,23,2019-02-09,2020-12-10,670,0,5,22.5,1.0283159463487332
7_2_X0100_Y1900_S050_x320_y256,23,23,2019-02-09,2020-12-10,670,0,5,22.5,1.0283159463487332
7_2_X0100_Y1900_S050_x320_y320,23,23,2019-02-09,2020-12-10,670,0,5,22.5,1.0283159463487332
7_2_X0100_Y1900_S050_x320_y384,23,23,2019-02-09,2020-12-10,670,0,5,22.5,1.0283159463487332
7_2_X0100_Y1900_S050_x320_y448,24,24,2019-02-09,2020-12-10,670,0,5,20.0,1.0730253353204173
7_2_X0100_Y1900_S050_x320_y512,24,24,2019-02-09,2020-12-10,670,0,5,20.0,1.0730253353204173
7_2_X0100_Y1900_S050_x320_y576,24,24,2019-02-09,2020-12-10,670,0,5,20.0,1.0730253353204173
7_2_X0100_Y1900_S050_x320_y64,18,18,2019-02-09,2020-12-10,670,0,5,25.0,0.8047690014903129
7_2_X0100_Y1900_S050_x320_y640,24,24,2019-02-09,2020-12-10,670,0,5,20.0,1.0730253353204173
7_2_X0100_Y1900_S050_x384_y128,20,20,2019-03-26,2020-12-10,625,0,5,25.0,0.9584664536741214
7_2_X0100_Y1900_S050_x384_y192,22,22,2019-02-09,2020-12-10,670,0,5,25.0,0.9836065573770492
7_2_X0100_Y1900_S050_x384_y256,22,22,2019-02-09,2020-12-10,670,0,5,25.0,0.9836065573770492
7_2_X0100_Y1900_S050_x384_y320,22,22,2019-02-09,2020-12-10,670,0,5,25.0,0.9836065573770492
7_2_X0100_Y1900_S050_x384_y384,23,23,2019-02-09,2020-12-10,670,0,5,22.5,1.0283159463487332
7_2_X0100_Y1900_S050_x384_y448,23,23,2019-02-09,2020-12-10,670,0,5,22.5,1.0283159463487332
7_2_X0100_Y1900_S050_x384_y512,23,23,2019-02-09,2020-12-10,670,0,5,22.5,1.0283159463487332
7_2_X0100_Y1900_S050_x384_y576,23,23,2019-02-09,2020-12-10,670,0,5,22.5,1.0283159463487332
7_2_X0100_Y1900_S050_x384_y64,3,3,2019-02-09,2020-02-19,375,0,45,187.5,0.2393617021276596
7_2_X0100_Y1900_S050_x384_y640,23,23,2019-02-09,2020-12-10,670,0,5,22.5,1.0283159463487332
7_2_X0100_Y1900_S050_x448_y192,5,5,2019-02-09,2020-02-19,375,0,40,52.5,0.39893617021276595
7_2_X0100_Y1900_S050_x448_y256,21,21,2019-02-09,2020-12-10,670,0,5,22.5,0.9388971684053651
7_2_X0100_Y1900_S050_x448_y320,22,22,2019-02-09,2020-12-10,670,0,5,25.0,0.9836065573770492
7_2_X0100_Y1900_S050_x448_y384,23,23,2019-02-09,2020-12-10,670,0,5,22.5,1.0283159463487332
7_2_X0100_Y1900_S050_x448_y448,23,23,2019-02-09,2020-12-10,670,0,5,22.5,1.0283159463487332
7_2_X0100_Y1900_S050_x448_y512,23,23,2019-02-09,2020-12-10,670,0,5,22.5,1.0283159463487332
7_2_X0100_Y1900_S050_x448_y576,24,24,2019-02-09,2020-12-10,670,0,5,20.0,1.0730253353204173
7_2_X0100_Y1900_S050_x448_y64,2,2,2019-02-09,2019-05-05,85,0,85,85.0,0.6976744186046512
7_2_X0100_Y1900_S050_x448_y640,24,24,2019-02-09,2020-12-10,670,0,5,20.0,1.0730253353204173
7_2_X0100_Y1900_S050_x512_y320,19,19,2019-02-09,2020-12-10,670,0,5,32.5,0.849478390461997
7_2_X0100_Y1900_S050_x512_y384,23,23,2019-02-09,2020-12-10,670,0,5,22.5,1.0283159463487332
7_2_X0100_Y1900_S050_x512_y448,23,23,2019-02-09,2020-12-10,670,0,5,22.5,1.0283159463487332
7_2_X0100_Y1900_S050_x512_y512,23,23,2019-02-09,2020-12-10,670,0,5,22.5,1.0283159463487332
7_2_X0100_Y1900_S050_x512_y576,24,24,2019-02-09,2020-12-10,670,0,5,20.0,1.0730253353204173
7_2_X0100_Y1900_S050_x512_y640,24,24,2019-02-09,2020-12-10,670,0,5,20.0,1.0730253353204173
7_2_X0100_Y1900_S050_x576_y384,4,4,2019-02-09,2020-02-19,375,0,40,45.0,0.3191489361702128
7_2_X0100_Y1900_S050_x576_y448,23,23,2019-02-09,2020-12-10,670,0,5,22.5,1.0283159463487332
7_2_X0100_Y1900_S050_x576_y512,24,24,2019-02-09,2020-12-10,670,0,5,20.0,1.0730253353204173
7_2_X0100_Y1900_S050_x576_y576,24,24,2019-02-09,2020-12-10,670,0,5,20.0,1.0730253353204173
7_2_X0100_Y1900_S050_x576_y640,24,24,2019-02-09,2020-12-10,670,0,5,20.0,1.0730253353204173
7_2_X0100_Y1900_S050_x640_y0,21,21,2019-02-09,2020-12-10,670,0,5,20.0,0.9388971684053651
7_2_X0100_Y1900_S050_x640_y128,24,24,2019-02-09,2020-12-10,670,0,5,20.0,1.0730253353204173
7_2_X0100_Y1900_S050_x640_y192,25,25,2019-02-09,2020-12-10,670,0,5,20.0,1.1177347242921014
7_2_X0100_Y1900_S050_x640_y256,24,24,2019-02-09,2020-12-10,670,0,5,20.0,1.0730253353204173
7_2_X0100_Y1900_S050_x640_y320,23,23,2019-02-09,2020-12-10,670,0,5,20.0,1.0283159463487332
7_2_X0100_Y1900_S050_x640_y384,24,24,2019-02-09,2020-12-10,670,0,5,20.0,1.0730253353204173
7_2_X0100_Y1900_S050_x640_y448,24,24,2019-02-09,2020-12-10,670,0,5,20.0,1.0730253353204173
7_2_X0100_Y1900_S050_x640_y512,24,24,2019-02-09,2020-12-10,670,0,5,20.0,1.0730253353204173
7_2_X0100_Y1900_S050_x640_y576,22,22,2019-02-09,2020-12-10,670,0,5,20.0,0.9836065573770492
7_2_X0100_Y1900_S050_x640_y64,20,20,2019-02-09,2020-12-10,670,0,5,20.0,0.8941877794336811
7_2_X0100_Y1900_S050_x640_y640,17,17,2019-03-26,2020-12-10,625,0,5,30.0,0.8146964856230032
7_2_X0100_Y1900_S050_x64_y0,24,24,2019-02-09,2020-12-10,670,0,5,20.0,1.0730253353204173
7_2_X0100_Y1900_S050_x64_y128,24,24,2019-02-09,2020-12-10,670,0,5,20.0,1.0730253353204173
7_2_X0100_Y1900_S050_x64_y192,24,24,2019-02-09,2020-12-10,670,0,5,20.0,1.0730253353204173
7_2_X0100_Y1900_S050_x64_y256,24,24,2019-02-09,2020-12-10,670,0,5,20.0,1.0730253353204173
7_2_X0100_Y1900_S050_x64_y320,24,24,2019-02-09,2020-12-10,670,0,5,20.0,1.0730253353204173
7_2_X0100_Y1900_S050_x64_y384,24,24,2019-02-09,2020-12-10,670,0,5,20.0,1.0730253353204173
7_2_X0100_Y1900_S050_x64_y448,24,24,2019-02-09,2020-12-10,670,0,5,20.0,1.0730253353204173
7_2_X0100_Y1900_S050_x64_y512,24,24,2019-02-09,2020-12-10,670,0,5,20.0,1.0730253353204173
7_2_X0100_Y1900_S050_x64_y576,24,24,2019-02-09,2020-12-10,670,0,5,20.0,1.0730253353204173
7_2_X0100_Y1900_S050_x64_y64,24,24,2019-02-09,2020-12-10,670,0,5,20.0,1.0730253353204173
7_2_X0100_Y1900_S050_x64_y640,24,24,2019-02-09,2020-12-10,670,0,5,20.0,1.0730253353204173
7_2_X0150_Y1900_S050_x0_y0,24,24,2019-02-09,2020-12-10,670,0,5,20.0,1.0730253353204173
7_2_X0150_Y1900_S050_x0_y128,24,24,2019-02-09,2020-12-10,670,0,5,20.0,1.0730253353204173
7_2_X0150_Y1900_S050_x0_y192,24,24,2019-02-09,2020-12-10,670,0,5,20.0,1.0730253353204173
7_2_X0150_Y1900_S050_x0_y256,23,23,2019-02-09,2020-12-10,670,0,5,22.5,1.0283159463487332
7_2_X0150_Y1900_S050_x0_y320,24,24,2019-02-09,2020-12-10,670,0,5,20.0,1.0730253353204173
7_2_X0150_Y1900_S050_x0_y384,24,24,2019-02-09,2020-12-10,670,0,5,20.0,1.0730253353204173
7_2_X0150_Y1900_S050_x0_y448,24,24,2019-02-09,2020-12-10,670,0,5,20.0,1.0730253353204173
7_2_X0150_Y1900_S050_x0_y512,24,24,2019-02-09,2020-12-10,670,0,5,20.0,1.0730253353204173
7_2_X0150_Y1900_S050_x0_y576,24,24,2019-02-09,2020-12-10,670,0,5,20.0,1.0730253353204173
7_2_X0150_Y1900_S050_x0_y64,24,24,2019-02-09,2020-12-10,670,0,5,20.0,1.0730253353204173
7_2_X0150_Y1900_S050_x0_y640,24,24,2019-02-09,2020-12-10,670,0,5,20.0,1.0730253353204173
7_2_X0150_Y1900_S050_x128_y0,25,25,2019-02-09,2020-12-10,670,0,5,20.0,1.1177347242921014
7_2_X0150_Y1900_S050_x128_y128,25,25,2019-02-09,2020-12-10,670,0,5,20.0,1.1177347242921014
7_2_X0150_Y1900_S050_x128_y192,25,25,2019-02-09,2020-12-10,670,0,5,20.0,1.1177347242921014
7_2_X0150_Y1900_S050_x128_y256,25,25,2019-02-09,2020-12-10,670,0,5,20.0,1.1177347242921014
7_2_X0150_Y1900_S050_x128_y320,25,25,2019-02-09,2020-12-10,670,0,5,20.0,1.1177347242921014
7_2_X0150_Y1900_S050_x128_y384,25,25,2019-02-09,2020-12-10,670,0,5,20.0,1.1177347242921014
7_2_X0150_Y1900_S050_x128_y448,24,24,2019-02-09,2020-12-10,670,0,5,20.0,1.0730253353204173
7_2_X0150_Y1900_S050_x128_y512,24,24,2019-02-09,2020-12-10,670,0,5,20.0,1.0730253353204173
7_2_X0150_Y1900_S050_x128_y576,24,24,2019-02-09,2020-12-10,670,0,5,20.0,1.0730253353204173
7_2_X0150_Y1900_S050_x128_y64,25,25,2019-02-09,2020-12-10,670,0,5,20.0,1.1177347242921014
7_2_X0150_Y1900_S050_x128_y640,23,23,2019-02-09,2020-12-10,670,0,5,20.0,1.0283159463487332
7_2_X0150_Y1900_S050_x192_y0,25,25,2019-02-09,2020-12-10,670,0,5,20.0,1.1177347242921014
7_2_X0150_Y1900_S050_x192_y128,24,24,2019-02-09,2020-12-10,670,0,5,20.0,1.0730253353204173
7_2_X0150_Y1900_S050_x192_y192,24,24,2019-02-09,2020-12-10,670,0,5,20.0,1.0730253353204173
7_2_X0150_Y1900_S050_x192_y256,23,23,2019-02-09,2020-12-10,670,0,5,22.5,1.0283159463487332
7_2_X0150_Y1900_S050_x192_y320,23,23,2019-02-09,2020-12-10,670,0,5,22.5,1.0283159463487332
7_2_X0150_Y1900_S050_x192_y384,24,24,2019-02-09,2020-12-10,670,0,5,20.0,1.0730253353204173
7_2_X0150_Y1900_S050_x192_y448,24,24,2019-02-09,2020-12-10,670,0,5,20.0,1.0730253353204173
7_2_X0150_Y1900_S050_x192_y512,24,24,2019-02-09,2020-12-10,670,0,5,20.0,1.0730253353204173
7_2_X0150_Y1900_S050_x192_y576,23,23,2019-02-09,2020-12-10,670,0,5,20.0,1.0283159463487332
7_2_X0150_Y1900_S050_x192_y64,25,25,2019-02-09,2020-12-10,670,0,5,20.0,1.1177347242921014
7_2_X0150_Y1900_S050_x192_y640,24,24,2019-02-09,2020-12-10,670,0,5,20.0,1.0730253353204173
7_2_X0150_Y1900_S050_x256_y0,24,24,2019-02-09,2020-12-10,670,0,5,20.0,1.0730253353204173
7_2_X0150_Y1900_S050_x256_y128,24,24,2019-02-09,2020-12-10,670,0,5,20.0,1.0730253353204173
7_2_X0150_Y1900_S050_x256_y192,21,21,2019-02-09,2020-12-10,670,0,5,25.0,0.9388971684053651
7_2_X0150_Y1900_S050_x256_y320,22,22,2019-02-09,2020-12-10,670,0,5,25.0,0.9836065573770492
7_2_X0150_Y1900_S050_x256_y384,23,23,2019-02-09,2020-12-10,670,0,5,22.5,1.0283159463487332
7_2_X0150_Y1900_S050_x256_y448,23,23,2019-02-09,2020-12-10,670,0,5,22.5,1.0283159463487332
7_2_X0150_Y1900_S050_x256_y512,23,23,2019-02-09,2020-12-10,670,0,5,20.0,1.0283159463487332
7_2_X0150_Y1900_S050_x256_y576,24,24,2019-02-09,2020-12-10,670,0,5,20.0,1.0730253353204173
7_2_X0150_Y1900_S050_x256_y64,24,24,2019-02-09,2020-12-10,670,0,5,20.0,1.0730253353204173
7_2_X0150_Y1900_S050_x256_y640,24,24,2019-02-09,2020-12-10,670,0,5,20.0,1.0730253353204173
7_2_X0150_Y1900_S050_x320_y0,23,23,2019-02-09,2020-12-10,670,0,5,22.5,1.0283159463487332
7_2_X0150_Y1900_S050_x320_y128,21,21,2019-02-09,2020-12-10,670,0,5,25.0,0.9388971684053651
7_2_X0150_Y1900_S050_x320_y192,21,21,2019-02-09,2020-12-10,670,0,5,25.0,0.9388971684053651
7_2_X0150_Y1900_S050_x320_y320,20,20,2019-02-09,2020-12-10,670,0,5,25.0,0.8941877794336811
7_2_X0150_Y1900_S050_x320_y384,24,24,2019-02-09,2020-12-10,670,0,5,20.0,1.0730253353204173
7_2_X0150_Y1900_S050_x320_y448,24,24,2019-02-09,2020-12-10,670,0,5,20.0,1.0730253353204173
7_2_X0150_Y1900_S050_x320_y512,23,23,2019-02-09,2020-12-10,670,0,5,22.5,1.0283159463487332
7_2_X0150_Y1900_S050_x320_y576,24,24,2019-02-09,2020-12-10,670,0,5,20.0,1.0730253353204173
7_2_X0150_Y1900_S050_x320_y64,23,23,2019-02-09,2020-12-10,670,0,5,22.5,1.0283159463487332
7_2_X0150_Y1900_S050_x320_y640,23,23,2019-02-09,2020-12-10,670,0,5,20.0,1.0283159463487332
7_2_X0150_Y1900_S050_x384_y0,23,23,2019-02-09,2020-12-10,670,0,5,22.5,1.0283159463487332
7_2_X0150_Y1900_S050_x384_y128,22,22,2019-02-09,2020-12-10,670,0,5,25.0,0.9836065573770492
7_2_X0150_Y1900_S050_x384_y192,21,21,2019-03-26,2020-12-10,625,0,5,22.5,1.0063897763578276
7_2_X0150_Y1900_S050_x384_y320,18,18,2019-02-09,2020-12-10,670,0,10,35.0,0.8047690014903129
7_2_X0150_Y1900_S050_x384_y384,22,22,2019-02-09,2020-11-20,650,0,5,25.0,1.0138248847926268
7_2_X0150_Y1900_S050_x384_y448,23,23,2019-02-09,2020-12-10,670,0,5,22.5,1.0283159463487332
7_2_X0150_Y1900_S050_x384_y512,23,23,2019-02-09,2020-12-10,670,0,5,22.5,1.0283159463487332
7_2_X0150_Y1900_S050_x384_y576,22,22,2019-02-09,2020-12-10,670,0,5,25.0,0.9836065573770492
7_2_X0150_Y1900_S050_x384_y64,23,23,2019-02-09,2020-12-10,670,0,5,22.5,1.0283159463487332
7_2_X0150_Y1900_S050_x384_y640,22,22,2019-02-09,2020-12-10,670,0,5,25.0,0.9836065573770492
7_2_X0150_Y1900_S050_x448_y0,23,23,2019-02-09,2020-12-10,670,0,5,22.5,1.0283159463487332
7_2_X0150_Y1900_S050_x448_y128,21,21,2019-03-26,2020-12-10,625,0,5,22.5,1.0063897763578276
7_2_X0150_Y1900_S050_x448_y192,19,19,2019-02-09,2020-12-10,670,0,5,25.0,0.849478390461997
7_2_X0150_Y1900_S050_x448_y256,21,21,2019-02-09,2020-12-10,670,0,5,25.0,0.9388971684053651
7_2_X0150_Y1900_S050_x448_y320,15,15,2019-02-09,2020-12-10,670,0,10,37.5,0.6706408345752608
7_2_X0150_Y1900_S050_x448_y384,21,21,2019-02-09,2020-12-10,670,0,5,25.0,0.9388971684053651
7_2_X0150_Y1900_S050_x448_y448,22,22,2019-02-09,2020-12-10,670,0,5,25.0,0.9836065573770492
7_2_X0150_Y1900_S050_x448_y512,20,20,2019-02-09,2020-12-10,670,0,5,25.0,0.8941877794336811
7_2_X0150_Y1900_S050_x448_y64,23,23,2019-02-09,2020-12-10,670,0,5,22.5,1.0283159463487332
7_2_X0150_Y1900_S050_x512_y0,23,23,2019-02-09,2020-12-10,670,0,5,22.5,1.0283159463487332
7_2_X0150_Y1900_S050_x512_y64,17,17,2019-03-26,2020-12-10,625,0,5,32.5,0.8146964856230032
7_2_X0150_Y1900_S050_x576_y256,23,23,2019-02-09,2020-12-10,670,0,5,20.0,1.0283159463487332
7_2_X0150_Y1900_S050_x576_y384,24,24,2019-02-09,2020-12-10,670,0,5,20.0,1.0730253353204173
7_2_X0150_Y1900_S050_x576_y448,24,24,2019-02-09,2020-12-10,670,0,5,20.0,1.0730253353204173
7_2_X0150_Y1900_S050_x576_y512,24,24,2019-02-09,2020-12-10,670,0,5,20.0,1.0730253353204173
7_2_X0150_Y1900_S050_x576_y576,24,24,2019-02-09,2020-12-10,670,0,5,20.0,1.0730253353204173
7_2_X0150_Y1900_S050_x576_y640,24,24,2019-02-09,2020-12-10,670,0,5,20.0,1.0730253353204173
7_2_X0150_Y1900_S050_x640_y0,22,22,2019-02-09,2020-12-10,670,0,5,20.0,0.9836065573770492
7_2_X0150_Y1900_S050_x640_y128,22,22,2019-02-09,2020-12-10,670,0,5,20.0,0.9836065573770492
7_2_X0150_Y1900_S050_x640_y192,24,24,2019-02-09,2020-12-10,670,0,5,20.0,1.0730253353204173
7_2_X0150_Y1900_S050_x640_y256,23,23,2019-02-09,2020-12-10,670,0,5,20.0,1.0283159463487332
7_2_X0150_Y1900_S050_x640_y320,23,23,2019-02-09,2020-12-10,670,0,5,20.0,1.0283159463487332
7_2_X0150_Y1900_S050_x640_y384,25,25,2019-02-09,2020-12-10,670,0,5,20.0,1.1177347242921014
7_2_X0150_Y1900_S050_x640_y448,25,25,2019-02-09,2020-12-10,670,0,5,20.0,1.1177347242921014
7_2_X0150_Y1900_S050_x640_y512,25,25,2019-02-09,2020-12-10,670,0,5,20.0,1.1177347242921014
7_2_X0150_Y1900_S050_x640_y576,25,25,2019-02-09,2020-12-10,670,0,5,20.0,1.1177347242921014
7_2_X0150_Y1900_S050_x640_y64,22,22,2019-02-09,2020-12-10,670,0,5,20.0,0.9836065573770492
7_2_X0150_Y1900_S050_x640_y640,24,24,2019-02-09,2020-12-10,670,0,5,20.0,1.0730253353204173
7_2_X0150_Y1900_S050_x64_y0,24,24,2019-02-09,2020-12-10,670,0,5,20.0,1.0730253353204173
7_2_X0150_Y1900_S050_x64_y128,24,24,2019-02-09,2020-12-10,670,0,5,20.0,1.0730253353204173
7_2_X0150_Y1900_S050_x64_y192,25,25,2019-02-09,2020-12-10,670,0,5,20.0,1.1177347242921014
7_2_X0150_Y1900_S050_x64_y256,25,25,2019-02-09,2020-12-10,670,0,5,20.0,1.1177347242921014
7_2_X0150_Y1900_S050_x64_y320,25,25,2019-02-09,2020-12-10,670,0,5,20.0,1.1177347242921014
7_2_X0150_Y1900_S050_x64_y384,25,25,2019-02-09,2020-12-10,670,0,5,20.0,1.1177347242921014
7_2_X0150_Y1900_S050_x64_y448,24,24,2019-02-09,2020-12-10,670,0,5,20.0,1.0730253353204173
7_2_X0150_Y1900_S050_x64_y512,24,24,2019-02-09,2020-12-10,670,0,5,20.0,1.0730253353204173
7_2_X0150_Y1900_S050_x64_y576,24,24,2019-02-09,2020-12-10,670,0,5,20.0,1.0730253353204173
7_2_X0150_Y1900_S050_x64_y64,25,25,2019-02-09,2020-12-10,670,0,5,20.0,1.1177347242921014
7_2_X0150_Y1900_S050_x64_y640,24,24,2019-02-09,2020-12-10,670,0,5,20.0,1.0730253353204173
7_2_X0150_Y1950_S050_x0_y256,19,19,2019-01-05,2020-12-10,705,0,5,27.5,0.8073654390934845
7_2_X0150_Y1950_S050_x0_y320,19,19,2019-01-05,2020-12-10,705,0,5,27.5,0.8073654390934845
7_2_X0150_Y1950_S050_x0_y384,19,19,2019-01-05,2020-12-10,705,0,5,27.5,0.8073654390934845
7_2_X0150_Y1950_S050_x0_y448,19,19,2019-01-05,2020-12-10,705,0,5,27.5,0.8073654390934845
7_2_X0150_Y1950_S050_x0_y512,20,20,2019-01-05,2020-12-10,705,0,5,25.0,0.8498583569405099
7_2_X0150_Y1950_S050_x0_y576,20,20,2019-01-05,2020-12-10,705,0,5,25.0,0.8498583569405099
7_2_X0150_Y1950_S050_x0_y640,19,19,2019-01-05,2020-12-10,705,0,5,27.5,0.8073654390934845
7_2_X0150_Y1950_S050_x128_y0,19,19,2019-01-05,2020-12-10,705,0,5,27.5,0.8073654390934845
7_2_X0150_Y1950_S050_x128_y128,19,19,2019-01-05,2020-12-10,705,0,5,27.5,0.8073654390934845
7_2_X0150_Y1950_S050_x128_y192,19,19,2019-01-05,2020-12-10,705,0,5,27.5,0.8073654390934845
7_2_X0150_Y1950_S050_x128_y256,18,18,2019-01-05,2020-12-10,705,0,10,30.0,0.7648725212464589
7_2_X0150_Y1950_S050_x128_y320,18,18,2019-01-05,2020-12-10,705,0,10,30.0,0.7648725212464589
7_2_X0150_Y1950_S050_x128_y384,19,19,2019-01-05,2020-12-10,705,0,5,27.5,0.8073654390934845
7_2_X0150_Y1950_S050_x128_y448,18,18,2019-01-05,2020-12-10,705,0,5,30.0,0.7648725212464589
7_2_X0150_Y1950_S050_x128_y512,19,19,2019-01-05,2020-12-10,705,0,5,27.5,0.8073654390934845
7_2_X0150_Y1950_S050_x128_y576,18,18,2019-01-05,2020-12-10,705,0,5,30.0,0.7648725212464589
7_2_X0150_Y1950_S050_x128_y64,20,20,2019-01-05,2020-12-10,705,0,5,25.0,0.8498583569405099
7_2_X0150_Y1950_S050_x128_y640,18,18,2019-01-05,2020-12-10,705,0,5,30.0,0.7648725212464589
7_2_X0150_Y1950_S050_x192_y0,19,19,2019-01-05,2020-12-10,705,0,5,27.5,0.8073654390934845
7_2_X0150_Y1950_S050_x192_y128,18,18,2019-01-05,2020-12-10,705,0,5,30.0,0.7648725212464589
7_2_X0150_Y1950_S050_x192_y192,18,18,2019-01-05,2020-12-10,705,0,5,30.0,0.7648725212464589
7_2_X0150_Y1950_S050_x192_y256,18,18,2019-01-05,2020-12-10,705,0,5,30.0,0.7648725212464589
7_2_X0150_Y1950_S050_x192_y320,18,18,2019-01-05,2020-12-10,705,0,5,30.0,0.7648725212464589
7_2_X0150_Y1950_S050_x192_y384,18,18,2019-01-05,2020-12-10,705,0,5,30.0,0.7648725212464589
7_2_X0150_Y1950_S050_x192_y448,18,18,2019-01-05,2020-12-10,705,0,5,30.0,0.7648725212464589
7_2_X0150_Y1950_S050_x192_y512,13,13,2019-01-05,2020-12-10,705,0,5,35.0,0.5524079320113314
7_2_X0150_Y1950_S050_x192_y576,6,6,2019-01-05,2020-12-10,705,0,30,115.0,0.254957507082153
7_2_X0150_Y1950_S050_x192_y64,20,20,2019-01-05,2020-12-10,705,0,5,25.0,0.8498583569405099
7_2_X0150_Y1950_S050_x192_y640,18,18,2019-01-05,2020-12-10,705,0,5,30.0,0.7648725212464589
7_2_X0150_Y1950_S050_x256_y0,18,18,2019-01-05,2020-12-10,705,0,5,30.0,0.7648725212464589
7_2_X0150_Y1950_S050_x256_y128,18,18,2019-01-05,2020-12-10,705,0,5,30.0,0.7648725212464589
7_2_X0150_Y1950_S050_x256_y192,18,18,2019-01-05,2020-12-10,705,0,5,30.0,0.7648725212464589
7_2_X0150_Y1950_S050_x256_y256,18,18,2019-01-05,2020-12-10,705,0,5,30.0,0.7648725212464589
7_2_X0150_Y1950_S050_x256_y320,18,18,2019-01-05,2020-12-10,705,0,5,30.0,0.7648725212464589
7_2_X0150_Y1950_S050_x256_y64,18,18,2019-01-05,2020-12-10,705,0,5,30.0,0.7648725212464589
7_2_X0150_Y1950_S050_x320_y0,18,18,2019-01-05,2020-12-10,705,0,5,30.0,0.7648725212464589
7_2_X0150_Y1950_S050_x320_y128,18,18,2019-01-05,2020-12-10,705,0,5,30.0,0.7648725212464589
7_2_X0150_Y1950_S050_x320_y64,18,18,2019-01-05,2020-12-10,705,0,5,30.0,0.7648725212464589
7_2_X0150_Y1950_S050_x384_y0,18,18,2019-01-05,2020-12-10,705,0,5,30.0,0.7648725212464589
7_2_X0150_Y1950_S050_x384_y448,3,3,2019-03-26,2020-12-10,625,0,185,312.5,0.14376996805111822
7_2_X0150_Y1950_S050_x64_y0,19,19,2019-01-05,2020-12-10,705,0,5,27.5,0.8073654390934845
7_2_X0150_Y1950_S050_x64_y128,19,19,2019-01-05,2020-12-10,705,0,5,27.5,0.8073654390934845
7_2_X0150_Y1950_S050_x64_y192,19,19,2019-01-05,2020-12-10,705,0,5,27.5,0.8073654390934845
7_2_X0150_Y1950_S050_x64_y256,19,19,2019-01-05,2020-12-10,705,0,5,27.5,0.8073654390934845
7_2_X0150_Y1950_S050_x64_y320,19,19,2019-01-05,2020-12-10,705,0,5,27.5,0.8073654390934845
7_2_X0150_Y1950_S050_x64_y384,19,19,2019-01-05,2020-12-10,705,0,5,27.5,0.8073654390934845
7_2_X0150_Y1950_S050_x64_y448,19,19,2019-01-05,2020-12-10,705,0,5,27.5,0.8073654390934845
7_2_X0150_Y1950_S050_x64_y512,19,19,2019-01-05,2020-12-10,705,0,5,27.5,0.8073654390934845
7_2_X0150_Y1950_S050_x64_y576,18,18,2019-01-05,2020-12-10,705,0,10,30.0,0.7648725212464589
7_2_X0150_Y1950_S050_x64_y64,19,19,2019-01-05,2020-12-10,705,0,5,27.5,0.8073654390934845
7_2_X0150_Y1950_S050_x64_y640,19,19,2019-01-05,2020-12-10,705,0,5,27.5,0.8073654390934845
7_2_X0200_Y1950_S050_x0_y0,19,19,2019-01-05,2020-12-10,705,0,5,27.5,0.8073654390934845
7_2_X0200_Y1950_S050_x0_y128,19,19,2019-01-05,2020-12-10,705,0,5,25.0,0.8073654390934845
7_2_X0200_Y1950_S050_x0_y192,20,20,2019-01-05,2020-12-10,705,0,5,25.0,0.8498583569405099
7_2_X0200_Y1950_S050_x0_y256,19,19,2019-01-05,2020-12-10,705,0,5,27.5,0.8073654390934845
7_2_X0200_Y1950_S050_x0_y320,19,19,2019-01-05,2020-12-10,705,0,5,25.0,0.8073654390934845
7_2_X0200_Y1950_S050_x0_y384,19,19,2019-01-05,2020-12-10,705,0,5,25.0,0.8073654390934845
7_2_X0200_Y1950_S050_x0_y448,19,19,2019-01-05,2020-12-10,705,0,5,25.0,0.8073654390934845
7_2_X0200_Y1950_S050_x0_y512,19,19,2019-01-05,2020-12-10,705,0,5,25.0,0.8073654390934845
7_2_X0200_Y1950_S050_x0_y576,19,19,2019-01-05,2020-12-10,705,0,5,25.0,0.8073654390934845
7_2_X0200_Y1950_S050_x0_y64,19,19,2019-01-05,2020-12-10,705,0,5,25.0,0.8073654390934845
7_2_X0200_Y1950_S050_x0_y640,20,20,2019-01-05,2020-12-10,705,0,5,25.0,0.8498583569405099
7_2_X0200_Y1950_S050_x128_y0,19,19,2019-01-05,2020-12-10,705,0,5,25.0,0.8073654390934845
7_2_X0200_Y1950_S050_x128_y256,18,18,2019-01-05,2020-12-10,705,0,5,30.0,0.7648725212464589
7_2_X0200_Y1950_S050_x128_y320,19,19,2019-01-05,2020-12-10,705,0,5,25.0,0.8073654390934845
7_2_X0200_Y1950_S050_x128_y384,19,19,2019-01-05,2020-12-10,705,0,5,25.0,0.8073654390934845
7_2_X0200_Y1950_S050_x128_y448,18,18,2019-01-05,2020-12-10,705,0,5,30.0,0.7648725212464589
7_2_X0200_Y1950_S050_x128_y512,18,18,2019-01-05,2020-12-10,705,0,5,30.0,0.7648725212464589
7_2_X0200_Y1950_S050_x128_y576,19,19,2019-01-05,2020-12-10,705,0,5,27.5,0.8073654390934845
7_2_X0200_Y1950_S050_x128_y64,17,17,2019-01-05,2020-12-10,705,0,5,35.0,0.7223796033994334
7_2_X0200_Y1950_S050_x128_y640,20,20,2019-01-05,2020-12-10,705,0,5,25.0,0.8498583569405099
7_2_X0200_Y1950_S050_x192_y384,19,19,2019-01-05,2020-12-10,705,0,5,25.0,0.8073654390934845
7_2_X0200_Y1950_S050_x192_y448,18,18,2019-01-05,2020-12-10,705,0,5,30.0,0.7648725212464589
7_2_X0200_Y1950_S050_x192_y512,19,19,2019-01-05,2020-12-10,705,0,5,25.0,0.8073654390934845
7_2_X0200_Y1950_S050_x192_y576,18,18,2019-01-05,2020-12-10,705,0,5,30.0,0.7648725212464589
7_2_X0200_Y1950_S050_x192_y640,18,18,2019-01-05,2020-12-10,705,0,5,30.0,0.7648725212464589
7_2_X0200_Y1950_S050_x256_y512,16,16,2019-01-05,2020-12-10,705,0,10,30.0,0.6798866855524079
7_2_X0200_Y1950_S050_x256_y576,16,16,2019-01-05,2020-12-10,705,0,10,30.0,0.6798866855524079
7_2_X0200_Y1950_S050_x256_y640,18,18,2019-01-05,2020-12-10,705,0,5,30.0,0.7648725212464589
7_2_X0200_Y1950_S050_x64_y0,19,19,2019-01-05,2020-12-10,705,0,5,25.0,0.8073654390934845
7_2_X0200_Y1950_S050_x64_y128,18,18,2019-01-05,2020-12-10,705,0,5,30.0,0.7648725212464589
7_2_X0200_Y1950_S050_x64_y192,18,18,2019-01-05,2020-12-10,705,0,5,30.0,0.7648725212464589
7_2_X0200_Y1950_S050_x64_y256,18,18,2019-01-05,2020-12-10,705,0,5,30.0,0.7648725212464589
7_2_X0200_Y1950_S050_x64_y320,18,18,2019-01-05,2020-12-10,705,0,5,30.0,0.7648725212464589
7_2_X0200_Y1950_S050_x64_y384,18,18,2019-01-05,2020-12-10,705,0,5,30.0,0.7648725212464589
7_2_X0200_Y1950_S050_x64_y448,18,18,2019-01-05,2020-12-10,705,0,5,30.0,0.7648725212464589
7_2_X0200_Y1950_S050_x64_y512,19,19,2019-01-05,2020-12-10,705,0,5,25.0,0.8073654390934845
7_2_X0200_Y1950_S050_x64_y576,19,19,2019-01-05,2020-12-10,705,0,5,25.0,0.8073654390934845
7_2_X0200_Y1950_S050_x64_y64,19,19,2019-01-05,2020-12-10,705,0,5,25.0,0.8073654390934845
7_2_X0200_Y1950_S050_x64_y640,20,20,2019-01-05,2020-12-10,705,0,5,25.0,0.8498583569405099
7_2_X1050_Y1550_S050_x0_y128,11,11,2019-04-22,2020-10-23,550,0,10,27.5,0.5989110707803993
7_2_X1050_Y1550_S050_x0_y192,11,11,2019-04-22,2020-10-23,550,0,10,27.5,0.5989110707803993
7_2_X1050_Y1550_S050_x0_y64,3,3,2019-10-29,2020-10-23,360,0,155,180.0,0.24930747922437674
7_2_X1050_Y1550_S050_x128_y256,1,1,2019-10-09,2019-10-09,0,0,,,30.0
7_2_X1050_Y1550_S050_x128_y320,13,13,2019-04-22,2020-10-23,550,0,10,32.5,0.7078039927404719
7_2_X1050_Y1550_S050_x128_y384,14,14,2019-04-22,2020-10-23,550,0,5,30.0,0.7622504537205081
7_2_X1050_Y1550_S050_x192_y320,13,13,2019-04-22,2020-10-23,550,0,10,32.5,0.7078039927404719
7_2_X1050_Y1550_S050_x192_y384,14,14,2019-04-22,2020-10-23,550,0,5,30.0,0.7622504537205081
7_2_X1050_Y1550_S050_x192_y448,14,14,2019-04-22,2020-10-23,550,0,5,30.0,0.7622504537205081
7_2_X1050_Y1550_S050_x256_y320,12,12,2019-04-22,2020-10-23,550,0,10,35.0,0.6533575317604355
7_2_X1050_Y1550_S050_x256_y384,13,13,2019-04-22,2020-10-23,550,0,10,32.5,0.7078039927404719
7_2_X1050_Y1550_S050_x256_y448,14,14,2019-04-22,2020-10-23,550,0,5,30.0,0.7622504537205081
7_2_X1050_Y1550_S050_x256_y512,14,14,2019-04-22,2020-10-23,550,0,5,30.0,0.7622504537205081
7_2_X1050_Y1550_S050_x256_y576,12,12,2019-04-22,2020-10-23,550,0,10,35.0,0.6533575317604355
7_2_X1050_Y1550_S050_x320_y384,14,14,2019-04-22,2020-10-23,550,0,5,30.0,0.7622504537205081
7_2_X1050_Y1550_S050_x320_y448,14,14,2019-04-22,2020-10-23,550,0,5,30.0,0.7622504537205081
7_2_X1050_Y1550_S050_x320_y512,13,13,2019-04-22,2020-10-23,550,0,5,32.5,0.7078039927404719
7_2_X1050_Y1550_S050_x320_y576,12,12,2019-04-22,2020-10-23,550,0,10,35.0,0.6533575317604355
7_2_X1050_Y1550_S050_x384_y512,12,12,2019-04-22,2020-10-23,550,0,10,35.0,0.6533575317604355
7_2_X1050_Y1550_S050_x384_y576,12,12,2019-04-22,2020-10-23,550,0,10,35.0,0.6533575317604355
7_2_X1050_Y1550_S050_x64_y128,10,10,2019-04-22,2020-10-23,550,0,10,35.0,0.5444646098003629
7_2_X1050_Y1550_S050_x64_y192,13,13,2019-04-22,2020-10-23,550,0,5,25.0,0.7078039927404719
7_2_X1050_Y1550_S050_x64_y256,12,12,2019-04-22,2020-10-23,550,0,10,35.0,0.6533575317604355
7_2_X1050_Y1550_S050_x64_y320,11,11,2019-04-22,2020-10-23,550,0,10,32.5,0.5989110707803993
