geographic_group_id,source_tile,subtile,date,decoded_pairs,valid_pixels,low_pixels,moderate_pixels,high_pixels,high_percent_valid,high_pairs,high_components,high_subtiles,high_dates,high_source_tiles,sentinel_scene_ids
author_grid_component:6_2_X0500_Y0850_S050,6_2,6_2_X0500_Y0850_S050,2019-03-17,4,5747,5747,0,0,0.0,0,0,0,0,[],UNKNOWN
author_grid_component:6_2_X0500_Y0850_S050,6_2,6_2_X0500_Y0850_S050,2019-03-25,4,2106,2106,0,0,0.0,0,0,0,0,[],UNKNOWN
author_grid_component:6_2_X0500_Y0850_S050,6_2,6_2_X0500_Y0850_S050,2019-07-23,3,2179,2179,0,0,0.0,0,0,0,0,[],UNKNOWN
author_grid_component:6_2_X0500_Y0850_S050,6_2,6_2_X0500_Y0850_S050,2019-07-25,4,5808,5808,0,0,0.0,0,0,0,0,[],UNKNOWN
author_grid_component:6_2_X0500_Y0850_S050,6_2,6_2_X0500_Y0850_S050,2019-08-04,4,4588,3954,634,0,0.0,0,0,0,0,[],UNKNOWN
author_grid_component:6_2_X0500_Y0850_S050,6_2,6_2_X0500_Y0850_S050,2019-08-19,4,11851,2685,9166,0,0.0,0,0,0,0,[],UNKNOWN
author_grid_component:6_2_X0500_Y0850_S050,6_2,6_2_X0500_Y0850_S050,2019-10-06,4,5003,4251,752,0,0.0,0,0,0,0,[],UNKNOWN
author_grid_component:6_2_X0500_Y0850_S050,6_2,6_2_X0500_Y0850_S050,2019-12-02,4,8210,8210,0,0,0.0,0,0,0,0,[],UNKNOWN
author_grid_component:6_2_X0500_Y0850_S050,6_2,6_2_X0500_Y0850_S050,2019-12-15,1,0,0,0,0,,0,0,0,0,[],UNKNOWN
author_grid_component:6_2_X0500_Y0850_S050,6_2,6_2_X0500_Y0850_S050,2020-05-15,4,15125,15125,0,0,0.0,0,0,0,0,[],UNKNOWN
author_grid_component:6_2_X0500_Y0850_S050,6_2,6_2_X0500_Y0850_S050,2020-06-17,4,7813,7813,0,0,0.0,0,0,0,0,[],UNKNOWN
author_grid_component:6_2_X0500_Y0850_S050,6_2,6_2_X0500_Y0850_S050,2020-07-29,4,2213,2210,3,0,0.0,0,0,0,0,[],UNKNOWN
author_grid_component:6_2_X0500_Y0850_S050,6_2,6_2_X0500_Y0850_S050,2020-09-05,4,6358,4758,1600,0,0.0,0,0,0,0,[],UNKNOWN
author_grid_component:6_2_X0500_Y0850_S050,6_2,6_2_X0500_Y0850_S050,2020-09-25,4,4018,4018,0,0,0.0,0,0,0,0,[],UNKNOWN
author_grid_component:6_2_X0500_Y0850_S050,6_2,6_2_X0500_Y0850_S050,2020-12-01,4,9228,9228,0,0,0.0,0,0,0,0,[],UNKNOWN
author_grid_component:6_2_X0500_Y0850_S050,6_2,6_2_X0500_Y0850_S050,2020-12-04,4,9171,8454,717,0,0.0,0,0,0,0,[],UNKNOWN
author_grid_component:6_2_X0500_Y1150_S050,6_2,6_2_X0500_Y1150_S050,2019-03-17,4,5198,5198,0,0,0.0,0,0,0,0,[],UNKNOWN
author_grid_component:6_2_X0500_Y1150_S050,6_2,6_2_X0500_Y1150_S050,2019-03-25,4,7203,7203,0,0,0.0,0,0,0,0,[],UNKNOWN
author_grid_component:6_2_X0500_Y1150_S050,6_2,6_2_X0500_Y1150_S050,2019-04-26,4,12999,12999,0,0,0.0,0,0,0,0,[],UNKNOWN
author_grid_component:6_2_X0500_Y1150_S050,6_2,6_2_X0500_Y1150_S050,2019-07-10,4,12211,3743,8468,0,0.0,0,0,0,0,[],UNKNOWN
author_grid_component:6_2_X0500_Y1150_S050,6_2,6_2_X0500_Y1150_S050,2019-07-25,4,8998,1889,7109,0,0.0,0,0,0,0,[],UNKNOWN
author_grid_component:6_2_X0500_Y1150_S050,6_2,6_2_X0500_Y1150_S050,2019-08-19,4,6763,176,6587,0,0.0,0,0,0,0,[],UNKNOWN
author_grid_component:6_2_X0500_Y1150_S050,6_2,6_2_X0500_Y1150_S050,2020-02-18,1,0,0,0,0,,0,0,0,0,[],UNKNOWN
author_grid_component:6_2_X0500_Y1150_S050,6_2,6_2_X0500_Y1150_S050,2020-02-28,1,0,0,0,0,,0,0,0,0,[],UNKNOWN
author_grid_component:6_2_X0500_Y1150_S050,6_2,6_2_X0500_Y1150_S050,2020-05-13,4,13355,13355,0,0,0.0,0,0,0,0,[],UNKNOWN
author_grid_component:6_2_X0500_Y1150_S050,6_2,6_2_X0500_Y1150_S050,2020-08-16,4,9879,2101,7778,0,0.0,0,0,0,0,[],UNKNOWN
author_grid_component:6_2_X0500_Y1150_S050,6_2,6_2_X0500_Y1150_S050,2020-08-18,4,8515,6432,2083,0,0.0,0,0,0,0,[],UNKNOWN
author_grid_component:6_2_X0500_Y1150_S050,6_2,6_2_X0500_Y1150_S050,2020-08-21,4,9283,5477,3806,0,0.0,0,0,0,0,[],UNKNOWN
author_grid_component:6_2_X0500_Y1150_S050,6_2,6_2_X0500_Y1150_S050,2020-09-05,4,9019,8459,560,0,0.0,0,0,0,0,[],UNKNOWN
author_grid_component:6_2_X0500_Y1150_S050,6_2,6_2_X0500_Y1150_S050,2020-09-25,4,9637,9637,0,0,0.0,0,0,0,0,[],UNKNOWN
author_grid_component:6_2_X0500_Y1150_S050,6_2,6_2_X0500_Y1150_S050,2020-12-01,4,5763,5763,0,0,0.0,0,0,0,0,[],UNKNOWN
author_grid_component:6_2_X0500_Y1150_S050,6_2,6_2_X0500_Y1150_S050,2020-12-04,4,13704,13704,0,0,0.0,0,0,0,0,[],UNKNOWN
author_grid_component:6_2_X0500_Y1150_S050,6_2,6_2_X0550_Y1100_S050,2019-03-17,4,11055,11055,0,0,0.0,0,0,0,0,[],UNKNOWN
author_grid_component:6_2_X0500_Y1150_S050,6_2,6_2_X0550_Y1100_S050,2019-03-25,4,15099,15099,0,0,0.0,0,0,0,0,[],UNKNOWN
author_grid_component:6_2_X0500_Y1150_S050,6_2,6_2_X0550_Y1100_S050,2019-04-26,4,16384,16384,0,0,0.0,0,0,0,0,[],UNKNOWN
author_grid_component:6_2_X0500_Y1150_S050,6_2,6_2_X0550_Y1100_S050,2019-07-10,4,10680,1646,9031,3,0.028089887640449437,1,1,1,1,['6_2'],UNKNOWN
author_grid_component:6_2_X0500_Y1150_S050,6_2,6_2_X0550_Y1100_S050,2019-07-25,4,15242,912,14330,0,0.0,0,0,0,0,[],UNKNOWN
author_grid_component:6_2_X0500_Y1150_S050,6_2,6_2_X0550_Y1100_S050,2019-08-19,4,11846,146,11700,0,0.0,0,0,0,0,[],UNKNOWN
author_grid_component:6_2_X0500_Y1150_S050,6_2,6_2_X0550_Y1100_S050,2020-02-18,1,0,0,0,0,,0,0,0,0,[],UNKNOWN
author_grid_component:6_2_X0500_Y1150_S050,6_2,6_2_X0550_Y1100_S050,2020-02-28,3,4144,4144,0,0,0.0,0,0,0,0,[],UNKNOWN
author_grid_component:6_2_X0500_Y1150_S050,6_2,6_2_X0550_Y1100_S050,2020-05-13,4,16269,16269,0,0,0.0,0,0,0,0,[],UNKNOWN
author_grid_component:6_2_X0500_Y1150_S050,6_2,6_2_X0550_Y1100_S050,2020-08-16,4,15197,15197,0,0,0.0,0,0,0,0,[],UNKNOWN
author_grid_component:6_2_X0500_Y1150_S050,6_2,6_2_X0550_Y1100_S050,2020-08-18,4,11541,11541,0,0,0.0,0,0,0,0,[],UNKNOWN
author_grid_component:6_2_X0500_Y1150_S050,6_2,6_2_X0550_Y1100_S050,2020-08-21,4,11809,11809,0,0,0.0,0,0,0,0,[],UNKNOWN
author_grid_component:6_2_X0500_Y1150_S050,6_2,6_2_X0550_Y1100_S050,2020-09-05,4,12419,9612,2807,0,0.0,0,0,0,0,[],UNKNOWN
author_grid_component:6_2_X0500_Y1150_S050,6_2,6_2_X0550_Y1100_S050,2020-09-25,4,15674,1304,14370,0,0.0,0,0,0,0,[],UNKNOWN
author_grid_component:6_2_X0500_Y1150_S050,6_2,6_2_X0550_Y1100_S050,2020-12-01,4,16370,10539,5831,0,0.0,0,0,0,0,[],UNKNOWN
author_grid_component:6_2_X0500_Y1150_S050,6_2,6_2_X0550_Y1100_S050,2020-12-04,4,11591,7011,4580,0,0.0,0,0,0,0,[],UNKNOWN
author_grid_component:6_2_X0500_Y1150_S050,6_2,6_2_X0550_Y1150_S050,2019-03-17,2,1741,1741,0,0,0.0,0,0,0,0,[],UNKNOWN
author_grid_component:6_2_X0500_Y1150_S050,6_2,6_2_X0550_Y1150_S050,2019-03-25,4,8851,8851,0,0,0.0,0,0,0,0,[],UNKNOWN
author_grid_component:6_2_X0500_Y1150_S050,6_2,6_2_X0550_Y1150_S050,2019-04-26,4,15208,15208,0,0,0.0,0,0,0,0,[],UNKNOWN
author_grid_component:6_2_X0500_Y1150_S050,6_2,6_2_X0550_Y1150_S050,2019-07-10,4,12568,71,12497,0,0.0,0,0,0,0,[],UNKNOWN
author_grid_component:6_2_X0500_Y1150_S050,6_2,6_2_X0550_Y1150_S050,2019-07-25,4,15650,30,13179,2441,15.59744408945687,1,1,1,1,['6_2'],UNKNOWN
author_grid_component:6_2_X0500_Y1150_S050,6_2,6_2_X0550_Y1150_S050,2019-08-19,4,15790,71,13370,2349,14.87650411652945,3,1,1,1,['6_2'],UNKNOWN
author_grid_component:6_2_X0500_Y1150_S050,6_2,6_2_X0550_Y1150_S050,2020-02-18,1,0,0,0,0,,0,0,0,0,[],UNKNOWN
author_grid_component:6_2_X0500_Y1150_S050,6_2,6_2_X0550_Y1150_S050,2020-02-28,1,0,0,0,0,,0,0,0,0,[],UNKNOWN
author_grid_component:6_2_X0500_Y1150_S050,6_2,6_2_X0550_Y1150_S050,2020-05-13,4,16384,16384,0,0,0.0,0,0,0,0,[],UNKNOWN
author_grid_component:6_2_X0500_Y1150_S050,6_2,6_2_X0550_Y1150_S050,2020-08-16,4,14580,14580,0,0,0.0,0,0,0,0,[],UNKNOWN
author_grid_component:6_2_X0500_Y1150_S050,6_2,6_2_X0550_Y1150_S050,2020-08-18,4,14666,14666,0,0,0.0,0,0,0,0,[],UNKNOWN
author_grid_component:6_2_X0500_Y1150_S050,6_2,6_2_X0550_Y1150_S050,2020-08-21,4,14653,14653,0,0,0.0,0,0,0,0,[],UNKNOWN
author_grid_component:6_2_X0500_Y1150_S050,6_2,6_2_X0550_Y1150_S050,2020-09-05,4,16374,4347,12027,0,0.0,0,0,0,0,[],UNKNOWN
author_grid_component:6_2_X0500_Y1150_S050,6_2,6_2_X0550_Y1150_S050,2020-09-25,4,16384,5097,11287,0,0.0,0,0,0,0,[],UNKNOWN
author_grid_component:6_2_X0500_Y1150_S050,6_2,6_2_X0550_Y1150_S050,2020-12-01,4,16249,16249,0,0,0.0,0,0,0,0,[],UNKNOWN
author_grid_component:6_2_X0500_Y1150_S050,6_2,6_2_X0550_Y1150_S050,2020-12-04,4,16384,16204,180,0,0.0,0,0,0,0,[],UNKNOWN
author_grid_component:6_2_X0500_Y1150_S050,6_2,6_2_X0550_Y1200_S050,2019-03-17,4,11342,11342,0,0,0.0,0,0,0,0,[],UNKNOWN
author_grid_component:6_2_X0500_Y1150_S050,6_2,6_2_X0550_Y1200_S050,2019-03-25,4,11206,11206,0,0,0.0,0,0,0,0,[],UNKNOWN
author_grid_component:6_2_X0500_Y1150_S050,6_2,6_2_X0550_Y1200_S050,2019-04-26,4,12760,12760,0,0,0.0,0,0,0,0,[],UNKNOWN
author_grid_component:6_2_X0500_Y1150_S050,6_2,6_2_X0550_Y1200_S050,2019-07-10,4,14271,219,14052,0,0.0,0,0,0,0,[],UNKNOWN
author_grid_component:6_2_X0500_Y1150_S050,6_2,6_2_X0550_Y1200_S050,2019-07-25,4,14316,181,12955,1180,8.242525845208158,2,1,1,1,['6_2'],UNKNOWN
author_grid_component:6_2_X0500_Y1150_S050,6_2,6_2_X0550_Y1200_S050,2019-08-19,4,11282,0,4828,6454,57.20616911895054,4,1,1,1,['6_2'],UNKNOWN
author_grid_component:6_2_X0500_Y1150_S050,6_2,6_2_X0550_Y1200_S050,2020-02-18,1,0,0,0,0,,0,0,0,0,[],UNKNOWN
author_grid_component:6_2_X0500_Y1150_S050,6_2,6_2_X0550_Y1200_S050,2020-02-28,1,0,0,0,0,,0,0,0,0,[],UNKNOWN
author_grid_component:6_2_X0500_Y1150_S050,6_2,6_2_X0550_Y1200_S050,2020-05-13,4,16384,16384,0,0,0.0,0,0,0,0,[],UNKNOWN
author_grid_component:6_2_X0500_Y1150_S050,6_2,6_2_X0550_Y1200_S050,2020-08-16,4,15829,15628,201,0,0.0,0,0,0,0,[],UNKNOWN
author_grid_component:6_2_X0500_Y1150_S050,6_2,6_2_X0550_Y1200_S050,2020-08-18,4,13100,12673,427,0,0.0,0,0,0,0,[],UNKNOWN
author_grid_component:6_2_X0500_Y1150_S050,6_2,6_2_X0550_Y1200_S050,2020-08-21,4,15614,14385,1229,0,0.0,0,0,0,0,[],UNKNOWN
author_grid_component:6_2_X0500_Y1150_S050,6_2,6_2_X0550_Y1200_S050,2020-09-05,4,16384,821,14704,859,5.242919921875,1,1,1,1,['6_2'],UNKNOWN
author_grid_component:6_2_X0500_Y1150_S050,6_2,6_2_X0550_Y1200_S050,2020-09-25,4,14328,14328,0,0,0.0,0,0,0,0,[],UNKNOWN
author_grid_component:6_2_X0500_Y1150_S050,6_2,6_2_X0550_Y1200_S050,2020-12-01,4,15206,15206,0,0,0.0,0,0,0,0,[],UNKNOWN
author_grid_component:6_2_X0500_Y1150_S050,6_2,6_2_X0550_Y1200_S050,2020-12-04,4,16384,16384,0,0,0.0,0,0,0,0,[],UNKNOWN
author_grid_component:6_2_X0650_Y0900_S050,6_2,6_2_X0650_Y0900_S050,2019-01-04,74,262800,262800,0,0,0.0,0,0,0,0,[],UNKNOWN
author_grid_component:6_2_X0650_Y0900_S050,6_2,6_2_X0650_Y0900_S050,2019-02-08,1,0,0,0,0,,0,0,0,0,[],UNKNOWN
author_grid_component:6_2_X0650_Y0900_S050,6_2,6_2_X0650_Y0900_S050,2019-03-12,1,0,0,0,0,,0,0,0,0,[],UNKNOWN
author_grid_component:6_2_X0650_Y0900_S050,6_2,6_2_X0650_Y0900_S050,2019-03-17,71,168659,168659,0,0,0.0,0,0,0,0,[],UNKNOWN
author_grid_component:6_2_X0650_Y0900_S050,6_2,6_2_X0650_Y0900_S050,2019-03-25,2,1374,1374,0,0,0.0,0,0,0,0,[],UNKNOWN
author_grid_component:6_2_X0650_Y0900_S050,6_2,6_2_X0650_Y0900_S050,2019-04-19,102,389497,389497,0,0,0.0,0,0,0,0,[],UNKNOWN
author_grid_component:6_2_X0650_Y0900_S050,6_2,6_2_X0650_Y0900_S050,2019-05-04,102,389595,389595,0,0,0.0,0,0,0,0,[],UNKNOWN
author_grid_component:6_2_X0650_Y0900_S050,6_2,6_2_X0650_Y0900_S050,2019-05-14,101,365520,365520,0,0,0.0,0,0,0,0,[],UNKNOWN
author_grid_component:6_2_X0650_Y0900_S050,6_2,6_2_X0650_Y0900_S050,2019-06-08,102,386641,386641,0,0,0.0,0,0,0,0,[],UNKNOWN
author_grid_component:6_2_X0650_Y0900_S050,6_2,6_2_X0650_Y0900_S050,2019-07-10,101,370795,370552,243,0,0.0,0,0,0,0,[],UNKNOWN
author_grid_component:6_2_X0650_Y0900_S050,6_2,6_2_X0650_Y0900_S050,2019-07-23,98,313883,285891,27992,0,0.0,0,0,0,0,[],UNKNOWN
author_grid_component:6_2_X0650_Y0900_S050,6_2,6_2_X0650_Y0900_S050,2019-07-25,89,212365,193934,18431,0,0.0,0,0,0,0,[],UNKNOWN
author_grid_component:6_2_X0650_Y0900_S050,6_2,6_2_X0650_Y0900_S050,2019-08-04,101,326958,296001,30957,0,0.0,0,0,0,0,[],UNKNOWN
author_grid_component:6_2_X0650_Y0900_S050,6_2,6_2_X0650_Y0900_S050,2019-08-09,101,320764,273545,47219,0,0.0,0,0,0,0,[],UNKNOWN
author_grid_component:6_2_X0650_Y0900_S050,6_2,6_2_X0650_Y0900_S050,2019-08-27,102,389622,346380,43242,0,0.0,0,0,0,0,[],UNKNOWN
author_grid_component:6_2_X0650_Y0900_S050,6_2,6_2_X0650_Y0900_S050,2019-09-26,102,389324,382866,6458,0,0.0,0,0,0,0,[],UNKNOWN
author_grid_component:6_2_X0650_Y0900_S050,6_2,6_2_X0650_Y0900_S050,2019-09-28,102,390442,384886,5556,0,0.0,0,0,0,0,[],UNKNOWN
author_grid_component:6_2_X0650_Y0900_S050,6_2,6_2_X0650_Y0900_S050,2019-10-06,102,390401,373622,16779,0,0.0,0,0,0,0,[],UNKNOWN
author_grid_component:6_2_X0650_Y0900_S050,6_2,6_2_X0650_Y0900_S050,2019-10-08,102,389512,376128,13384,0,0.0,0,0,0,0,[],UNKNOWN
author_grid_component:6_2_X0650_Y0900_S050,6_2,6_2_X0650_Y0900_S050,2020-03-04,1,689,689,0,0,0.0,0,0,0,0,[],UNKNOWN
author_grid_component:6_2_X0650_Y0900_S050,6_2,6_2_X0650_Y0900_S050,2020-04-05,102,388434,388434,0,0,0.0,0,0,0,0,[],UNKNOWN
author_grid_component:6_2_X0650_Y0900_S050,6_2,6_2_X0650_Y0900_S050,2020-05-15,103,371097,371097,0,0,0.0,0,0,0,0,[],UNKNOWN
author_grid_component:6_2_X0650_Y0900_S050,6_2,6_2_X0650_Y0900_S050,2020-05-20,102,392106,392106,0,0,0.0,0,0,0,0,[],UNKNOWN
author_grid_component:6_2_X0650_Y0900_S050,6_2,6_2_X0650_Y0900_S050,2020-06-02,101,384269,384269,0,0,0.0,0,0,0,0,[],UNKNOWN
author_grid_component:6_2_X0650_Y0900_S050,6_2,6_2_X0650_Y0900_S050,2020-06-04,102,390082,390082,0,0,0.0,0,0,0,0,[],UNKNOWN
author_grid_component:6_2_X0650_Y0900_S050,6_2,6_2_X0650_Y0900_S050,2020-06-17,102,386708,386708,0,0,0.0,0,0,0,0,[],UNKNOWN
author_grid_component:6_2_X0650_Y0900_S050,6_2,6_2_X0650_Y0900_S050,2020-07-24,102,391713,88941,302772,0,0.0,0,0,0,0,[],UNKNOWN
author_grid_component:6_2_X0650_Y0900_S050,6_2,6_2_X0650_Y0950_S050,2019-01-04,11,26843,26843,0,0,0.0,0,0,0,0,[],UNKNOWN
author_grid_component:6_2_X0650_Y0900_S050,6_2,6_2_X0650_Y0950_S050,2019-02-08,1,0,0,0,0,,0,0,0,0,[],UNKNOWN
author_grid_component:6_2_X0650_Y0900_S050,6_2,6_2_X0650_Y0950_S050,2019-02-15,1,0,0,0,0,,0,0,0,0,[],UNKNOWN
author_grid_component:6_2_X0650_Y0900_S050,6_2,6_2_X0650_Y0950_S050,2019-02-18,1,0,0,0,0,,0,0,0,0,[],UNKNOWN
author_grid_component:6_2_X0650_Y0900_S050,6_2,6_2_X0650_Y0950_S050,2019-03-17,43,75852,75852,0,0,0.0,0,0,0,0,[],UNKNOWN
author_grid_component:6_2_X0650_Y0900_S050,6_2,6_2_X0650_Y0950_S050,2019-03-25,42,92233,92233,0,0,0.0,0,0,0,0,[],UNKNOWN
author_grid_component:6_2_X0650_Y0900_S050,6_2,6_2_X0650_Y0950_S050,2019-04-19,66,214380,214380,0,0,0.0,0,0,0,0,[],UNKNOWN
author_grid_component:6_2_X0650_Y0900_S050,6_2,6_2_X0650_Y0950_S050,2019-05-04,66,210326,210326,0,0,0.0,0,0,0,0,[],UNKNOWN
author_grid_component:6_2_X0650_Y0900_S050,6_2,6_2_X0650_Y0950_S050,2019-05-14,66,211064,211064,0,0,0.0,0,0,0,0,[],UNKNOWN
author_grid_component:6_2_X0650_Y0900_S050,6_2,6_2_X0650_Y0950_S050,2019-06-08,65,212927,212927,0,0,0.0,0,0,0,0,[],UNKNOWN
author_grid_component:6_2_X0650_Y0900_S050,6_2,6_2_X0650_Y0950_S050,2019-08-04,66,206435,41979,164308,148,0.0716932690677453,1,1,1,1,['6_2'],UNKNOWN
author_grid_component:6_2_X0650_Y0900_S050,6_2,6_2_X0650_Y0950_S050,2019-08-09,67,173016,23449,149507,60,0.034678873630184494,1,1,1,1,['6_2'],UNKNOWN
author_grid_component:6_2_X0650_Y0900_S050,6_2,6_2_X0650_Y0950_S050,2019-08-19,67,215384,27999,185551,1834,0.8515024328640939,13,1,1,1,['6_2'],UNKNOWN
author_grid_component:6_2_X0650_Y0900_S050,6_2,6_2_X0650_Y0950_S050,2019-09-28,67,215179,181504,33675,0,0.0,0,0,0,0,[],UNKNOWN
author_grid_component:6_2_X0650_Y0900_S050,6_2,6_2_X0650_Y0950_S050,2019-10-06,66,214324,93315,121009,0,0.0,0,0,0,0,[],UNKNOWN
author_grid_component:6_2_X0650_Y0900_S050,6_2,6_2_X0650_Y0950_S050,2019-10-08,67,214146,104323,109823,0,0.0,0,0,0,0,[],UNKNOWN
author_grid_component:6_2_X0650_Y0900_S050,6_2,6_2_X0650_Y0950_S050,2019-11-15,56,166362,164967,1395,0,0.0,0,0,0,0,[],UNKNOWN
author_grid_component:6_2_X0650_Y0900_S050,6_2,6_2_X0650_Y0950_S050,2019-12-02,66,218542,217421,1121,0,0.0,0,0,0,0,[],UNKNOWN
author_grid_component:6_2_X0650_Y0900_S050,6_2,6_2_X0650_Y0950_S050,2019-12-10,64,211431,211166,265,0,0.0,0,0,0,0,[],UNKNOWN
author_grid_component:6_2_X0650_Y0900_S050,6_2,6_2_X0650_Y0950_S050,2019-12-15,1,0,0,0,0,,0,0,0,0,[],UNKNOWN
author_grid_component:6_2_X0650_Y0900_S050,6_2,6_2_X0650_Y0950_S050,2020-01-16,1,0,0,0,0,,0,0,0,0,[],UNKNOWN
author_grid_component:6_2_X0650_Y0900_S050,6_2,6_2_X0650_Y0950_S050,2020-05-20,68,217184,217184,0,0,0.0,0,0,0,0,[],UNKNOWN
author_grid_component:6_2_X0650_Y0900_S050,6_2,6_2_X0650_Y0950_S050,2020-06-02,63,209254,209167,87,0,0.0,0,0,0,0,[],UNKNOWN
author_grid_component:6_2_X0650_Y0900_S050,6_2,6_2_X0650_Y0950_S050,2020-06-04,66,214740,214740,0,0,0.0,0,0,0,0,[],UNKNOWN
author_grid_component:6_2_X0650_Y0900_S050,6_2,6_2_X0650_Y0950_S050,2020-06-14,65,213980,213980,0,0,0.0,0,0,0,0,[],UNKNOWN
author_grid_component:6_2_X0650_Y0900_S050,6_2,6_2_X0650_Y0950_S050,2020-06-17,65,210550,210550,0,0,0.0,0,0,0,0,[],UNKNOWN
author_grid_component:6_2_X0650_Y0900_S050,6_2,6_2_X0650_Y0950_S050,2020-07-17,67,216658,60,199967,16631,7.676153199974153,35,1,1,1,['6_2'],UNKNOWN
author_grid_component:6_2_X0650_Y0900_S050,6_2,6_2_X0650_Y0950_S050,2020-09-02,65,212980,208446,4534,0,0.0,0,0,0,0,[],UNKNOWN
author_grid_component:6_2_X0650_Y0900_S050,6_2,6_2_X0650_Y0950_S050,2020-10-10,66,213944,212522,1422,0,0.0,0,0,0,0,[],UNKNOWN
author_grid_component:6_2_X0650_Y0900_S050,6_2,6_2_X0650_Y0950_S050,2020-10-27,67,214807,212883,1924,0,0.0,0,0,0,0,[],UNKNOWN
author_grid_component:6_2_X0650_Y0900_S050,6_2,6_2_X0650_Y0950_S050,2020-11-04,67,214688,214484,204,0,0.0,0,0,0,0,[],UNKNOWN
author_grid_component:6_2_X0650_Y0900_S050,6_2,6_2_X0650_Y0950_S050,2020-11-09,65,194432,178156,16276,0,0.0,0,0,0,0,[],UNKNOWN
author_grid_component:6_2_X1800_Y1050_S050,6_2,6_2_X1800_Y1050_S050,2019-04-15,101,394127,394127,0,0,0.0,0,0,0,0,[],UNKNOWN
author_grid_component:6_2_X1800_Y1050_S050,6_2,6_2_X1800_Y1050_S050,2019-05-05,101,393419,393419,0,0,0.0,0,0,0,0,[],UNKNOWN
author_grid_component:6_2_X1800_Y1050_S050,6_2,6_2_X1800_Y1050_S050,2020-01-20,20,64339,64339,0,0,0.0,0,0,0,0,[],UNKNOWN
author_grid_component:6_2_X1800_Y1050_S050,6_2,6_2_X1800_Y1050_S050,2020-07-08,94,330827,330827,0,0,0.0,0,0,0,0,[],UNKNOWN
author_grid_component:6_2_X1800_Y1050_S050,6_2,6_2_X1800_Y1050_S050,2020-10-11,99,358813,358091,722,0,0.0,0,0,0,0,[],UNKNOWN
author_grid_component:6_2_X1800_Y1050_S050,6_2,6_2_X1800_Y1150_S050,2019-04-15,106,426034,426034,0,0,0.0,0,0,0,0,[],UNKNOWN
author_grid_component:6_2_X1800_Y1050_S050,6_2,6_2_X1800_Y1150_S050,2019-05-05,106,425937,425937,0,0,0.0,0,0,0,0,[],UNKNOWN
author_grid_component:6_2_X1800_Y1050_S050,6_2,6_2_X1800_Y1150_S050,2020-10-11,106,427533,426969,564,0,0.0,0,0,0,0,[],UNKNOWN
author_grid_component:6_2_X1800_Y1050_S050,6_2,6_2_X1850_Y1100_S050,2019-02-22,1,0,0,0,0,,0,0,0,0,[],UNKNOWN
author_grid_component:6_2_X1800_Y1050_S050,6_2,6_2_X1850_Y1100_S050,2019-04-15,120,480736,477834,2902,0,0.0,0,0,0,0,[],UNKNOWN
author_grid_component:6_2_X1800_Y1050_S050,6_2,6_2_X1850_Y1100_S050,2019-05-05,120,479715,479715,0,0,0.0,0,0,0,0,[],UNKNOWN
author_grid_component:6_2_X1800_Y1050_S050,6_2,6_2_X1850_Y1100_S050,2019-05-23,117,371962,371962,0,0,0.0,0,0,0,0,[],UNKNOWN
author_grid_component:6_2_X1800_Y1050_S050,6_2,6_2_X1850_Y1100_S050,2019-06-22,72,162735,162735,0,0,0.0,0,0,0,0,[],UNKNOWN
author_grid_component:6_2_X1800_Y1050_S050,6_2,6_2_X1850_Y1100_S050,2019-08-01,114,420626,367793,52833,0,0.0,0,0,0,0,[],UNKNOWN
author_grid_component:6_2_X1800_Y1050_S050,6_2,6_2_X1850_Y1100_S050,2019-08-03,92,229255,178436,50819,0,0.0,0,0,0,0,[],UNKNOWN
author_grid_component:6_2_X1800_Y1050_S050,6_2,6_2_X1850_Y1100_S050,2019-09-07,120,473207,229319,243888,0,0.0,0,0,0,0,[],UNKNOWN
author_grid_component:6_2_X1800_Y1050_S050,6_2,6_2_X1850_Y1100_S050,2020-10-11,120,471192,471104,88,0,0.0,0,0,0,0,[],UNKNOWN
author_grid_component:6_2_X1800_Y1050_S050,6_2,6_2_X1850_Y1150_S050,2019-03-26,54,164162,164104,58,0,0.0,0,0,0,0,[],UNKNOWN
author_grid_component:6_2_X1800_Y1050_S050,6_2,6_2_X1850_Y1150_S050,2019-04-28,53,177852,177852,0,0,0.0,0,0,0,0,[],UNKNOWN
author_grid_component:6_2_X1800_Y1050_S050,6_2,6_2_X1850_Y1150_S050,2019-05-23,51,151364,151364,0,0,0.0,0,0,0,0,[],UNKNOWN
author_grid_component:6_2_X1800_Y1050_S050,6_2,6_2_X1850_Y1150_S050,2019-06-22,48,125066,125066,0,0,0.0,0,0,0,0,[],UNKNOWN
author_grid_component:6_2_X1800_Y1050_S050,6_2,6_2_X1850_Y1150_S050,2019-06-27,47,147952,146910,1042,0,0.0,0,0,0,0,[],UNKNOWN
author_grid_component:6_2_X1800_Y1050_S050,6_2,6_2_X1850_Y1150_S050,2019-08-01,40,130652,80145,50507,0,0.0,0,0,0,0,[],UNKNOWN
author_grid_component:6_2_X1800_Y1050_S050,6_2,6_2_X1850_Y1150_S050,2019-09-07,51,171303,60833,110470,0,0.0,0,0,0,0,[],UNKNOWN
author_grid_component:6_2_X1800_Y1050_S050,6_2,6_2_X1850_Y1150_S050,2019-10-07,50,166752,53665,113087,0,0.0,0,0,0,0,[],UNKNOWN
author_grid_component:6_2_X1800_Y1050_S050,6_2,6_2_X1850_Y1150_S050,2019-11-24,53,175059,174971,88,0,0.0,0,0,0,0,[],UNKNOWN
author_grid_component:6_2_X1800_Y1050_S050,6_2,6_2_X1850_Y1150_S050,2019-12-21,53,166800,166800,0,0,0.0,0,0,0,0,[],UNKNOWN
author_grid_component:6_2_X1800_Y1050_S050,6_2,6_2_X1850_Y1150_S050,2020-01-20,16,42011,42011,0,0,0.0,0,0,0,0,[],UNKNOWN
author_grid_component:6_2_X1800_Y1050_S050,6_2,6_2_X1850_Y1150_S050,2020-07-08,50,144935,143551,1384,0,0.0,0,0,0,0,[],UNKNOWN
author_grid_component:6_2_X1800_Y1050_S050,6_2,6_2_X1850_Y1150_S050,2020-09-19,51,165869,165801,68,0,0.0,0,0,0,0,[],UNKNOWN
author_grid_component:6_2_X1800_Y1050_S050,6_2,6_2_X1850_Y1150_S050,2020-09-21,23,54290,54290,0,0,0.0,0,0,0,0,[],UNKNOWN
author_grid_component:6_2_X1800_Y1050_S050,6_2,6_2_X1850_Y1150_S050,2020-10-11,51,168372,168293,79,0,0.0,0,0,0,0,[],UNKNOWN
author_grid_component:6_2_X1800_Y1050_S050,6_2,6_2_X1850_Y1150_S050,2020-10-16,51,171041,165412,5629,0,0.0,0,0,0,0,[],UNKNOWN
author_grid_component:6_2_X1800_Y1050_S050,6_2,6_2_X1850_Y1150_S050,2020-11-08,47,160852,160852,0,0,0.0,0,0,0,0,[],UNKNOWN
author_grid_component:6_5_X0050_Y0700_S050,6_5,6_5_X0050_Y0700_S050,2019-01-11,4,6066,6066,0,0,0.0,0,0,0,0,[],UNKNOWN
author_grid_component:6_5_X0050_Y0700_S050,6_5,6_5_X0050_Y0700_S050,2019-03-27,4,4325,4325,0,0,0.0,0,0,0,0,[],UNKNOWN
author_grid_component:6_5_X0050_Y0700_S050,6_5,6_5_X0050_Y0700_S050,2019-04-01,4,8237,8237,0,0,0.0,0,0,0,0,[],UNKNOWN
author_grid_component:6_5_X0050_Y0700_S050,6_5,6_5_X0050_Y0700_S050,2019-04-21,4,6872,6872,0,0,0.0,0,0,0,0,[],UNKNOWN
author_grid_component:6_5_X0050_Y0700_S050,6_5,6_5_X0050_Y0700_S050,2019-04-26,4,5903,3387,2516,0,0.0,0,0,0,0,[],UNKNOWN
author_grid_component:6_5_X0050_Y0700_S050,6_5,6_5_X0050_Y0700_S050,2019-07-05,4,15359,8618,6741,0,0.0,0,0,0,0,[],UNKNOWN
author_grid_component:6_5_X0050_Y0700_S050,6_5,6_5_X0050_Y0700_S050,2019-10-13,4,15611,15114,497,0,0.0,0,0,0,0,[],UNKNOWN
author_grid_component:6_5_X0050_Y0700_S050,6_5,6_5_X0050_Y0700_S050,2019-10-23,4,5487,5487,0,0,0.0,0,0,0,0,[],UNKNOWN
author_grid_component:6_5_X0050_Y0700_S050,6_5,6_5_X0050_Y0700_S050,2019-12-02,4,5230,5230,0,0,0.0,0,0,0,0,[],UNKNOWN
author_grid_component:6_5_X0050_Y0700_S050,6_5,6_5_X0050_Y0700_S050,2020-01-06,4,6152,6152,0,0,0.0,0,0,0,0,[],UNKNOWN
author_grid_component:6_5_X0050_Y0700_S050,6_5,6_5_X0050_Y0700_S050,2020-04-15,4,7582,7582,0,0,0.0,0,0,0,0,[],UNKNOWN
author_grid_component:6_5_X0050_Y0700_S050,6_5,6_5_X0050_Y0700_S050,2020-08-28,4,4736,4736,0,0,0.0,0,0,0,0,[],UNKNOWN
author_grid_component:6_5_X0050_Y0700_S050,6_5,6_5_X0050_Y0700_S050,2020-10-02,4,8677,8162,515,0,0.0,0,0,0,0,[],UNKNOWN
author_grid_component:6_5_X0050_Y0700_S050,6_5,6_5_X0050_Y0700_S050,2020-10-12,4,11643,11643,0,0,0.0,0,0,0,0,[],UNKNOWN
author_grid_component:6_5_X0050_Y0700_S050,6_5,6_5_X0050_Y0700_S050,2020-10-17,4,3988,3988,0,0,0.0,0,0,0,0,[],UNKNOWN
author_grid_component:6_5_X0050_Y0700_S050,6_5,6_5_X0050_Y0700_S050,2020-12-01,4,5901,5901,0,0,0.0,0,0,0,0,[],UNKNOWN
author_grid_component:6_5_X0050_Y0700_S050,6_5,6_5_X0050_Y0750_S050,2019-01-11,4,16371,16371,0,0,0.0,0,0,0,0,[],UNKNOWN
author_grid_component:6_5_X0050_Y0700_S050,6_5,6_5_X0050_Y0750_S050,2019-03-27,4,16370,16370,0,0,0.0,0,0,0,0,[],UNKNOWN
author_grid_component:6_5_X0050_Y0700_S050,6_5,6_5_X0050_Y0750_S050,2019-04-01,4,16221,16221,0,0,0.0,0,0,0,0,[],UNKNOWN
author_grid_component:6_5_X0050_Y0700_S050,6_5,6_5_X0050_Y0750_S050,2019-04-21,4,10230,10230,0,0,0.0,0,0,0,0,[],UNKNOWN
author_grid_component:6_5_X0050_Y0700_S050,6_5,6_5_X0050_Y0750_S050,2019-04-26,4,12205,12205,0,0,0.0,0,0,0,0,[],UNKNOWN
author_grid_component:6_5_X0050_Y0700_S050,6_5,6_5_X0050_Y0750_S050,2019-07-05,4,14196,14196,0,0,0.0,0,0,0,0,[],UNKNOWN
author_grid_component:6_5_X0050_Y0700_S050,6_5,6_5_X0050_Y0750_S050,2019-10-13,4,16372,16372,0,0,0.0,0,0,0,0,[],UNKNOWN
author_grid_component:6_5_X0050_Y0700_S050,6_5,6_5_X0050_Y0750_S050,2019-10-23,4,16331,16331,0,0,0.0,0,0,0,0,[],UNKNOWN
author_grid_component:6_5_X0050_Y0700_S050,6_5,6_5_X0050_Y0750_S050,2019-12-02,4,8167,8167,0,0,0.0,0,0,0,0,[],UNKNOWN
author_grid_component:6_5_X0050_Y0700_S050,6_5,6_5_X0050_Y0750_S050,2020-01-06,4,10557,10557,0,0,0.0,0,0,0,0,[],UNKNOWN
author_grid_component:6_5_X0050_Y0700_S050,6_5,6_5_X0050_Y0750_S050,2020-04-15,4,14784,14784,0,0,0.0,0,0,0,0,[],UNKNOWN
author_grid_component:6_5_X0050_Y0700_S050,6_5,6_5_X0050_Y0750_S050,2020-08-28,4,14261,14261,0,0,0.0,0,0,0,0,[],UNKNOWN
author_grid_component:6_5_X0050_Y0700_S050,6_5,6_5_X0050_Y0750_S050,2020-10-02,4,13520,13520,0,0,0.0,0,0,0,0,[],UNKNOWN
author_grid_component:6_5_X0050_Y0700_S050,6_5,6_5_X0050_Y0750_S050,2020-10-12,4,15713,15713,0,0,0.0,0,0,0,0,[],UNKNOWN
author_grid_component:6_5_X0050_Y0700_S050,6_5,6_5_X0050_Y0750_S050,2020-10-17,4,12892,12892,0,0,0.0,0,0,0,0,[],UNKNOWN
author_grid_component:6_5_X0050_Y0700_S050,6_5,6_5_X0050_Y0750_S050,2020-12-01,4,9737,9737,0,0,0.0,0,0,0,0,[],UNKNOWN
author_grid_component:6_5_X0050_Y0700_S050,6_5,6_5_X0100_Y0700_S050,2019-01-11,4,6259,6259,0,0,0.0,0,0,0,0,[],UNKNOWN
author_grid_component:6_5_X0050_Y0700_S050,6_5,6_5_X0100_Y0700_S050,2019-03-27,4,7250,7250,0,0,0.0,0,0,0,0,[],UNKNOWN
author_grid_component:6_5_X0050_Y0700_S050,6_5,6_5_X0100_Y0700_S050,2019-04-01,4,11298,11298,0,0,0.0,0,0,0,0,[],UNKNOWN
author_grid_component:6_5_X0050_Y0700_S050,6_5,6_5_X0100_Y0700_S050,2019-04-21,4,6737,6737,0,0,0.0,0,0,0,0,[],UNKNOWN
author_grid_component:6_5_X0050_Y0700_S050,6_5,6_5_X0100_Y0700_S050,2019-04-26,4,10027,9482,545,0,0.0,0,0,0,0,[],UNKNOWN
author_grid_component:6_5_X0050_Y0700_S050,6_5,6_5_X0100_Y0700_S050,2019-07-05,4,16249,11975,4274,0,0.0,0,0,0,0,[],UNKNOWN
author_grid_component:6_5_X0050_Y0700_S050,6_5,6_5_X0100_Y0700_S050,2019-10-13,4,15935,12576,3359,0,0.0,0,0,0,0,[],UNKNOWN
author_grid_component:6_5_X0050_Y0700_S050,6_5,6_5_X0100_Y0700_S050,2019-10-23,4,13494,13494,0,0,0.0,0,0,0,0,[],UNKNOWN
author_grid_component:6_5_X0050_Y0700_S050,6_5,6_5_X0100_Y0700_S050,2019-12-02,4,6599,6599,0,0,0.0,0,0,0,0,[],UNKNOWN
author_grid_component:6_5_X0050_Y0700_S050,6_5,6_5_X0100_Y0700_S050,2020-01-06,4,6827,6827,0,0,0.0,0,0,0,0,[],UNKNOWN
author_grid_component:6_5_X0050_Y0700_S050,6_5,6_5_X0100_Y0700_S050,2020-04-15,4,7273,7273,0,0,0.0,0,0,0,0,[],UNKNOWN
author_grid_component:6_5_X0050_Y0700_S050,6_5,6_5_X0100_Y0700_S050,2020-08-28,4,14346,14056,290,0,0.0,0,0,0,0,[],UNKNOWN
author_grid_component:6_5_X0050_Y0700_S050,6_5,6_5_X0100_Y0700_S050,2020-10-02,4,14321,13080,1241,0,0.0,0,0,0,0,[],UNKNOWN
author_grid_component:6_5_X0050_Y0700_S050,6_5,6_5_X0100_Y0700_S050,2020-10-12,4,12116,12116,0,0,0.0,0,0,0,0,[],UNKNOWN
author_grid_component:6_5_X0050_Y0700_S050,6_5,6_5_X0100_Y0700_S050,2020-10-17,4,9272,9272,0,0,0.0,0,0,0,0,[],UNKNOWN
author_grid_component:6_5_X0050_Y0700_S050,6_5,6_5_X0100_Y0700_S050,2020-12-01,4,11766,11766,0,0,0.0,0,0,0,0,[],UNKNOWN
author_grid_component:6_5_X0050_Y0700_S050,6_5,6_5_X0150_Y0700_S050,2019-01-11,4,7245,7245,0,0,0.0,0,0,0,0,[],UNKNOWN
author_grid_component:6_5_X0050_Y0700_S050,6_5,6_5_X0150_Y0700_S050,2019-03-27,4,12480,11950,530,0,0.0,0,0,0,0,[],UNKNOWN
author_grid_component:6_5_X0050_Y0700_S050,6_5,6_5_X0150_Y0700_S050,2019-04-01,4,10864,10531,333,0,0.0,0,0,0,0,[],UNKNOWN
author_grid_component:6_5_X0050_Y0700_S050,6_5,6_5_X0150_Y0700_S050,2019-04-21,4,6127,6127,0,0,0.0,0,0,0,0,[],UNKNOWN
author_grid_component:6_5_X0050_Y0700_S050,6_5,6_5_X0150_Y0700_S050,2019-04-26,4,14962,14086,876,0,0.0,0,0,0,0,[],UNKNOWN
author_grid_component:6_5_X0050_Y0700_S050,6_5,6_5_X0150_Y0700_S050,2019-07-05,4,14918,11653,3265,0,0.0,0,0,0,0,[],UNKNOWN
author_grid_component:6_5_X0050_Y0700_S050,6_5,6_5_X0150_Y0700_S050,2019-10-13,4,15124,13645,1479,0,0.0,0,0,0,0,[],UNKNOWN
author_grid_component:6_5_X0050_Y0700_S050,6_5,6_5_X0150_Y0700_S050,2019-10-23,4,13274,13050,224,0,0.0,0,0,0,0,[],UNKNOWN
author_grid_component:6_5_X0050_Y0700_S050,6_5,6_5_X0150_Y0700_S050,2019-12-02,4,15193,14599,594,0,0.0,0,0,0,0,[],UNKNOWN
author_grid_component:6_5_X0050_Y0700_S050,6_5,6_5_X0150_Y0700_S050,2020-01-06,4,8921,7741,1180,0,0.0,0,0,0,0,[],UNKNOWN
author_grid_component:6_5_X0050_Y0700_S050,6_5,6_5_X0150_Y0700_S050,2020-04-15,4,11897,11839,58,0,0.0,0,0,0,0,[],UNKNOWN
author_grid_component:6_5_X0050_Y0700_S050,6_5,6_5_X0150_Y0700_S050,2020-08-28,4,11966,11706,260,0,0.0,0,0,0,0,[],UNKNOWN
author_grid_component:6_5_X0050_Y0700_S050,6_5,6_5_X0150_Y0700_S050,2020-10-02,4,16112,15949,163,0,0.0,0,0,0,0,[],UNKNOWN
author_grid_component:6_5_X0050_Y0700_S050,6_5,6_5_X0150_Y0700_S050,2020-10-12,4,7440,7440,0,0,0.0,0,0,0,0,[],UNKNOWN
author_grid_component:6_5_X0050_Y0700_S050,6_5,6_5_X0150_Y0700_S050,2020-10-17,4,13218,13049,169,0,0.0,0,0,0,0,[],UNKNOWN
author_grid_component:6_5_X0050_Y0700_S050,6_5,6_5_X0150_Y0700_S050,2020-12-01,4,16017,14241,1776,0,0.0,0,0,0,0,[],UNKNOWN
author_grid_component:6_5_X0050_Y0700_S050,6_5,6_5_X0150_Y0750_S050,2019-01-11,4,15631,15631,0,0,0.0,0,0,0,0,[],UNKNOWN
author_grid_component:6_5_X0050_Y0700_S050,6_5,6_5_X0150_Y0750_S050,2019-03-27,4,16384,16384,0,0,0.0,0,0,0,0,[],UNKNOWN
author_grid_component:6_5_X0050_Y0700_S050,6_5,6_5_X0150_Y0750_S050,2019-04-01,4,14495,14495,0,0,0.0,0,0,0,0,[],UNKNOWN
author_grid_component:6_5_X0050_Y0700_S050,6_5,6_5_X0150_Y0750_S050,2019-04-21,4,15617,15617,0,0,0.0,0,0,0,0,[],UNKNOWN
author_grid_component:6_5_X0050_Y0700_S050,6_5,6_5_X0150_Y0750_S050,2019-04-26,4,16052,16052,0,0,0.0,0,0,0,0,[],UNKNOWN
author_grid_component:6_5_X0050_Y0700_S050,6_5,6_5_X0150_Y0750_S050,2019-07-05,4,14717,14293,424,0,0.0,0,0,0,0,[],UNKNOWN
author_grid_component:6_5_X0050_Y0700_S050,6_5,6_5_X0150_Y0750_S050,2019-10-13,4,16061,16026,35,0,0.0,0,0,0,0,[],UNKNOWN
author_grid_component:6_5_X0050_Y0700_S050,6_5,6_5_X0150_Y0750_S050,2019-10-23,4,15759,15759,0,0,0.0,0,0,0,0,[],UNKNOWN
author_grid_component:6_5_X0050_Y0700_S050,6_5,6_5_X0150_Y0750_S050,2019-12-02,4,16384,16384,0,0,0.0,0,0,0,0,[],UNKNOWN
author_grid_component:6_5_X0050_Y0700_S050,6_5,6_5_X0150_Y0750_S050,2020-01-06,4,15601,15601,0,0,0.0,0,0,0,0,[],UNKNOWN
author_grid_component:6_5_X0050_Y0700_S050,6_5,6_5_X0150_Y0750_S050,2020-04-15,4,15767,15767,0,0,0.0,0,0,0,0,[],UNKNOWN
author_grid_component:6_5_X0050_Y0700_S050,6_5,6_5_X0150_Y0750_S050,2020-08-28,4,9583,9583,0,0,0.0,0,0,0,0,[],UNKNOWN
author_grid_component:6_5_X0050_Y0700_S050,6_5,6_5_X0150_Y0750_S050,2020-10-02,4,15656,15656,0,0,0.0,0,0,0,0,[],UNKNOWN
author_grid_component:6_5_X0050_Y0700_S050,6_5,6_5_X0150_Y0750_S050,2020-10-12,4,15121,15121,0,0,0.0,0,0,0,0,[],UNKNOWN
author_grid_component:6_5_X0050_Y0700_S050,6_5,6_5_X0150_Y0750_S050,2020-10-17,4,15432,15432,0,0,0.0,0,0,0,0,[],UNKNOWN
author_grid_component:6_5_X0050_Y0700_S050,6_5,6_5_X0150_Y0750_S050,2020-12-01,4,15877,15877,0,0,0.0,0,0,0,0,[],UNKNOWN
author_grid_component:6_5_X0050_Y0700_S050,6_5,6_5_X0200_Y0700_S050,2019-01-06,4,14660,13933,727,0,0.0,0,0,0,0,[],UNKNOWN
author_grid_component:6_5_X0050_Y0700_S050,6_5,6_5_X0200_Y0700_S050,2019-01-11,4,13393,12233,1160,0,0.0,0,0,0,0,[],UNKNOWN
author_grid_component:6_5_X0050_Y0700_S050,6_5,6_5_X0200_Y0700_S050,2019-03-27,4,15488,15473,15,0,0.0,0,0,0,0,[],UNKNOWN
author_grid_component:6_5_X0050_Y0700_S050,6_5,6_5_X0200_Y0700_S050,2019-04-01,4,9071,9071,0,0,0.0,0,0,0,0,[],UNKNOWN
author_grid_component:6_5_X0050_Y0700_S050,6_5,6_5_X0200_Y0700_S050,2019-04-16,4,8820,8820,0,0,0.0,0,0,0,0,[],UNKNOWN
author_grid_component:6_5_X0050_Y0700_S050,6_5,6_5_X0200_Y0700_S050,2019-10-23,4,5215,5215,0,0,0.0,0,0,0,0,[],UNKNOWN
author_grid_component:6_5_X0050_Y0700_S050,6_5,6_5_X0200_Y0700_S050,2019-11-02,4,10398,10165,233,0,0.0,0,0,0,0,[],UNKNOWN
author_grid_component:6_5_X0050_Y0700_S050,6_5,6_5_X0200_Y0700_S050,2019-12-02,4,14693,13885,808,0,0.0,0,0,0,0,[],UNKNOWN
author_grid_component:6_5_X0050_Y0700_S050,6_5,6_5_X0200_Y0700_S050,2020-01-06,4,14813,14278,535,0,0.0,0,0,0,0,[],UNKNOWN
author_grid_component:6_5_X0050_Y0700_S050,6_5,6_5_X0200_Y0700_S050,2020-03-26,4,11168,11011,157,0,0.0,0,0,0,0,[],UNKNOWN
author_grid_component:6_5_X0050_Y0700_S050,6_5,6_5_X0200_Y0700_S050,2020-04-15,4,11006,9425,1581,0,0.0,0,0,0,0,[],UNKNOWN
author_grid_component:6_5_X0050_Y0700_S050,6_5,6_5_X0200_Y0700_S050,2020-04-25,1,0,0,0,0,,0,0,0,0,[],UNKNOWN
author_grid_component:6_5_X0050_Y0700_S050,6_5,6_5_X0200_Y0700_S050,2020-10-02,4,8854,8641,213,0,0.0,0,0,0,0,[],UNKNOWN
author_grid_component:6_5_X0050_Y0700_S050,6_5,6_5_X0200_Y0700_S050,2020-10-17,4,13256,13249,7,0,0.0,0,0,0,0,[],UNKNOWN
author_grid_component:6_5_X0050_Y0700_S050,6_5,6_5_X0200_Y0700_S050,2020-11-01,4,6826,6826,0,0,0.0,0,0,0,0,[],UNKNOWN
author_grid_component:6_5_X0050_Y0700_S050,6_5,6_5_X0200_Y0700_S050,2020-12-01,4,14158,14056,102,0,0.0,0,0,0,0,[],UNKNOWN
author_grid_component:6_5_X0050_Y0700_S050,6_5,6_5_X0200_Y0750_S050,2019-01-06,4,7498,7498,0,0,0.0,0,0,0,0,[],UNKNOWN
author_grid_component:6_5_X0050_Y0700_S050,6_5,6_5_X0200_Y0750_S050,2019-01-11,4,8123,8123,0,0,0.0,0,0,0,0,[],UNKNOWN
author_grid_component:6_5_X0050_Y0700_S050,6_5,6_5_X0200_Y0750_S050,2019-03-27,4,9632,9632,0,0,0.0,0,0,0,0,[],UNKNOWN
author_grid_component:6_5_X0050_Y0700_S050,6_5,6_5_X0200_Y0750_S050,2019-04-01,4,11033,11033,0,0,0.0,0,0,0,0,[],UNKNOWN
author_grid_component:6_5_X0050_Y0700_S050,6_5,6_5_X0200_Y0750_S050,2019-04-16,4,8692,8692,0,0,0.0,0,0,0,0,[],UNKNOWN
author_grid_component:6_5_X0050_Y0700_S050,6_5,6_5_X0200_Y0750_S050,2019-10-23,4,8815,8815,0,0,0.0,0,0,0,0,[],UNKNOWN
author_grid_component:6_5_X0050_Y0700_S050,6_5,6_5_X0200_Y0750_S050,2019-11-02,4,6304,6303,1,0,0.0,0,0,0,0,[],UNKNOWN
author_grid_component:6_5_X0050_Y0700_S050,6_5,6_5_X0200_Y0750_S050,2019-12-02,4,9104,8919,185,0,0.0,0,0,0,0,[],UNKNOWN
author_grid_component:6_5_X0050_Y0700_S050,6_5,6_5_X0200_Y0750_S050,2020-01-06,4,13603,13390,213,0,0.0,0,0,0,0,[],UNKNOWN
author_grid_component:6_5_X0050_Y0700_S050,6_5,6_5_X0200_Y0750_S050,2020-03-26,4,6680,6680,0,0,0.0,0,0,0,0,[],UNKNOWN
author_grid_component:6_5_X0050_Y0700_S050,6_5,6_5_X0200_Y0750_S050,2020-04-15,4,9208,9208,0,0,0.0,0,0,0,0,[],UNKNOWN
author_grid_component:6_5_X0050_Y0700_S050,6_5,6_5_X0200_Y0750_S050,2020-04-25,1,0,0,0,0,,0,0,0,0,[],UNKNOWN
author_grid_component:6_5_X0050_Y0700_S050,6_5,6_5_X0200_Y0750_S050,2020-10-02,4,7631,7631,0,0,0.0,0,0,0,0,[],UNKNOWN
author_grid_component:6_5_X0050_Y0700_S050,6_5,6_5_X0200_Y0750_S050,2020-10-17,4,9044,9044,0,0,0.0,0,0,0,0,[],UNKNOWN
author_grid_component:6_5_X0050_Y0700_S050,6_5,6_5_X0200_Y0750_S050,2020-11-01,4,9195,9195,0,0,0.0,0,0,0,0,[],UNKNOWN
author_grid_component:6_5_X0050_Y0700_S050,6_5,6_5_X0200_Y0750_S050,2020-12-01,4,10864,10864,0,0,0.0,0,0,0,0,[],UNKNOWN
author_grid_component:6_5_X0050_Y0700_S050,6_5,6_5_X0250_Y0700_S050,2019-01-06,4,13927,11907,2020,0,0.0,0,0,0,0,[],UNKNOWN
author_grid_component:6_5_X0050_Y0700_S050,6_5,6_5_X0250_Y0700_S050,2019-01-11,4,13024,9342,3682,0,0.0,0,0,0,0,[],UNKNOWN
author_grid_component:6_5_X0050_Y0700_S050,6_5,6_5_X0250_Y0700_S050,2019-03-27,4,13729,11450,2279,0,0.0,0,0,0,0,[],UNKNOWN
author_grid_component:6_5_X0050_Y0700_S050,6_5,6_5_X0250_Y0700_S050,2019-04-01,4,15160,13863,1297,0,0.0,0,0,0,0,[],UNKNOWN
author_grid_component:6_5_X0050_Y0700_S050,6_5,6_5_X0250_Y0700_S050,2019-04-16,4,11585,10493,1092,0,0.0,0,0,0,0,[],UNKNOWN
author_grid_component:6_5_X0050_Y0700_S050,6_5,6_5_X0250_Y0700_S050,2019-10-23,4,11063,11059,4,0,0.0,0,0,0,0,[],UNKNOWN
author_grid_component:6_5_X0050_Y0700_S050,6_5,6_5_X0250_Y0700_S050,2019-11-02,4,13210,12120,1090,0,0.0,0,0,0,0,[],UNKNOWN
author_grid_component:6_5_X0050_Y0700_S050,6_5,6_5_X0250_Y0700_S050,2019-12-02,4,12500,11719,781,0,0.0,0,0,0,0,[],UNKNOWN
author_grid_component:6_5_X0050_Y0700_S050,6_5,6_5_X0250_Y0700_S050,2020-01-06,4,13302,8978,4324,0,0.0,0,0,0,0,[],UNKNOWN
author_grid_component:6_5_X0050_Y0700_S050,6_5,6_5_X0250_Y0700_S050,2020-03-26,4,11106,9157,1949,0,0.0,0,0,0,0,[],UNKNOWN
author_grid_component:6_5_X0050_Y0700_S050,6_5,6_5_X0250_Y0700_S050,2020-04-15,4,5648,4611,1037,0,0.0,0,0,0,0,[],UNKNOWN
author_grid_component:6_5_X0050_Y0700_S050,6_5,6_5_X0250_Y0700_S050,2020-04-25,1,0,0,0,0,,0,0,0,0,[],UNKNOWN
author_grid_component:6_5_X0050_Y0700_S050,6_5,6_5_X0250_Y0700_S050,2020-10-02,4,12013,10509,1504,0,0.0,0,0,0,0,[],UNKNOWN
author_grid_component:6_5_X0050_Y0700_S050,6_5,6_5_X0250_Y0700_S050,2020-10-17,4,8653,8653,0,0,0.0,0,0,0,0,[],UNKNOWN
author_grid_component:6_5_X0050_Y0700_S050,6_5,6_5_X0250_Y0700_S050,2020-11-01,4,8778,7722,1056,0,0.0,0,0,0,0,[],UNKNOWN
author_grid_component:6_5_X0050_Y0700_S050,6_5,6_5_X0250_Y0700_S050,2020-12-01,4,12092,11403,689,0,0.0,0,0,0,0,[],UNKNOWN
author_grid_component:6_5_X0050_Y0700_S050,6_5,6_5_X0250_Y0750_S050,2019-01-06,4,8053,8053,0,0,0.0,0,0,0,0,[],UNKNOWN
author_grid_component:6_5_X0050_Y0700_S050,6_5,6_5_X0250_Y0750_S050,2019-01-11,4,7109,7109,0,0,0.0,0,0,0,0,[],UNKNOWN
author_grid_component:6_5_X0050_Y0700_S050,6_5,6_5_X0250_Y0750_S050,2019-03-27,4,7823,7576,247,0,0.0,0,0,0,0,[],UNKNOWN
author_grid_component:6_5_X0050_Y0700_S050,6_5,6_5_X0250_Y0750_S050,2019-04-01,4,13520,12659,861,0,0.0,0,0,0,0,[],UNKNOWN
author_grid_component:6_5_X0050_Y0700_S050,6_5,6_5_X0250_Y0750_S050,2019-04-16,4,7542,7542,0,0,0.0,0,0,0,0,[],UNKNOWN
author_grid_component:6_5_X0050_Y0700_S050,6_5,6_5_X0250_Y0750_S050,2019-10-23,4,7274,7274,0,0,0.0,0,0,0,0,[],UNKNOWN
author_grid_component:6_5_X0050_Y0700_S050,6_5,6_5_X0250_Y0750_S050,2019-11-02,4,8624,8624,0,0,0.0,0,0,0,0,[],UNKNOWN
author_grid_component:6_5_X0050_Y0700_S050,6_5,6_5_X0250_Y0750_S050,2019-12-02,4,12019,12019,0,0,0.0,0,0,0,0,[],UNKNOWN
author_grid_component:6_5_X0050_Y0700_S050,6_5,6_5_X0250_Y0750_S050,2020-01-06,4,7151,7151,0,0,0.0,0,0,0,0,[],UNKNOWN
author_grid_component:6_5_X0050_Y0700_S050,6_5,6_5_X0250_Y0750_S050,2020-03-26,4,7946,7946,0,0,0.0,0,0,0,0,[],UNKNOWN
author_grid_component:6_5_X0050_Y0700_S050,6_5,6_5_X0250_Y0750_S050,2020-04-15,4,7162,7162,0,0,0.0,0,0,0,0,[],UNKNOWN
author_grid_component:6_5_X0050_Y0700_S050,6_5,6_5_X0250_Y0750_S050,2020-04-25,1,0,0,0,0,,0,0,0,0,[],UNKNOWN
author_grid_component:6_5_X0050_Y0700_S050,6_5,6_5_X0250_Y0750_S050,2020-10-02,4,6581,6581,0,0,0.0,0,0,0,0,[],UNKNOWN
author_grid_component:6_5_X0050_Y0700_S050,6_5,6_5_X0250_Y0750_S050,2020-10-17,4,9318,9318,0,0,0.0,0,0,0,0,[],UNKNOWN
author_grid_component:6_5_X0050_Y0700_S050,6_5,6_5_X0250_Y0750_S050,2020-11-01,4,7645,7645,0,0,0.0,0,0,0,0,[],UNKNOWN
author_grid_component:6_5_X0050_Y0700_S050,6_5,6_5_X0250_Y0750_S050,2020-12-01,4,7482,7482,0,0,0.0,0,0,0,0,[],UNKNOWN
author_grid_component:6_5_X0050_Y0700_S050,6_5,6_5_X0300_Y0700_S050,2019-01-06,4,12603,10870,1733,0,0.0,0,0,0,0,[],UNKNOWN
author_grid_component:6_5_X0050_Y0700_S050,6_5,6_5_X0300_Y0700_S050,2019-01-11,4,14399,13878,521,0,0.0,0,0,0,0,[],UNKNOWN
author_grid_component:6_5_X0050_Y0700_S050,6_5,6_5_X0300_Y0700_S050,2019-03-27,4,13923,13923,0,0,0.0,0,0,0,0,[],UNKNOWN
author_grid_component:6_5_X0050_Y0700_S050,6_5,6_5_X0300_Y0700_S050,2019-04-01,4,16153,16153,0,0,0.0,0,0,0,0,[],UNKNOWN
author_grid_component:6_5_X0050_Y0700_S050,6_5,6_5_X0300_Y0700_S050,2019-04-16,4,15889,15696,193,0,0.0,0,0,0,0,[],UNKNOWN
author_grid_component:6_5_X0050_Y0700_S050,6_5,6_5_X0300_Y0700_S050,2019-10-23,4,16383,16383,0,0,0.0,0,0,0,0,[],UNKNOWN
author_grid_component:6_5_X0050_Y0700_S050,6_5,6_5_X0300_Y0700_S050,2019-11-02,4,14058,14043,15,0,0.0,0,0,0,0,[],UNKNOWN
author_grid_component:6_5_X0050_Y0700_S050,6_5,6_5_X0300_Y0700_S050,2019-12-02,4,16382,16382,0,0,0.0,0,0,0,0,[],UNKNOWN
author_grid_component:6_5_X0050_Y0700_S050,6_5,6_5_X0300_Y0700_S050,2020-01-06,4,14836,14749,87,0,0.0,0,0,0,0,[],UNKNOWN
author_grid_component:6_5_X0050_Y0700_S050,6_5,6_5_X0300_Y0700_S050,2020-03-26,4,8458,8458,0,0,0.0,0,0,0,0,[],UNKNOWN
author_grid_component:6_5_X0050_Y0700_S050,6_5,6_5_X0300_Y0700_S050,2020-04-15,4,13007,13007,0,0,0.0,0,0,0,0,[],UNKNOWN
author_grid_component:6_5_X0050_Y0700_S050,6_5,6_5_X0300_Y0700_S050,2020-04-25,1,0,0,0,0,,0,0,0,0,[],UNKNOWN
author_grid_component:6_5_X0050_Y0700_S050,6_5,6_5_X0300_Y0700_S050,2020-10-02,4,13179,13179,0,0,0.0,0,0,0,0,[],UNKNOWN
author_grid_component:6_5_X0050_Y0700_S050,6_5,6_5_X0300_Y0700_S050,2020-10-17,4,12693,12693,0,0,0.0,0,0,0,0,[],UNKNOWN
author_grid_component:6_5_X0050_Y0700_S050,6_5,6_5_X0300_Y0700_S050,2020-11-01,4,13877,13804,73,0,0.0,0,0,0,0,[],UNKNOWN
author_grid_component:6_5_X0050_Y0700_S050,6_5,6_5_X0300_Y0700_S050,2020-12-01,4,15827,15827,0,0,0.0,0,0,0,0,[],UNKNOWN
author_grid_component:6_5_X0050_Y0700_S050,6_5,6_5_X0300_Y0750_S050,2019-01-11,4,11533,11533,0,0,0.0,0,0,0,0,[],UNKNOWN
author_grid_component:6_5_X0050_Y0700_S050,6_5,6_5_X0300_Y0750_S050,2019-03-27,4,11434,11434,0,0,0.0,0,0,0,0,[],UNKNOWN
author_grid_component:6_5_X0050_Y0700_S050,6_5,6_5_X0300_Y0750_S050,2019-04-01,4,10427,10427,0,0,0.0,0,0,0,0,[],UNKNOWN
author_grid_component:6_5_X0050_Y0700_S050,6_5,6_5_X0300_Y0750_S050,2019-05-28,4,10949,10949,0,0,0.0,0,0,0,0,[],UNKNOWN
author_grid_component:6_5_X0050_Y0700_S050,6_5,6_5_X0300_Y0750_S050,2019-09-30,4,10702,10702,0,0,0.0,0,0,0,0,[],UNKNOWN
author_grid_component:6_5_X0050_Y0700_S050,6_5,6_5_X0300_Y0750_S050,2019-11-24,4,11694,11694,0,0,0.0,0,0,0,0,[],UNKNOWN
author_grid_component:6_5_X0050_Y0700_S050,6_5,6_5_X0300_Y0750_S050,2019-12-02,4,10903,10903,0,0,0.0,0,0,0,0,[],UNKNOWN
author_grid_component:6_5_X0050_Y0700_S050,6_5,6_5_X0300_Y0750_S050,2019-12-04,4,9219,9219,0,0,0.0,0,0,0,0,[],UNKNOWN
author_grid_component:6_5_X0050_Y0700_S050,6_5,6_5_X0300_Y0750_S050,2019-12-19,4,10093,10093,0,0,0.0,0,0,0,0,[],UNKNOWN
author_grid_component:6_5_X0050_Y0700_S050,6_5,6_5_X0300_Y0750_S050,2020-01-06,4,11591,11591,0,0,0.0,0,0,0,0,[],UNKNOWN
author_grid_component:6_5_X0050_Y0700_S050,6_5,6_5_X0300_Y0750_S050,2020-01-28,4,11590,11590,0,0,0.0,0,0,0,0,[],UNKNOWN
author_grid_component:6_5_X0050_Y0700_S050,6_5,6_5_X0300_Y0750_S050,2020-04-15,4,12433,12433,0,0,0.0,0,0,0,0,[],UNKNOWN
author_grid_component:6_5_X0050_Y0700_S050,6_5,6_5_X0300_Y0750_S050,2020-05-02,4,11555,11555,0,0,0.0,0,0,0,0,[],UNKNOWN
author_grid_component:6_5_X0050_Y0700_S050,6_5,6_5_X0300_Y0750_S050,2020-07-31,4,9334,9334,0,0,0.0,0,0,0,0,[],UNKNOWN
author_grid_component:6_5_X0050_Y0700_S050,6_5,6_5_X0300_Y0750_S050,2020-10-17,4,12104,12104,0,0,0.0,0,0,0,0,[],UNKNOWN
author_grid_component:6_5_X0050_Y0700_S050,6_5,6_5_X0300_Y0750_S050,2020-12-01,4,10133,10133,0,0,0.0,0,0,0,0,[],UNKNOWN
author_grid_component:6_5_X0050_Y0700_S050,6_5,6_5_X0350_Y0700_S050,2019-01-11,4,8558,8558,0,0,0.0,0,0,0,0,[],UNKNOWN
author_grid_component:6_5_X0050_Y0700_S050,6_5,6_5_X0350_Y0700_S050,2019-03-19,4,8792,8792,0,0,0.0,0,0,0,0,[],UNKNOWN
author_grid_component:6_5_X0050_Y0700_S050,6_5,6_5_X0350_Y0700_S050,2019-03-27,4,9634,9634,0,0,0.0,0,0,0,0,[],UNKNOWN
author_grid_component:6_5_X0050_Y0700_S050,6_5,6_5_X0350_Y0700_S050,2019-04-01,4,8478,8478,0,0,0.0,0,0,0,0,[],UNKNOWN
author_grid_component:6_5_X0050_Y0700_S050,6_5,6_5_X0350_Y0700_S050,2019-05-28,4,12871,12856,15,0,0.0,0,0,0,0,[],UNKNOWN
author_grid_component:6_5_X0050_Y0700_S050,6_5,6_5_X0350_Y0700_S050,2019-09-30,4,13970,13970,0,0,0.0,0,0,0,0,[],UNKNOWN
author_grid_component:6_5_X0050_Y0700_S050,6_5,6_5_X0350_Y0700_S050,2019-11-24,4,7646,7646,0,0,0.0,0,0,0,0,[],UNKNOWN
author_grid_component:6_5_X0050_Y0700_S050,6_5,6_5_X0350_Y0700_S050,2019-12-02,4,10252,10252,0,0,0.0,0,0,0,0,[],UNKNOWN
author_grid_component:6_5_X0050_Y0700_S050,6_5,6_5_X0350_Y0700_S050,2019-12-04,4,12846,12775,71,0,0.0,0,0,0,0,[],UNKNOWN
author_grid_component:6_5_X0050_Y0700_S050,6_5,6_5_X0350_Y0700_S050,2020-01-06,4,8570,8570,0,0,0.0,0,0,0,0,[],UNKNOWN
author_grid_component:6_5_X0050_Y0700_S050,6_5,6_5_X0350_Y0700_S050,2020-01-28,4,8627,8627,0,0,0.0,0,0,0,0,[],UNKNOWN
author_grid_component:6_5_X0050_Y0700_S050,6_5,6_5_X0350_Y0700_S050,2020-04-15,4,11596,11596,0,0,0.0,0,0,0,0,[],UNKNOWN
author_grid_component:6_5_X0050_Y0700_S050,6_5,6_5_X0350_Y0700_S050,2020-05-02,4,11184,11184,0,0,0.0,0,0,0,0,[],UNKNOWN
author_grid_component:6_5_X0050_Y0700_S050,6_5,6_5_X0350_Y0700_S050,2020-07-31,4,8840,8840,0,0,0.0,0,0,0,0,[],UNKNOWN
author_grid_component:6_5_X0050_Y0700_S050,6_5,6_5_X0350_Y0700_S050,2020-10-17,4,12863,12863,0,0,0.0,0,0,0,0,[],UNKNOWN
author_grid_component:6_5_X0050_Y0700_S050,6_5,6_5_X0350_Y0700_S050,2020-12-01,1,322,322,0,0,0.0,0,0,0,0,[],UNKNOWN
author_grid_component:6_5_X0050_Y0700_S050,6_5,6_5_X0350_Y0750_S050,2019-01-11,4,10685,10685,0,0,0.0,0,0,0,0,[],UNKNOWN
author_grid_component:6_5_X0050_Y0700_S050,6_5,6_5_X0350_Y0750_S050,2019-03-19,4,10718,10718,0,0,0.0,0,0,0,0,[],UNKNOWN
author_grid_component:6_5_X0050_Y0700_S050,6_5,6_5_X0350_Y0750_S050,2019-03-27,4,10902,10902,0,0,0.0,0,0,0,0,[],UNKNOWN
author_grid_component:6_5_X0050_Y0700_S050,6_5,6_5_X0350_Y0750_S050,2019-04-01,4,8978,8978,0,0,0.0,0,0,0,0,[],UNKNOWN
author_grid_component:6_5_X0050_Y0700_S050,6_5,6_5_X0350_Y0750_S050,2019-05-28,4,11126,11126,0,0,0.0,0,0,0,0,[],UNKNOWN
author_grid_component:6_5_X0050_Y0700_S050,6_5,6_5_X0350_Y0750_S050,2019-09-30,4,11742,11742,0,0,0.0,0,0,0,0,[],UNKNOWN
author_grid_component:6_5_X0050_Y0700_S050,6_5,6_5_X0350_Y0750_S050,2019-11-24,4,11263,11263,0,0,0.0,0,0,0,0,[],UNKNOWN
author_grid_component:6_5_X0050_Y0700_S050,6_5,6_5_X0350_Y0750_S050,2019-12-02,4,11749,11749,0,0,0.0,0,0,0,0,[],UNKNOWN
author_grid_component:6_5_X0050_Y0700_S050,6_5,6_5_X0350_Y0750_S050,2019-12-04,4,12377,12377,0,0,0.0,0,0,0,0,[],UNKNOWN
author_grid_component:6_5_X0050_Y0700_S050,6_5,6_5_X0350_Y0750_S050,2020-01-06,4,11678,11678,0,0,0.0,0,0,0,0,[],UNKNOWN
author_grid_component:6_5_X0050_Y0700_S050,6_5,6_5_X0350_Y0750_S050,2020-01-28,4,11401,11401,0,0,0.0,0,0,0,0,[],UNKNOWN
author_grid_component:6_5_X0050_Y0700_S050,6_5,6_5_X0350_Y0750_S050,2020-04-15,4,12558,12558,0,0,0.0,0,0,0,0,[],UNKNOWN
author_grid_component:6_5_X0050_Y0700_S050,6_5,6_5_X0350_Y0750_S050,2020-05-02,4,11554,11554,0,0,0.0,0,0,0,0,[],UNKNOWN
author_grid_component:6_5_X0050_Y0700_S050,6_5,6_5_X0350_Y0750_S050,2020-07-31,4,11245,11245,0,0,0.0,0,0,0,0,[],UNKNOWN
author_grid_component:6_5_X0050_Y0700_S050,6_5,6_5_X0350_Y0750_S050,2020-10-17,4,13207,13207,0,0,0.0,0,0,0,0,[],UNKNOWN
author_grid_component:6_5_X0050_Y0700_S050,6_5,6_5_X0350_Y0750_S050,2020-12-01,1,0,0,0,0,,0,0,0,0,[],UNKNOWN
author_grid_component:6_5_X0050_Y0700_S050,6_5,6_5_X0400_Y0700_S050,2019-01-11,4,9704,9704,0,0,0.0,0,0,0,0,[],UNKNOWN
author_grid_component:6_5_X0050_Y0700_S050,6_5,6_5_X0400_Y0700_S050,2019-03-19,4,8815,8224,591,0,0.0,0,0,0,0,[],UNKNOWN
author_grid_component:6_5_X0050_Y0700_S050,6_5,6_5_X0400_Y0700_S050,2019-03-27,4,7380,7380,0,0,0.0,0,0,0,0,[],UNKNOWN
author_grid_component:6_5_X0050_Y0700_S050,6_5,6_5_X0400_Y0700_S050,2019-04-01,4,8225,7947,278,0,0.0,0,0,0,0,[],UNKNOWN
author_grid_component:6_5_X0050_Y0700_S050,6_5,6_5_X0400_Y0700_S050,2019-05-28,4,11285,11285,0,0,0.0,0,0,0,0,[],UNKNOWN
author_grid_component:6_5_X0050_Y0700_S050,6_5,6_5_X0400_Y0700_S050,2019-09-30,4,9401,9401,0,0,0.0,0,0,0,0,[],UNKNOWN
author_grid_component:6_5_X0050_Y0700_S050,6_5,6_5_X0400_Y0700_S050,2019-11-24,4,7665,7665,0,0,0.0,0,0,0,0,[],UNKNOWN
author_grid_component:6_5_X0050_Y0700_S050,6_5,6_5_X0400_Y0700_S050,2019-12-02,4,6978,6978,0,0,0.0,0,0,0,0,[],UNKNOWN
author_grid_component:6_5_X0050_Y0700_S050,6_5,6_5_X0400_Y0700_S050,2019-12-04,4,11899,11899,0,0,0.0,0,0,0,0,[],UNKNOWN
author_grid_component:6_5_X0050_Y0700_S050,6_5,6_5_X0400_Y0700_S050,2020-01-06,4,7815,7494,321,0,0.0,0,0,0,0,[],UNKNOWN
author_grid_component:6_5_X0050_Y0700_S050,6_5,6_5_X0400_Y0700_S050,2020-01-28,4,7026,7026,0,0,0.0,0,0,0,0,[],UNKNOWN
author_grid_component:6_5_X0050_Y0700_S050,6_5,6_5_X0400_Y0700_S050,2020-04-15,4,8690,8310,380,0,0.0,0,0,0,0,[],UNKNOWN
author_grid_component:6_5_X0050_Y0700_S050,6_5,6_5_X0400_Y0700_S050,2020-05-02,4,7442,7442,0,0,0.0,0,0,0,0,[],UNKNOWN
author_grid_component:6_5_X0050_Y0700_S050,6_5,6_5_X0400_Y0700_S050,2020-07-31,4,8186,8186,0,0,0.0,0,0,0,0,[],UNKNOWN
author_grid_component:6_5_X0050_Y0700_S050,6_5,6_5_X0400_Y0700_S050,2020-10-17,4,8186,8186,0,0,0.0,0,0,0,0,[],UNKNOWN
author_grid_component:6_5_X0050_Y0700_S050,6_5,6_5_X0400_Y0700_S050,2020-12-01,1,0,0,0,0,,0,0,0,0,[],UNKNOWN
author_grid_component:6_5_X0050_Y0700_S050,6_5,6_5_X0450_Y0600_S050,2019-01-11,4,7194,7194,0,0,0.0,0,0,0,0,[],UNKNOWN
author_grid_component:6_5_X0050_Y0700_S050,6_5,6_5_X0450_Y0600_S050,2019-03-19,4,14246,13287,959,0,0.0,0,0,0,0,[],UNKNOWN
author_grid_component:6_5_X0050_Y0700_S050,6_5,6_5_X0450_Y0600_S050,2019-03-27,4,6485,6485,0,0,0.0,0,0,0,0,[],UNKNOWN
author_grid_component:6_5_X0050_Y0700_S050,6_5,6_5_X0450_Y0600_S050,2019-04-01,4,14701,14005,696,0,0.0,0,0,0,0,[],UNKNOWN
author_grid_component:6_5_X0050_Y0700_S050,6_5,6_5_X0450_Y0600_S050,2019-05-28,4,7367,7092,275,0,0.0,0,0,0,0,[],UNKNOWN
author_grid_component:6_5_X0050_Y0700_S050,6_5,6_5_X0450_Y0600_S050,2019-09-30,4,11302,11101,201,0,0.0,0,0,0,0,[],UNKNOWN
author_grid_component:6_5_X0050_Y0700_S050,6_5,6_5_X0450_Y0600_S050,2019-11-24,4,9189,9079,110,0,0.0,0,0,0,0,[],UNKNOWN
author_grid_component:6_5_X0050_Y0700_S050,6_5,6_5_X0450_Y0600_S050,2019-12-02,4,6983,6983,0,0,0.0,0,0,0,0,[],UNKNOWN
author_grid_component:6_5_X0050_Y0700_S050,6_5,6_5_X0450_Y0600_S050,2019-12-04,4,13644,13517,127,0,0.0,0,0,0,0,[],UNKNOWN
author_grid_component:6_5_X0050_Y0700_S050,6_5,6_5_X0450_Y0600_S050,2020-01-06,4,15742,15742,0,0,0.0,0,0,0,0,[],UNKNOWN
author_grid_component:6_5_X0050_Y0700_S050,6_5,6_5_X0450_Y0600_S050,2020-01-28,4,6782,6782,0,0,0.0,0,0,0,0,[],UNKNOWN
author_grid_component:6_5_X0050_Y0700_S050,6_5,6_5_X0450_Y0600_S050,2020-04-15,4,8754,8468,286,0,0.0,0,0,0,0,[],UNKNOWN
author_grid_component:6_5_X0050_Y0700_S050,6_5,6_5_X0450_Y0600_S050,2020-05-02,4,11504,11504,0,0,0.0,0,0,0,0,[],UNKNOWN
author_grid_component:6_5_X0050_Y0700_S050,6_5,6_5_X0450_Y0600_S050,2020-07-31,4,7713,7713,0,0,0.0,0,0,0,0,[],UNKNOWN
author_grid_component:6_5_X0050_Y0700_S050,6_5,6_5_X0450_Y0600_S050,2020-10-17,4,8318,8318,0,0,0.0,0,0,0,0,[],UNKNOWN
author_grid_component:6_5_X0050_Y0700_S050,6_5,6_5_X0450_Y0600_S050,2020-12-01,1,0,0,0,0,,0,0,0,0,[],UNKNOWN
author_grid_component:6_5_X0050_Y0700_S050,6_5,6_5_X0450_Y0650_S050,2019-03-19,4,8385,8385,0,0,0.0,0,0,0,0,[],UNKNOWN
author_grid_component:6_5_X0050_Y0700_S050,6_5,6_5_X0450_Y0650_S050,2019-03-24,4,12405,12390,15,0,0.0,0,0,0,0,[],UNKNOWN
author_grid_component:6_5_X0050_Y0700_S050,6_5,6_5_X0450_Y0650_S050,2019-05-28,4,13344,13222,122,0,0.0,0,0,0,0,[],UNKNOWN
author_grid_component:6_5_X0050_Y0700_S050,6_5,6_5_X0450_Y0650_S050,2019-09-30,4,9823,9823,0,0,0.0,0,0,0,0,[],UNKNOWN
author_grid_component:6_5_X0050_Y0700_S050,6_5,6_5_X0450_Y0650_S050,2019-11-24,4,10288,10288,0,0,0.0,0,0,0,0,[],UNKNOWN
author_grid_component:6_5_X0050_Y0700_S050,6_5,6_5_X0450_Y0650_S050,2019-12-02,4,10089,10089,0,0,0.0,0,0,0,0,[],UNKNOWN
author_grid_component:6_5_X0050_Y0700_S050,6_5,6_5_X0450_Y0650_S050,2019-12-04,4,14209,13826,383,0,0.0,0,0,0,0,[],UNKNOWN
author_grid_component:6_5_X0050_Y0700_S050,6_5,6_5_X0450_Y0650_S050,2019-12-19,4,14301,13880,421,0,0.0,0,0,0,0,[],UNKNOWN
author_grid_component:6_5_X0050_Y0700_S050,6_5,6_5_X0450_Y0650_S050,2020-01-06,4,12909,12791,118,0,0.0,0,0,0,0,[],UNKNOWN
author_grid_component:6_5_X0050_Y0700_S050,6_5,6_5_X0450_Y0650_S050,2020-01-28,4,8973,8973,0,0,0.0,0,0,0,0,[],UNKNOWN
author_grid_component:6_5_X0050_Y0700_S050,6_5,6_5_X0450_Y0650_S050,2020-02-07,4,9823,9823,0,0,0.0,0,0,0,0,[],UNKNOWN
author_grid_component:6_5_X0050_Y0700_S050,6_5,6_5_X0450_Y0650_S050,2020-02-22,4,9096,9096,0,0,0.0,0,0,0,0,[],UNKNOWN
author_grid_component:6_5_X0050_Y0700_S050,6_5,6_5_X0450_Y0650_S050,2020-05-02,4,11318,11192,126,0,0.0,0,0,0,0,[],UNKNOWN
author_grid_component:6_5_X0050_Y0700_S050,6_5,6_5_X0450_Y0650_S050,2020-07-31,4,10941,10941,0,0,0.0,0,0,0,0,[],UNKNOWN
author_grid_component:6_5_X0050_Y0700_S050,6_5,6_5_X0450_Y0650_S050,2020-11-13,4,12256,12256,0,0,0.0,0,0,0,0,[],UNKNOWN
author_grid_component:6_5_X0050_Y0700_S050,6_5,6_5_X0450_Y0650_S050,2020-12-18,4,15129,15124,5,0,0.0,0,0,0,0,[],UNKNOWN
author_grid_component:6_5_X0050_Y0700_S050,6_5,6_5_X0450_Y0700_S050,2019-03-19,4,11360,11360,0,0,0.0,0,0,0,0,[],UNKNOWN
author_grid_component:6_5_X0050_Y0700_S050,6_5,6_5_X0450_Y0700_S050,2019-03-24,4,6545,6545,0,0,0.0,0,0,0,0,[],UNKNOWN
author_grid_component:6_5_X0050_Y0700_S050,6_5,6_5_X0450_Y0700_S050,2019-05-28,4,9258,9258,0,0,0.0,0,0,0,0,[],UNKNOWN
author_grid_component:6_5_X0050_Y0700_S050,6_5,6_5_X0450_Y0700_S050,2019-09-30,4,11391,11391,0,0,0.0,0,0,0,0,[],UNKNOWN
author_grid_component:6_5_X0050_Y0700_S050,6_5,6_5_X0450_Y0700_S050,2019-10-20,4,10268,10268,0,0,0.0,0,0,0,0,[],UNKNOWN
author_grid_component:6_5_X0050_Y0700_S050,6_5,6_5_X0450_Y0700_S050,2019-11-24,4,10631,10631,0,0,0.0,0,0,0,0,[],UNKNOWN
author_grid_component:6_5_X0050_Y0700_S050,6_5,6_5_X0450_Y0700_S050,2019-12-04,1,0,0,0,0,,0,0,0,0,[],UNKNOWN
author_grid_component:6_5_X0050_Y0700_S050,6_5,6_5_X0450_Y0700_S050,2019-12-19,4,13417,13417,0,0,0.0,0,0,0,0,[],UNKNOWN
author_grid_component:6_5_X0050_Y0700_S050,6_5,6_5_X0450_Y0700_S050,2020-01-28,4,9635,9635,0,0,0.0,0,0,0,0,[],UNKNOWN
author_grid_component:6_5_X0050_Y0700_S050,6_5,6_5_X0450_Y0700_S050,2020-02-07,4,9333,9333,0,0,0.0,0,0,0,0,[],UNKNOWN
author_grid_component:6_5_X0050_Y0700_S050,6_5,6_5_X0450_Y0700_S050,2020-02-22,4,9349,9349,0,0,0.0,0,0,0,0,[],UNKNOWN
author_grid_component:6_5_X0050_Y0700_S050,6_5,6_5_X0450_Y0700_S050,2020-05-02,1,0,0,0,0,,0,0,0,0,[],UNKNOWN
author_grid_component:6_5_X0050_Y0700_S050,6_5,6_5_X0450_Y0700_S050,2020-07-31,4,6640,6640,0,0,0.0,0,0,0,0,[],UNKNOWN
author_grid_component:6_5_X0050_Y0700_S050,6_5,6_5_X0450_Y0700_S050,2020-11-13,4,8997,8997,0,0,0.0,0,0,0,0,[],UNKNOWN
author_grid_component:6_5_X0050_Y0700_S050,6_5,6_5_X0450_Y0700_S050,2020-12-18,4,11648,11634,14,0,0.0,0,0,0,0,[],UNKNOWN
author_grid_component:6_5_X0050_Y0700_S050,6_5,6_5_X0450_Y0700_S050,2020-12-28,1,0,0,0,0,,0,0,0,0,[],UNKNOWN
author_grid_component:6_5_X0050_Y0700_S050,6_5,6_5_X0500_Y0600_S050,2019-03-19,4,8709,8709,0,0,0.0,0,0,0,0,[],UNKNOWN
author_grid_component:6_5_X0050_Y0700_S050,6_5,6_5_X0500_Y0600_S050,2019-03-24,4,8286,8286,0,0,0.0,0,0,0,0,[],UNKNOWN
author_grid_component:6_5_X0050_Y0700_S050,6_5,6_5_X0500_Y0600_S050,2019-05-13,4,16010,16010,0,0,0.0,0,0,0,0,[],UNKNOWN
author_grid_component:6_5_X0050_Y0700_S050,6_5,6_5_X0500_Y0600_S050,2019-05-28,4,15102,15102,0,0,0.0,0,0,0,0,[],UNKNOWN
author_grid_component:6_5_X0050_Y0700_S050,6_5,6_5_X0500_Y0600_S050,2019-09-30,4,15146,15146,0,0,0.0,0,0,0,0,[],UNKNOWN
author_grid_component:6_5_X0050_Y0700_S050,6_5,6_5_X0500_Y0600_S050,2019-11-24,4,6558,6558,0,0,0.0,0,0,0,0,[],UNKNOWN
author_grid_component:6_5_X0050_Y0700_S050,6_5,6_5_X0500_Y0600_S050,2019-12-04,4,14634,13620,1014,0,0.0,0,0,0,0,[],UNKNOWN
author_grid_component:6_5_X0050_Y0700_S050,6_5,6_5_X0500_Y0600_S050,2019-12-19,4,16355,15848,507,0,0.0,0,0,0,0,[],UNKNOWN
author_grid_component:6_5_X0050_Y0700_S050,6_5,6_5_X0500_Y0600_S050,2020-01-28,4,6444,6444,0,0,0.0,0,0,0,0,[],UNKNOWN
author_grid_component:6_5_X0050_Y0700_S050,6_5,6_5_X0500_Y0600_S050,2020-02-07,4,5317,5317,0,0,0.0,0,0,0,0,[],UNKNOWN
author_grid_component:6_5_X0050_Y0700_S050,6_5,6_5_X0500_Y0600_S050,2020-03-28,4,14985,14985,0,0,0.0,0,0,0,0,[],UNKNOWN
author_grid_component:6_5_X0050_Y0700_S050,6_5,6_5_X0500_Y0600_S050,2020-04-27,4,16384,16384,0,0,0.0,0,0,0,0,[],UNKNOWN
author_grid_component:6_5_X0050_Y0700_S050,6_5,6_5_X0500_Y0600_S050,2020-05-02,4,13666,13666,0,0,0.0,0,0,0,0,[],UNKNOWN
author_grid_component:6_5_X0050_Y0700_S050,6_5,6_5_X0500_Y0600_S050,2020-07-31,4,12504,12504,0,0,0.0,0,0,0,0,[],UNKNOWN
author_grid_component:6_5_X0050_Y0700_S050,6_5,6_5_X0500_Y0600_S050,2020-11-13,4,7728,7728,0,0,0.0,0,0,0,0,[],UNKNOWN
author_grid_component:6_5_X0050_Y0700_S050,6_5,6_5_X0500_Y0600_S050,2020-12-18,4,10992,10969,23,0,0.0,0,0,0,0,[],UNKNOWN
author_grid_component:6_5_X0050_Y0700_S050,6_5,6_5_X0500_Y0650_S050,2019-03-19,4,8589,8589,0,0,0.0,0,0,0,0,[],UNKNOWN
author_grid_component:6_5_X0050_Y0700_S050,6_5,6_5_X0500_Y0650_S050,2019-03-24,4,11281,11281,0,0,0.0,0,0,0,0,[],UNKNOWN
author_grid_component:6_5_X0050_Y0700_S050,6_5,6_5_X0500_Y0650_S050,2019-05-13,4,13856,13856,0,0,0.0,0,0,0,0,[],UNKNOWN
author_grid_component:6_5_X0050_Y0700_S050,6_5,6_5_X0500_Y0650_S050,2019-05-28,4,15738,15738,0,0,0.0,0,0,0,0,[],UNKNOWN
author_grid_component:6_5_X0050_Y0700_S050,6_5,6_5_X0500_Y0650_S050,2019-09-30,4,15949,15949,0,0,0.0,0,0,0,0,[],UNKNOWN
author_grid_component:6_5_X0050_Y0700_S050,6_5,6_5_X0500_Y0650_S050,2019-11-24,4,8247,8247,0,0,0.0,0,0,0,0,[],UNKNOWN
author_grid_component:6_5_X0050_Y0700_S050,6_5,6_5_X0500_Y0650_S050,2019-12-04,4,15964,15964,0,0,0.0,0,0,0,0,[],UNKNOWN
author_grid_component:6_5_X0050_Y0700_S050,6_5,6_5_X0500_Y0650_S050,2019-12-19,4,16384,16383,1,0,0.0,0,0,0,0,[],UNKNOWN
author_grid_component:6_5_X0050_Y0700_S050,6_5,6_5_X0500_Y0650_S050,2020-01-28,4,9294,9294,0,0,0.0,0,0,0,0,[],UNKNOWN
author_grid_component:6_5_X0050_Y0700_S050,6_5,6_5_X0500_Y0650_S050,2020-02-07,4,8768,8768,0,0,0.0,0,0,0,0,[],UNKNOWN
author_grid_component:6_5_X0050_Y0700_S050,6_5,6_5_X0500_Y0650_S050,2020-03-28,4,11895,11895,0,0,0.0,0,0,0,0,[],UNKNOWN
author_grid_component:6_5_X0050_Y0700_S050,6_5,6_5_X0500_Y0650_S050,2020-04-27,4,8057,8057,0,0,0.0,0,0,0,0,[],UNKNOWN
author_grid_component:6_5_X0050_Y0700_S050,6_5,6_5_X0500_Y0650_S050,2020-05-02,4,13278,13278,0,0,0.0,0,0,0,0,[],UNKNOWN
author_grid_component:6_5_X0050_Y0700_S050,6_5,6_5_X0500_Y0650_S050,2020-07-31,4,8768,8768,0,0,0.0,0,0,0,0,[],UNKNOWN
author_grid_component:6_5_X0050_Y0700_S050,6_5,6_5_X0500_Y0650_S050,2020-11-13,4,8768,8768,0,0,0.0,0,0,0,0,[],UNKNOWN
author_grid_component:6_5_X0050_Y0700_S050,6_5,6_5_X0500_Y0650_S050,2020-12-18,4,8999,8999,0,0,0.0,0,0,0,0,[],UNKNOWN
author_grid_component:6_5_X0050_Y0700_S050,6_5,6_5_X0550_Y0400_S050,2019-03-19,4,5650,5295,355,0,0.0,0,0,0,0,[],UNKNOWN
author_grid_component:6_5_X0050_Y0700_S050,6_5,6_5_X0550_Y0400_S050,2019-03-24,4,12253,12253,0,0,0.0,0,0,0,0,[],UNKNOWN
author_grid_component:6_5_X0050_Y0700_S050,6_5,6_5_X0550_Y0400_S050,2019-05-13,4,14584,14584,0,0,0.0,0,0,0,0,[],UNKNOWN
author_grid_component:6_5_X0050_Y0700_S050,6_5,6_5_X0550_Y0400_S050,2019-05-28,4,9469,9469,0,0,0.0,0,0,0,0,[],UNKNOWN
author_grid_component:6_5_X0050_Y0700_S050,6_5,6_5_X0550_Y0400_S050,2019-11-09,4,16384,16347,37,0,0.0,0,0,0,0,[],UNKNOWN
author_grid_component:6_5_X0050_Y0700_S050,6_5,6_5_X0550_Y0400_S050,2019-11-24,4,6633,6633,0,0,0.0,0,0,0,0,[],UNKNOWN
author_grid_component:6_5_X0050_Y0700_S050,6_5,6_5_X0550_Y0400_S050,2019-12-04,4,16384,16384,0,0,0.0,0,0,0,0,[],UNKNOWN
author_grid_component:6_5_X0050_Y0700_S050,6_5,6_5_X0550_Y0400_S050,2019-12-19,4,16384,16366,18,0,0.0,0,0,0,0,[],UNKNOWN
author_grid_component:6_5_X0050_Y0700_S050,6_5,6_5_X0550_Y0400_S050,2020-01-28,4,16269,16269,0,0,0.0,0,0,0,0,[],UNKNOWN
author_grid_component:6_5_X0050_Y0700_S050,6_5,6_5_X0550_Y0400_S050,2020-02-07,4,16384,16384,0,0,0.0,0,0,0,0,[],UNKNOWN
author_grid_component:6_5_X0050_Y0700_S050,6_5,6_5_X0550_Y0400_S050,2020-02-22,4,4085,4085,0,0,0.0,0,0,0,0,[],UNKNOWN
author_grid_component:6_5_X0050_Y0700_S050,6_5,6_5_X0550_Y0400_S050,2020-04-27,4,16384,16207,177,0,0.0,0,0,0,0,[],UNKNOWN
author_grid_component:6_5_X0050_Y0700_S050,6_5,6_5_X0550_Y0400_S050,2020-05-02,4,16269,16269,0,0,0.0,0,0,0,0,[],UNKNOWN
author_grid_component:6_5_X0050_Y0700_S050,6_5,6_5_X0550_Y0400_S050,2020-11-13,4,4127,4127,0,0,0.0,0,0,0,0,[],UNKNOWN
author_grid_component:6_5_X0050_Y0700_S050,6_5,6_5_X0550_Y0400_S050,2020-12-18,4,4088,4088,0,0,0.0,0,0,0,0,[],UNKNOWN
author_grid_component:6_5_X0050_Y0700_S050,6_5,6_5_X0550_Y0400_S050,2020-12-28,1,0,0,0,0,,0,0,0,0,[],UNKNOWN
author_grid_component:6_5_X0050_Y0700_S050,6_5,6_5_X0550_Y0500_S050,2019-03-19,4,10645,9097,1548,0,0.0,0,0,0,0,[],UNKNOWN
author_grid_component:6_5_X0050_Y0700_S050,6_5,6_5_X0550_Y0500_S050,2019-03-24,4,9228,8839,389,0,0.0,0,0,0,0,[],UNKNOWN
author_grid_component:6_5_X0050_Y0700_S050,6_5,6_5_X0550_Y0500_S050,2019-05-13,4,9286,8355,931,0,0.0,0,0,0,0,[],UNKNOWN
author_grid_component:6_5_X0050_Y0700_S050,6_5,6_5_X0550_Y0500_S050,2019-05-28,4,10560,1649,8911,0,0.0,0,0,0,0,[],UNKNOWN
author_grid_component:6_5_X0050_Y0700_S050,6_5,6_5_X0550_Y0500_S050,2019-09-30,4,11760,8495,3265,0,0.0,0,0,0,0,[],UNKNOWN
author_grid_component:6_5_X0050_Y0700_S050,6_5,6_5_X0550_Y0500_S050,2019-11-24,4,9406,9404,2,0,0.0,0,0,0,0,[],UNKNOWN
author_grid_component:6_5_X0050_Y0700_S050,6_5,6_5_X0550_Y0500_S050,2019-12-04,4,10945,8081,2864,0,0.0,0,0,0,0,[],UNKNOWN
author_grid_component:6_5_X0050_Y0700_S050,6_5,6_5_X0550_Y0500_S050,2020-02-07,4,7423,7423,0,0,0.0,0,0,0,0,[],UNKNOWN
author_grid_component:6_5_X0050_Y0700_S050,6_5,6_5_X0550_Y0500_S050,2020-02-22,4,7591,7325,266,0,0.0,0,0,0,0,[],UNKNOWN
author_grid_component:6_5_X0050_Y0700_S050,6_5,6_5_X0550_Y0500_S050,2020-03-28,4,1845,1845,0,0,0.0,0,0,0,0,[],UNKNOWN
author_grid_component:6_5_X0050_Y0700_S050,6_5,6_5_X0550_Y0500_S050,2020-04-27,4,11679,11134,545,0,0.0,0,0,0,0,[],UNKNOWN
author_grid_component:6_5_X0050_Y0700_S050,6_5,6_5_X0550_Y0500_S050,2020-05-02,4,11227,9549,1678,0,0.0,0,0,0,0,[],UNKNOWN
author_grid_component:6_5_X0050_Y0700_S050,6_5,6_5_X0550_Y0500_S050,2020-07-31,4,10293,10239,54,0,0.0,0,0,0,0,[],UNKNOWN
author_grid_component:6_5_X0050_Y0700_S050,6_5,6_5_X0550_Y0500_S050,2020-11-13,4,8844,6208,2636,0,0.0,0,0,0,0,[],UNKNOWN
author_grid_component:6_5_X0050_Y0700_S050,6_5,6_5_X0550_Y0500_S050,2020-12-18,4,12769,5249,7520,0,0.0,0,0,0,0,[],UNKNOWN
author_grid_component:6_5_X0050_Y0700_S050,6_5,6_5_X0550_Y0500_S050,2020-12-28,1,0,0,0,0,,0,0,0,0,[],UNKNOWN
author_grid_component:6_5_X0050_Y0700_S050,6_5,6_5_X0550_Y0600_S050,2019-03-19,4,7936,7936,0,0,0.0,0,0,0,0,[],UNKNOWN
author_grid_component:6_5_X0050_Y0700_S050,6_5,6_5_X0550_Y0600_S050,2019-03-24,4,5880,5880,0,0,0.0,0,0,0,0,[],UNKNOWN
author_grid_component:6_5_X0050_Y0700_S050,6_5,6_5_X0550_Y0600_S050,2019-05-13,4,6190,6190,0,0,0.0,0,0,0,0,[],UNKNOWN
author_grid_component:6_5_X0050_Y0700_S050,6_5,6_5_X0550_Y0600_S050,2019-05-28,4,10848,10848,0,0,0.0,0,0,0,0,[],UNKNOWN
author_grid_component:6_5_X0050_Y0700_S050,6_5,6_5_X0550_Y0600_S050,2019-09-30,4,15686,15683,3,0,0.0,0,0,0,0,[],UNKNOWN
author_grid_component:6_5_X0050_Y0700_S050,6_5,6_5_X0550_Y0600_S050,2019-11-24,4,6838,6838,0,0,0.0,0,0,0,0,[],UNKNOWN
author_grid_component:6_5_X0050_Y0700_S050,6_5,6_5_X0550_Y0600_S050,2019-12-04,4,12750,12469,281,0,0.0,0,0,0,0,[],UNKNOWN
author_grid_component:6_5_X0050_Y0700_S050,6_5,6_5_X0550_Y0600_S050,2020-02-07,4,5822,5822,0,0,0.0,0,0,0,0,[],UNKNOWN
author_grid_component:6_5_X0050_Y0700_S050,6_5,6_5_X0550_Y0600_S050,2020-02-22,4,7084,7084,0,0,0.0,0,0,0,0,[],UNKNOWN
author_grid_component:6_5_X0050_Y0700_S050,6_5,6_5_X0550_Y0600_S050,2020-03-28,4,7234,7234,0,0,0.0,0,0,0,0,[],UNKNOWN
author_grid_component:6_5_X0050_Y0700_S050,6_5,6_5_X0550_Y0600_S050,2020-04-27,4,5686,5686,0,0,0.0,0,0,0,0,[],UNKNOWN
author_grid_component:6_5_X0050_Y0700_S050,6_5,6_5_X0550_Y0600_S050,2020-05-02,4,7090,7090,0,0,0.0,0,0,0,0,[],UNKNOWN
author_grid_component:6_5_X0050_Y0700_S050,6_5,6_5_X0550_Y0600_S050,2020-07-31,4,14669,14669,0,0,0.0,0,0,0,0,[],UNKNOWN
author_grid_component:6_5_X0050_Y0700_S050,6_5,6_5_X0550_Y0600_S050,2020-11-13,4,5875,5875,0,0,0.0,0,0,0,0,[],UNKNOWN
author_grid_component:6_5_X0050_Y0700_S050,6_5,6_5_X0550_Y0600_S050,2020-12-18,4,6545,6545,0,0,0.0,0,0,0,0,[],UNKNOWN
author_grid_component:6_5_X0050_Y0700_S050,6_5,6_5_X0550_Y0600_S050,2020-12-28,1,0,0,0,0,,0,0,0,0,[],UNKNOWN
author_grid_component:6_5_X0050_Y0700_S050,6_5,6_5_X0550_Y0650_S050,2019-03-19,4,6336,6336,0,0,0.0,0,0,0,0,[],UNKNOWN
author_grid_component:6_5_X0050_Y0700_S050,6_5,6_5_X0550_Y0650_S050,2019-03-24,4,8087,8087,0,0,0.0,0,0,0,0,[],UNKNOWN
author_grid_component:6_5_X0050_Y0700_S050,6_5,6_5_X0550_Y0650_S050,2019-05-13,4,7970,7970,0,0,0.0,0,0,0,0,[],UNKNOWN
author_grid_component:6_5_X0050_Y0700_S050,6_5,6_5_X0550_Y0650_S050,2019-05-28,4,8290,8127,163,0,0.0,0,0,0,0,[],UNKNOWN
author_grid_component:6_5_X0050_Y0700_S050,6_5,6_5_X0550_Y0650_S050,2019-09-30,4,15028,15028,0,0,0.0,0,0,0,0,[],UNKNOWN
author_grid_component:6_5_X0050_Y0700_S050,6_5,6_5_X0550_Y0650_S050,2019-11-24,4,8958,8958,0,0,0.0,0,0,0,0,[],UNKNOWN
author_grid_component:6_5_X0050_Y0700_S050,6_5,6_5_X0550_Y0650_S050,2019-12-04,4,14325,14138,187,0,0.0,0,0,0,0,[],UNKNOWN
author_grid_component:6_5_X0050_Y0700_S050,6_5,6_5_X0550_Y0650_S050,2020-02-07,4,5708,5708,0,0,0.0,0,0,0,0,[],UNKNOWN
author_grid_component:6_5_X0050_Y0700_S050,6_5,6_5_X0550_Y0650_S050,2020-02-22,4,5806,5806,0,0,0.0,0,0,0,0,[],UNKNOWN
author_grid_component:6_5_X0050_Y0700_S050,6_5,6_5_X0550_Y0650_S050,2020-03-28,4,8463,8463,0,0,0.0,0,0,0,0,[],UNKNOWN
author_grid_component:6_5_X0050_Y0700_S050,6_5,6_5_X0550_Y0650_S050,2020-04-27,4,8090,8090,0,0,0.0,0,0,0,0,[],UNKNOWN
author_grid_component:6_5_X0050_Y0700_S050,6_5,6_5_X0550_Y0650_S050,2020-05-02,4,8089,8089,0,0,0.0,0,0,0,0,[],UNKNOWN
author_grid_component:6_5_X0050_Y0700_S050,6_5,6_5_X0550_Y0650_S050,2020-07-31,4,15018,11306,3712,0,0.0,0,0,0,0,[],UNKNOWN
author_grid_component:6_5_X0050_Y0700_S050,6_5,6_5_X0550_Y0650_S050,2020-11-13,4,7737,7737,0,0,0.0,0,0,0,0,[],UNKNOWN
author_grid_component:6_5_X0050_Y0700_S050,6_5,6_5_X0550_Y0650_S050,2020-12-18,4,6729,6729,0,0,0.0,0,0,0,0,[],UNKNOWN
author_grid_component:6_5_X0050_Y0700_S050,6_5,6_5_X0550_Y0650_S050,2020-12-28,1,0,0,0,0,,0,0,0,0,[],UNKNOWN
author_grid_component:6_5_X0050_Y0700_S050,6_5,6_5_X0550_Y0700_S050,2019-03-19,4,9886,9886,0,0,0.0,0,0,0,0,[],UNKNOWN
author_grid_component:6_5_X0050_Y0700_S050,6_5,6_5_X0550_Y0700_S050,2019-03-24,4,12241,12241,0,0,0.0,0,0,0,0,[],UNKNOWN
author_grid_component:6_5_X0050_Y0700_S050,6_5,6_5_X0550_Y0700_S050,2019-05-13,4,8748,8748,0,0,0.0,0,0,0,0,[],UNKNOWN
author_grid_component:6_5_X0050_Y0700_S050,6_5,6_5_X0550_Y0700_S050,2019-05-28,4,11109,11109,0,0,0.0,0,0,0,0,[],UNKNOWN
author_grid_component:6_5_X0050_Y0700_S050,6_5,6_5_X0550_Y0700_S050,2019-09-30,4,16079,16079,0,0,0.0,0,0,0,0,[],UNKNOWN
author_grid_component:6_5_X0050_Y0700_S050,6_5,6_5_X0550_Y0700_S050,2019-11-24,4,15563,15563,0,0,0.0,0,0,0,0,[],UNKNOWN
author_grid_component:6_5_X0050_Y0700_S050,6_5,6_5_X0550_Y0700_S050,2019-12-04,4,16350,16350,0,0,0.0,0,0,0,0,[],UNKNOWN
author_grid_component:6_5_X0050_Y0700_S050,6_5,6_5_X0550_Y0700_S050,2020-02-07,4,16383,16383,0,0,0.0,0,0,0,0,[],UNKNOWN
author_grid_component:6_5_X0050_Y0700_S050,6_5,6_5_X0550_Y0700_S050,2020-02-22,4,16374,16374,0,0,0.0,0,0,0,0,[],UNKNOWN
author_grid_component:6_5_X0050_Y0700_S050,6_5,6_5_X0550_Y0700_S050,2020-03-28,4,16380,16380,0,0,0.0,0,0,0,0,[],UNKNOWN
author_grid_component:6_5_X0050_Y0700_S050,6_5,6_5_X0550_Y0700_S050,2020-04-27,4,16248,16248,0,0,0.0,0,0,0,0,[],UNKNOWN
author_grid_component:6_5_X0050_Y0700_S050,6_5,6_5_X0550_Y0700_S050,2020-05-02,4,12417,12417,0,0,0.0,0,0,0,0,[],UNKNOWN
author_grid_component:6_5_X0050_Y0700_S050,6_5,6_5_X0550_Y0700_S050,2020-07-31,4,12514,12514,0,0,0.0,0,0,0,0,[],UNKNOWN
author_grid_component:6_5_X0050_Y0700_S050,6_5,6_5_X0550_Y0700_S050,2020-11-13,4,16379,16379,0,0,0.0,0,0,0,0,[],UNKNOWN
author_grid_component:6_5_X0050_Y0700_S050,6_5,6_5_X0550_Y0700_S050,2020-12-18,4,14013,14013,0,0,0.0,0,0,0,0,[],UNKNOWN
author_grid_component:6_5_X0050_Y0700_S050,6_5,6_5_X0550_Y0700_S050,2020-12-28,1,0,0,0,0,,0,0,0,0,[],UNKNOWN
author_grid_component:6_5_X0050_Y0700_S050,6_5,6_5_X0600_Y0350_S050,2019-03-19,4,15579,14620,959,0,0.0,0,0,0,0,[],UNKNOWN
author_grid_component:6_5_X0050_Y0700_S050,6_5,6_5_X0600_Y0350_S050,2019-03-24,4,10687,10687,0,0,0.0,0,0,0,0,[],UNKNOWN
author_grid_component:6_5_X0050_Y0700_S050,6_5,6_5_X0600_Y0350_S050,2019-05-13,4,13499,13499,0,0,0.0,0,0,0,0,[],UNKNOWN
author_grid_component:6_5_X0050_Y0700_S050,6_5,6_5_X0600_Y0350_S050,2019-05-28,4,9731,9731,0,0,0.0,0,0,0,0,[],UNKNOWN
author_grid_component:6_5_X0050_Y0700_S050,6_5,6_5_X0600_Y0350_S050,2019-11-09,4,16358,16281,77,0,0.0,0,0,0,0,[],UNKNOWN
author_grid_component:6_5_X0050_Y0700_S050,6_5,6_5_X0600_Y0350_S050,2019-11-24,4,15771,15771,0,0,0.0,0,0,0,0,[],UNKNOWN
author_grid_component:6_5_X0050_Y0700_S050,6_5,6_5_X0600_Y0350_S050,2019-12-04,4,16109,14778,1331,0,0.0,0,0,0,0,[],UNKNOWN
author_grid_component:6_5_X0050_Y0700_S050,6_5,6_5_X0600_Y0350_S050,2019-12-19,4,16326,16326,0,0,0.0,0,0,0,0,[],UNKNOWN
author_grid_component:6_5_X0050_Y0700_S050,6_5,6_5_X0600_Y0350_S050,2020-01-28,4,5638,5638,0,0,0.0,0,0,0,0,[],UNKNOWN
author_grid_component:6_5_X0050_Y0700_S050,6_5,6_5_X0600_Y0350_S050,2020-02-07,4,5357,5357,0,0,0.0,0,0,0,0,[],UNKNOWN
author_grid_component:6_5_X0050_Y0700_S050,6_5,6_5_X0600_Y0350_S050,2020-02-22,4,5625,5625,0,0,0.0,0,0,0,0,[],UNKNOWN
author_grid_component:6_5_X0050_Y0700_S050,6_5,6_5_X0600_Y0350_S050,2020-04-27,4,15742,14805,937,0,0.0,0,0,0,0,[],UNKNOWN
author_grid_component:6_5_X0050_Y0700_S050,6_5,6_5_X0600_Y0350_S050,2020-05-02,4,16384,16381,3,0,0.0,0,0,0,0,[],UNKNOWN
author_grid_component:6_5_X0050_Y0700_S050,6_5,6_5_X0600_Y0350_S050,2020-11-13,4,10110,10110,0,0,0.0,0,0,0,0,[],UNKNOWN
author_grid_component:6_5_X0050_Y0700_S050,6_5,6_5_X0600_Y0350_S050,2020-12-18,4,8563,8563,0,0,0.0,0,0,0,0,[],UNKNOWN
author_grid_component:6_5_X0050_Y0700_S050,6_5,6_5_X0600_Y0350_S050,2020-12-28,1,0,0,0,0,,0,0,0,0,[],UNKNOWN
author_grid_component:6_5_X0050_Y0700_S050,6_5,6_5_X0600_Y0400_S050,2019-03-19,4,13549,13523,26,0,0.0,0,0,0,0,[],UNKNOWN
author_grid_component:6_5_X0050_Y0700_S050,6_5,6_5_X0600_Y0400_S050,2019-03-24,4,6890,6831,59,0,0.0,0,0,0,0,[],UNKNOWN
author_grid_component:6_5_X0050_Y0700_S050,6_5,6_5_X0600_Y0400_S050,2019-05-13,4,16384,16384,0,0,0.0,0,0,0,0,[],UNKNOWN
author_grid_component:6_5_X0050_Y0700_S050,6_5,6_5_X0600_Y0400_S050,2019-05-28,4,7914,7674,240,0,0.0,0,0,0,0,[],UNKNOWN
author_grid_component:6_5_X0050_Y0700_S050,6_5,6_5_X0600_Y0400_S050,2019-11-09,4,16384,14250,2134,0,0.0,0,0,0,0,[],UNKNOWN
author_grid_component:6_5_X0050_Y0700_S050,6_5,6_5_X0600_Y0400_S050,2019-11-24,4,6785,6785,0,0,0.0,0,0,0,0,[],UNKNOWN
author_grid_component:6_5_X0050_Y0700_S050,6_5,6_5_X0600_Y0400_S050,2019-12-04,4,16384,15209,1175,0,0.0,0,0,0,0,[],UNKNOWN
author_grid_component:6_5_X0050_Y0700_S050,6_5,6_5_X0600_Y0400_S050,2019-12-19,4,16376,16352,24,0,0.0,0,0,0,0,[],UNKNOWN
author_grid_component:6_5_X0050_Y0700_S050,6_5,6_5_X0600_Y0400_S050,2020-01-28,4,16384,16384,0,0,0.0,0,0,0,0,[],UNKNOWN
author_grid_component:6_5_X0050_Y0700_S050,6_5,6_5_X0600_Y0400_S050,2020-02-07,4,7050,7041,9,0,0.0,0,0,0,0,[],UNKNOWN
author_grid_component:6_5_X0050_Y0700_S050,6_5,6_5_X0600_Y0400_S050,2020-02-22,4,11282,10770,512,0,0.0,0,0,0,0,[],UNKNOWN
author_grid_component:6_5_X0050_Y0700_S050,6_5,6_5_X0600_Y0400_S050,2020-04-27,4,16384,16384,0,0,0.0,0,0,0,0,[],UNKNOWN
author_grid_component:6_5_X0050_Y0700_S050,6_5,6_5_X0600_Y0400_S050,2020-05-02,4,14065,14065,0,0,0.0,0,0,0,0,[],UNKNOWN
author_grid_component:6_5_X0050_Y0700_S050,6_5,6_5_X0600_Y0400_S050,2020-11-13,4,8261,8261,0,0,0.0,0,0,0,0,[],UNKNOWN
author_grid_component:6_5_X0050_Y0700_S050,6_5,6_5_X0600_Y0400_S050,2020-12-18,4,7836,7836,0,0,0.0,0,0,0,0,[],UNKNOWN
author_grid_component:6_5_X0050_Y0700_S050,6_5,6_5_X0600_Y0400_S050,2020-12-28,1,0,0,0,0,,0,0,0,0,[],UNKNOWN
author_grid_component:6_5_X0050_Y0700_S050,6_5,6_5_X0600_Y0500_S050,2019-03-19,4,15769,14488,1281,0,0.0,0,0,0,0,[],UNKNOWN
author_grid_component:6_5_X0050_Y0700_S050,6_5,6_5_X0600_Y0500_S050,2019-03-24,4,15245,14229,1016,0,0.0,0,0,0,0,[],UNKNOWN
author_grid_component:6_5_X0050_Y0700_S050,6_5,6_5_X0600_Y0500_S050,2019-05-13,4,16118,11464,4654,0,0.0,0,0,0,0,[],UNKNOWN
author_grid_component:6_5_X0050_Y0700_S050,6_5,6_5_X0600_Y0500_S050,2019-05-28,4,16384,5798,10586,0,0.0,0,0,0,0,[],UNKNOWN
author_grid_component:6_5_X0050_Y0700_S050,6_5,6_5_X0600_Y0500_S050,2019-09-30,4,15919,14667,1252,0,0.0,0,0,0,0,[],UNKNOWN
author_grid_component:6_5_X0050_Y0700_S050,6_5,6_5_X0600_Y0500_S050,2019-11-24,4,12356,12356,0,0,0.0,0,0,0,0,[],UNKNOWN
author_grid_component:6_5_X0050_Y0700_S050,6_5,6_5_X0600_Y0500_S050,2019-12-04,4,16299,12353,3946,0,0.0,0,0,0,0,[],UNKNOWN
author_grid_component:6_5_X0050_Y0700_S050,6_5,6_5_X0600_Y0500_S050,2020-02-07,4,9077,9077,0,0,0.0,0,0,0,0,[],UNKNOWN
author_grid_component:6_5_X0050_Y0700_S050,6_5,6_5_X0600_Y0500_S050,2020-02-22,4,8918,8873,45,0,0.0,0,0,0,0,[],UNKNOWN
author_grid_component:6_5_X0050_Y0700_S050,6_5,6_5_X0600_Y0500_S050,2020-03-28,4,8351,8351,0,0,0.0,0,0,0,0,[],UNKNOWN
author_grid_component:6_5_X0050_Y0700_S050,6_5,6_5_X0600_Y0500_S050,2020-04-27,4,12573,11854,719,0,0.0,0,0,0,0,[],UNKNOWN
author_grid_component:6_5_X0050_Y0700_S050,6_5,6_5_X0600_Y0500_S050,2020-05-02,4,12706,12549,157,0,0.0,0,0,0,0,[],UNKNOWN
author_grid_component:6_5_X0050_Y0700_S050,6_5,6_5_X0600_Y0500_S050,2020-07-31,4,15239,14229,1010,0,0.0,0,0,0,0,[],UNKNOWN
author_grid_component:6_5_X0050_Y0700_S050,6_5,6_5_X0600_Y0500_S050,2020-11-13,4,8902,8902,0,0,0.0,0,0,0,0,[],UNKNOWN
author_grid_component:6_5_X0050_Y0700_S050,6_5,6_5_X0600_Y0500_S050,2020-12-18,4,16364,15237,1127,0,0.0,0,0,0,0,[],UNKNOWN
author_grid_component:6_5_X0050_Y0700_S050,6_5,6_5_X0600_Y0500_S050,2020-12-28,1,0,0,0,0,,0,0,0,0,[],UNKNOWN
author_grid_component:6_5_X0050_Y0700_S050,6_5,6_5_X0600_Y0550_S050,2019-03-19,4,16384,8283,8101,0,0.0,0,0,0,0,[],UNKNOWN
author_grid_component:6_5_X0050_Y0700_S050,6_5,6_5_X0600_Y0550_S050,2019-03-24,4,9853,9853,0,0,0.0,0,0,0,0,[],UNKNOWN
author_grid_component:6_5_X0050_Y0700_S050,6_5,6_5_X0600_Y0550_S050,2019-05-13,4,11526,11526,0,0,0.0,0,0,0,0,[],UNKNOWN
author_grid_component:6_5_X0050_Y0700_S050,6_5,6_5_X0600_Y0550_S050,2019-05-28,4,16242,11946,4296,0,0.0,0,0,0,0,[],UNKNOWN
author_grid_component:6_5_X0050_Y0700_S050,6_5,6_5_X0600_Y0550_S050,2019-09-30,4,15681,14396,1285,0,0.0,0,0,0,0,[],UNKNOWN
author_grid_component:6_5_X0050_Y0700_S050,6_5,6_5_X0600_Y0550_S050,2019-11-24,4,11421,11421,0,0,0.0,0,0,0,0,[],UNKNOWN
author_grid_component:6_5_X0050_Y0700_S050,6_5,6_5_X0600_Y0550_S050,2019-12-04,4,16384,11282,5102,0,0.0,0,0,0,0,[],UNKNOWN
author_grid_component:6_5_X0050_Y0700_S050,6_5,6_5_X0600_Y0550_S050,2020-02-07,4,8468,8468,0,0,0.0,0,0,0,0,[],UNKNOWN
author_grid_component:6_5_X0050_Y0700_S050,6_5,6_5_X0600_Y0550_S050,2020-02-22,4,10053,10053,0,0,0.0,0,0,0,0,[],UNKNOWN
author_grid_component:6_5_X0050_Y0700_S050,6_5,6_5_X0600_Y0550_S050,2020-03-28,4,8535,8535,0,0,0.0,0,0,0,0,[],UNKNOWN
author_grid_component:6_5_X0050_Y0700_S050,6_5,6_5_X0600_Y0550_S050,2020-04-27,4,11372,11366,6,0,0.0,0,0,0,0,[],UNKNOWN
author_grid_component:6_5_X0050_Y0700_S050,6_5,6_5_X0600_Y0550_S050,2020-05-02,4,7807,7807,0,0,0.0,0,0,0,0,[],UNKNOWN
author_grid_component:6_5_X0050_Y0700_S050,6_5,6_5_X0600_Y0550_S050,2020-07-31,4,11617,11613,4,0,0.0,0,0,0,0,[],UNKNOWN
author_grid_component:6_5_X0050_Y0700_S050,6_5,6_5_X0600_Y0550_S050,2020-11-13,4,11424,11424,0,0,0.0,0,0,0,0,[],UNKNOWN
author_grid_component:6_5_X0050_Y0700_S050,6_5,6_5_X0600_Y0550_S050,2020-12-18,4,15615,10434,5181,0,0.0,0,0,0,0,[],UNKNOWN
author_grid_component:6_5_X0050_Y0700_S050,6_5,6_5_X0600_Y0550_S050,2020-12-28,1,0,0,0,0,,0,0,0,0,[],UNKNOWN
author_grid_component:6_5_X0050_Y0700_S050,6_5,6_5_X0600_Y0650_S050,2019-03-19,4,9728,9728,0,0,0.0,0,0,0,0,[],UNKNOWN
author_grid_component:6_5_X0050_Y0700_S050,6_5,6_5_X0600_Y0650_S050,2019-03-24,4,9448,9448,0,0,0.0,0,0,0,0,[],UNKNOWN
author_grid_component:6_5_X0050_Y0700_S050,6_5,6_5_X0600_Y0650_S050,2019-05-13,4,7587,7587,0,0,0.0,0,0,0,0,[],UNKNOWN
author_grid_component:6_5_X0050_Y0700_S050,6_5,6_5_X0600_Y0650_S050,2019-05-28,4,11791,11791,0,0,0.0,0,0,0,0,[],UNKNOWN
author_grid_component:6_5_X0050_Y0700_S050,6_5,6_5_X0600_Y0650_S050,2019-09-30,4,15005,14832,173,0,0.0,0,0,0,0,[],UNKNOWN
author_grid_component:6_5_X0050_Y0700_S050,6_5,6_5_X0600_Y0650_S050,2019-11-24,4,8850,8850,0,0,0.0,0,0,0,0,[],UNKNOWN
author_grid_component:6_5_X0050_Y0700_S050,6_5,6_5_X0600_Y0650_S050,2019-12-04,4,7796,7796,0,0,0.0,0,0,0,0,[],UNKNOWN
author_grid_component:6_5_X0050_Y0700_S050,6_5,6_5_X0600_Y0650_S050,2020-02-07,4,9828,9828,0,0,0.0,0,0,0,0,[],UNKNOWN
author_grid_component:6_5_X0050_Y0700_S050,6_5,6_5_X0600_Y0650_S050,2020-02-22,4,9164,9164,0,0,0.0,0,0,0,0,[],UNKNOWN
author_grid_component:6_5_X0050_Y0700_S050,6_5,6_5_X0600_Y0650_S050,2020-03-28,4,10689,10689,0,0,0.0,0,0,0,0,[],UNKNOWN
author_grid_component:6_5_X0050_Y0700_S050,6_5,6_5_X0600_Y0650_S050,2020-04-27,4,9187,9187,0,0,0.0,0,0,0,0,[],UNKNOWN
author_grid_component:6_5_X0050_Y0700_S050,6_5,6_5_X0600_Y0650_S050,2020-05-02,4,12158,12150,8,0,0.0,0,0,0,0,[],UNKNOWN
author_grid_component:6_5_X0050_Y0700_S050,6_5,6_5_X0600_Y0650_S050,2020-07-31,4,16109,12842,3267,0,0.0,0,0,0,0,[],UNKNOWN
author_grid_component:6_5_X0050_Y0700_S050,6_5,6_5_X0600_Y0650_S050,2020-11-13,4,8944,8944,0,0,0.0,0,0,0,0,[],UNKNOWN
author_grid_component:6_5_X0050_Y0700_S050,6_5,6_5_X0600_Y0650_S050,2020-12-18,4,7312,7312,0,0,0.0,0,0,0,0,[],UNKNOWN
author_grid_component:6_5_X0050_Y0700_S050,6_5,6_5_X0600_Y0650_S050,2020-12-28,1,0,0,0,0,,0,0,0,0,[],UNKNOWN
author_grid_component:6_5_X0050_Y0700_S050,6_5,6_5_X0600_Y0700_S050,2019-03-19,4,16350,16350,0,0,0.0,0,0,0,0,[],UNKNOWN
author_grid_component:6_5_X0050_Y0700_S050,6_5,6_5_X0600_Y0700_S050,2019-03-24,4,16335,16335,0,0,0.0,0,0,0,0,[],UNKNOWN
author_grid_component:6_5_X0050_Y0700_S050,6_5,6_5_X0600_Y0700_S050,2019-05-13,4,15071,15071,0,0,0.0,0,0,0,0,[],UNKNOWN
author_grid_component:6_5_X0050_Y0700_S050,6_5,6_5_X0600_Y0700_S050,2019-05-28,4,10724,10724,0,0,0.0,0,0,0,0,[],UNKNOWN
author_grid_component:6_5_X0050_Y0700_S050,6_5,6_5_X0600_Y0700_S050,2019-09-30,4,15557,15557,0,0,0.0,0,0,0,0,[],UNKNOWN
author_grid_component:6_5_X0050_Y0700_S050,6_5,6_5_X0600_Y0700_S050,2019-11-24,4,16316,16316,0,0,0.0,0,0,0,0,[],UNKNOWN
author_grid_component:6_5_X0050_Y0700_S050,6_5,6_5_X0600_Y0700_S050,2019-12-04,4,16317,16317,0,0,0.0,0,0,0,0,[],UNKNOWN
author_grid_component:6_5_X0050_Y0700_S050,6_5,6_5_X0600_Y0700_S050,2020-02-07,4,16352,16352,0,0,0.0,0,0,0,0,[],UNKNOWN
author_grid_component:6_5_X0050_Y0700_S050,6_5,6_5_X0600_Y0700_S050,2020-02-22,4,16322,16322,0,0,0.0,0,0,0,0,[],UNKNOWN
author_grid_component:6_5_X0050_Y0700_S050,6_5,6_5_X0600_Y0700_S050,2020-03-28,4,16326,16326,0,0,0.0,0,0,0,0,[],UNKNOWN
author_grid_component:6_5_X0050_Y0700_S050,6_5,6_5_X0600_Y0700_S050,2020-04-27,4,16334,16334,0,0,0.0,0,0,0,0,[],UNKNOWN
author_grid_component:6_5_X0050_Y0700_S050,6_5,6_5_X0600_Y0700_S050,2020-05-02,4,11397,11397,0,0,0.0,0,0,0,0,[],UNKNOWN
author_grid_component:6_5_X0050_Y0700_S050,6_5,6_5_X0600_Y0700_S050,2020-07-31,4,11909,11909,0,0,0.0,0,0,0,0,[],UNKNOWN
author_grid_component:6_5_X0050_Y0700_S050,6_5,6_5_X0600_Y0700_S050,2020-11-13,4,16313,16313,0,0,0.0,0,0,0,0,[],UNKNOWN
author_grid_component:6_5_X0050_Y0700_S050,6_5,6_5_X0600_Y0700_S050,2020-12-18,4,14976,14976,0,0,0.0,0,0,0,0,[],UNKNOWN
author_grid_component:6_5_X0050_Y0700_S050,6_5,6_5_X0600_Y0700_S050,2020-12-28,1,0,0,0,0,,0,0,0,0,[],UNKNOWN
author_grid_component:6_5_X0050_Y0700_S050,6_5,6_5_X0650_Y0350_S050,2019-03-19,4,13271,12745,526,0,0.0,0,0,0,0,[],UNKNOWN
author_grid_component:6_5_X0050_Y0700_S050,6_5,6_5_X0650_Y0350_S050,2019-03-24,4,13163,13163,0,0,0.0,0,0,0,0,[],UNKNOWN
author_grid_component:6_5_X0050_Y0700_S050,6_5,6_5_X0650_Y0350_S050,2019-05-13,4,8068,7953,115,0,0.0,0,0,0,0,[],UNKNOWN
author_grid_component:6_5_X0050_Y0700_S050,6_5,6_5_X0650_Y0350_S050,2019-05-28,4,14623,14623,0,0,0.0,0,0,0,0,[],UNKNOWN
author_grid_component:6_5_X0050_Y0700_S050,6_5,6_5_X0650_Y0350_S050,2019-11-09,4,11556,11013,543,0,0.0,0,0,0,0,[],UNKNOWN
author_grid_component:6_5_X0050_Y0700_S050,6_5,6_5_X0650_Y0350_S050,2019-11-24,4,12428,12428,0,0,0.0,0,0,0,0,[],UNKNOWN
author_grid_component:6_5_X0050_Y0700_S050,6_5,6_5_X0650_Y0350_S050,2019-12-04,4,14383,13106,1277,0,0.0,0,0,0,0,[],UNKNOWN
author_grid_component:6_5_X0050_Y0700_S050,6_5,6_5_X0650_Y0350_S050,2019-12-19,4,10564,9983,581,0,0.0,0,0,0,0,[],UNKNOWN
author_grid_component:6_5_X0050_Y0700_S050,6_5,6_5_X0650_Y0350_S050,2020-01-28,4,8525,8525,0,0,0.0,0,0,0,0,[],UNKNOWN
author_grid_component:6_5_X0050_Y0700_S050,6_5,6_5_X0650_Y0350_S050,2020-02-07,4,9185,9185,0,0,0.0,0,0,0,0,[],UNKNOWN
author_grid_component:6_5_X0050_Y0700_S050,6_5,6_5_X0650_Y0350_S050,2020-02-22,4,8304,8304,0,0,0.0,0,0,0,0,[],UNKNOWN
author_grid_component:6_5_X0050_Y0700_S050,6_5,6_5_X0650_Y0350_S050,2020-04-27,4,15993,15989,4,0,0.0,0,0,0,0,[],UNKNOWN
author_grid_component:6_5_X0050_Y0700_S050,6_5,6_5_X0650_Y0350_S050,2020-05-02,4,16384,16120,264,0,0.0,0,0,0,0,[],UNKNOWN
author_grid_component:6_5_X0050_Y0700_S050,6_5,6_5_X0650_Y0350_S050,2020-11-13,4,13056,13056,0,0,0.0,0,0,0,0,[],UNKNOWN
author_grid_component:6_5_X0050_Y0700_S050,6_5,6_5_X0650_Y0350_S050,2020-12-18,4,11556,11013,543,0,0.0,0,0,0,0,[],UNKNOWN
author_grid_component:6_5_X0050_Y0700_S050,6_5,6_5_X0650_Y0350_S050,2020-12-28,1,0,0,0,0,,0,0,0,0,[],UNKNOWN
author_grid_component:6_5_X0050_Y0700_S050,6_5,6_5_X0650_Y0400_S050,2019-03-19,4,14525,12472,2053,0,0.0,0,0,0,0,[],UNKNOWN
author_grid_component:6_5_X0050_Y0700_S050,6_5,6_5_X0650_Y0400_S050,2019-03-24,4,11764,11411,353,0,0.0,0,0,0,0,[],UNKNOWN
author_grid_component:6_5_X0050_Y0700_S050,6_5,6_5_X0650_Y0400_S050,2019-05-13,4,16384,15753,631,0,0.0,0,0,0,0,[],UNKNOWN
author_grid_component:6_5_X0050_Y0700_S050,6_5,6_5_X0650_Y0400_S050,2019-05-28,4,15352,15346,6,0,0.0,0,0,0,0,[],UNKNOWN
author_grid_component:6_5_X0050_Y0700_S050,6_5,6_5_X0650_Y0400_S050,2019-11-09,4,15873,15389,484,0,0.0,0,0,0,0,[],UNKNOWN
author_grid_component:6_5_X0050_Y0700_S050,6_5,6_5_X0650_Y0400_S050,2019-11-24,4,7398,7398,0,0,0.0,0,0,0,0,[],UNKNOWN
author_grid_component:6_5_X0050_Y0700_S050,6_5,6_5_X0650_Y0400_S050,2019-12-04,4,15807,15300,507,0,0.0,0,0,0,0,[],UNKNOWN
author_grid_component:6_5_X0050_Y0700_S050,6_5,6_5_X0650_Y0400_S050,2019-12-19,4,15865,15859,6,0,0.0,0,0,0,0,[],UNKNOWN
author_grid_component:6_5_X0050_Y0700_S050,6_5,6_5_X0650_Y0400_S050,2020-01-28,4,8953,8953,0,0,0.0,0,0,0,0,[],UNKNOWN
author_grid_component:6_5_X0050_Y0700_S050,6_5,6_5_X0650_Y0400_S050,2020-02-07,4,12791,12787,4,0,0.0,0,0,0,0,[],UNKNOWN
author_grid_component:6_5_X0050_Y0700_S050,6_5,6_5_X0650_Y0400_S050,2020-02-22,4,12454,12339,115,0,0.0,0,0,0,0,[],UNKNOWN
author_grid_component:6_5_X0050_Y0700_S050,6_5,6_5_X0650_Y0400_S050,2020-04-27,4,16269,16269,0,0,0.0,0,0,0,0,[],UNKNOWN
author_grid_component:6_5_X0050_Y0700_S050,6_5,6_5_X0650_Y0400_S050,2020-05-02,4,12568,12141,427,0,0.0,0,0,0,0,[],UNKNOWN
author_grid_component:6_5_X0050_Y0700_S050,6_5,6_5_X0650_Y0400_S050,2020-11-13,4,8034,8034,0,0,0.0,0,0,0,0,[],UNKNOWN
author_grid_component:6_5_X0050_Y0700_S050,6_5,6_5_X0650_Y0400_S050,2020-12-18,4,15352,15346,6,0,0.0,0,0,0,0,[],UNKNOWN
author_grid_component:6_5_X0050_Y0700_S050,6_5,6_5_X0650_Y0400_S050,2020-12-28,1,0,0,0,0,,0,0,0,0,[],UNKNOWN
author_grid_component:6_5_X0050_Y0700_S050,6_5,6_5_X0650_Y0450_S050,2019-03-19,4,11798,11141,657,0,0.0,0,0,0,0,[],UNKNOWN
author_grid_component:6_5_X0050_Y0700_S050,6_5,6_5_X0650_Y0450_S050,2019-03-24,4,11769,11755,14,0,0.0,0,0,0,0,[],UNKNOWN
author_grid_component:6_5_X0050_Y0700_S050,6_5,6_5_X0650_Y0450_S050,2019-05-13,4,8708,8229,479,0,0.0,0,0,0,0,[],UNKNOWN
author_grid_component:6_5_X0050_Y0700_S050,6_5,6_5_X0650_Y0450_S050,2019-05-28,4,14438,14287,151,0,0.0,0,0,0,0,[],UNKNOWN
author_grid_component:6_5_X0050_Y0700_S050,6_5,6_5_X0650_Y0450_S050,2019-11-09,4,11818,11650,168,0,0.0,0,0,0,0,[],UNKNOWN
author_grid_component:6_5_X0050_Y0700_S050,6_5,6_5_X0650_Y0450_S050,2019-11-24,4,8274,8274,0,0,0.0,0,0,0,0,[],UNKNOWN
author_grid_component:6_5_X0050_Y0700_S050,6_5,6_5_X0650_Y0450_S050,2019-12-04,4,9863,8775,1088,0,0.0,0,0,0,0,[],UNKNOWN
author_grid_component:6_5_X0050_Y0700_S050,6_5,6_5_X0650_Y0450_S050,2019-12-19,4,12364,12361,3,0,0.0,0,0,0,0,[],UNKNOWN
author_grid_component:6_5_X0050_Y0700_S050,6_5,6_5_X0650_Y0450_S050,2020-01-28,4,7559,7559,0,0,0.0,0,0,0,0,[],UNKNOWN
author_grid_component:6_5_X0050_Y0700_S050,6_5,6_5_X0650_Y0450_S050,2020-02-07,4,13283,13236,47,0,0.0,0,0,0,0,[],UNKNOWN
author_grid_component:6_5_X0050_Y0700_S050,6_5,6_5_X0650_Y0450_S050,2020-02-22,4,12300,12298,2,0,0.0,0,0,0,0,[],UNKNOWN
author_grid_component:6_5_X0050_Y0700_S050,6_5,6_5_X0650_Y0450_S050,2020-04-27,4,12509,12281,228,0,0.0,0,0,0,0,[],UNKNOWN
author_grid_component:6_5_X0050_Y0700_S050,6_5,6_5_X0650_Y0450_S050,2020-05-02,4,7226,7226,0,0,0.0,0,0,0,0,[],UNKNOWN
author_grid_component:6_5_X0050_Y0700_S050,6_5,6_5_X0650_Y0450_S050,2020-11-13,4,6793,6793,0,0,0.0,0,0,0,0,[],UNKNOWN
author_grid_component:6_5_X0050_Y0700_S050,6_5,6_5_X0650_Y0450_S050,2020-12-18,4,6158,6158,0,0,0.0,0,0,0,0,[],UNKNOWN
author_grid_component:6_5_X0050_Y0700_S050,6_5,6_5_X0650_Y0450_S050,2020-12-28,1,0,0,0,0,,0,0,0,0,[],UNKNOWN
author_grid_component:6_5_X0050_Y0700_S050,6_5,6_5_X0650_Y0500_S050,2019-03-19,4,14208,14208,0,0,0.0,0,0,0,0,[],UNKNOWN
author_grid_component:6_5_X0050_Y0700_S050,6_5,6_5_X0650_Y0500_S050,2019-03-24,4,14584,13687,897,0,0.0,0,0,0,0,[],UNKNOWN
author_grid_component:6_5_X0050_Y0700_S050,6_5,6_5_X0650_Y0500_S050,2019-05-13,4,15375,8953,6422,0,0.0,0,0,0,0,[],UNKNOWN
author_grid_component:6_5_X0050_Y0700_S050,6_5,6_5_X0650_Y0500_S050,2019-05-28,4,16018,11424,4594,0,0.0,0,0,0,0,[],UNKNOWN
author_grid_component:6_5_X0050_Y0700_S050,6_5,6_5_X0650_Y0500_S050,2019-09-30,4,16266,15379,887,0,0.0,0,0,0,0,[],UNKNOWN
author_grid_component:6_5_X0050_Y0700_S050,6_5,6_5_X0650_Y0500_S050,2019-11-24,4,11077,11077,0,0,0.0,0,0,0,0,[],UNKNOWN
author_grid_component:6_5_X0050_Y0700_S050,6_5,6_5_X0650_Y0500_S050,2019-12-04,4,16092,15870,222,0,0.0,0,0,0,0,[],UNKNOWN
author_grid_component:6_5_X0050_Y0700_S050,6_5,6_5_X0650_Y0500_S050,2020-02-07,4,9723,9723,0,0,0.0,0,0,0,0,[],UNKNOWN
author_grid_component:6_5_X0050_Y0700_S050,6_5,6_5_X0650_Y0500_S050,2020-02-22,4,14950,14855,95,0,0.0,0,0,0,0,[],UNKNOWN
author_grid_component:6_5_X0050_Y0700_S050,6_5,6_5_X0650_Y0500_S050,2020-03-28,4,10286,10286,0,0,0.0,0,0,0,0,[],UNKNOWN
author_grid_component:6_5_X0050_Y0700_S050,6_5,6_5_X0650_Y0500_S050,2020-04-27,4,12096,12082,14,0,0.0,0,0,0,0,[],UNKNOWN
author_grid_component:6_5_X0050_Y0700_S050,6_5,6_5_X0650_Y0500_S050,2020-05-02,4,7764,7764,0,0,0.0,0,0,0,0,[],UNKNOWN
author_grid_component:6_5_X0050_Y0700_S050,6_5,6_5_X0650_Y0500_S050,2020-07-31,4,10332,10332,0,0,0.0,0,0,0,0,[],UNKNOWN
author_grid_component:6_5_X0050_Y0700_S050,6_5,6_5_X0650_Y0500_S050,2020-11-13,4,9085,9085,0,0,0.0,0,0,0,0,[],UNKNOWN
author_grid_component:6_5_X0050_Y0700_S050,6_5,6_5_X0650_Y0500_S050,2020-12-18,4,9532,9532,0,0,0.0,0,0,0,0,[],UNKNOWN
author_grid_component:6_5_X0050_Y0700_S050,6_5,6_5_X0650_Y0500_S050,2020-12-28,1,0,0,0,0,,0,0,0,0,[],UNKNOWN
author_grid_component:6_5_X0050_Y0700_S050,6_5,6_5_X0650_Y0650_S050,2019-03-19,4,5751,5700,51,0,0.0,0,0,0,0,[],UNKNOWN
author_grid_component:6_5_X0050_Y0700_S050,6_5,6_5_X0650_Y0650_S050,2019-03-24,4,6907,6907,0,0,0.0,0,0,0,0,[],UNKNOWN
author_grid_component:6_5_X0050_Y0700_S050,6_5,6_5_X0650_Y0650_S050,2019-05-13,4,13951,12916,1035,0,0.0,0,0,0,0,[],UNKNOWN
author_grid_component:6_5_X0050_Y0700_S050,6_5,6_5_X0650_Y0650_S050,2019-05-28,4,11822,11109,713,0,0.0,0,0,0,0,[],UNKNOWN
author_grid_component:6_5_X0050_Y0700_S050,6_5,6_5_X0650_Y0650_S050,2019-09-30,4,5515,5515,0,0,0.0,0,0,0,0,[],UNKNOWN
author_grid_component:6_5_X0050_Y0700_S050,6_5,6_5_X0650_Y0650_S050,2019-11-24,4,5131,5131,0,0,0.0,0,0,0,0,[],UNKNOWN
author_grid_component:6_5_X0050_Y0700_S050,6_5,6_5_X0650_Y0650_S050,2019-12-04,4,5326,5326,0,0,0.0,0,0,0,0,[],UNKNOWN
author_grid_component:6_5_X0050_Y0700_S050,6_5,6_5_X0650_Y0650_S050,2020-02-07,4,6325,6325,0,0,0.0,0,0,0,0,[],UNKNOWN
author_grid_component:6_5_X0050_Y0700_S050,6_5,6_5_X0650_Y0650_S050,2020-02-22,4,6209,6209,0,0,0.0,0,0,0,0,[],UNKNOWN
author_grid_component:6_5_X0050_Y0700_S050,6_5,6_5_X0650_Y0650_S050,2020-03-28,4,12757,12592,165,0,0.0,0,0,0,0,[],UNKNOWN
author_grid_component:6_5_X0050_Y0700_S050,6_5,6_5_X0650_Y0650_S050,2020-04-27,4,15338,13104,2234,0,0.0,0,0,0,0,[],UNKNOWN
author_grid_component:6_5_X0050_Y0700_S050,6_5,6_5_X0650_Y0650_S050,2020-05-02,4,14561,9286,5275,0,0.0,0,0,0,0,[],UNKNOWN
author_grid_component:6_5_X0050_Y0700_S050,6_5,6_5_X0650_Y0650_S050,2020-07-31,4,14948,9209,5739,0,0.0,0,0,0,0,[],UNKNOWN
author_grid_component:6_5_X0050_Y0700_S050,6_5,6_5_X0650_Y0650_S050,2020-11-13,4,7489,7489,0,0,0.0,0,0,0,0,[],UNKNOWN
author_grid_component:6_5_X0050_Y0700_S050,6_5,6_5_X0650_Y0650_S050,2020-12-18,4,7360,7360,0,0,0.0,0,0,0,0,[],UNKNOWN
author_grid_component:6_5_X0050_Y0700_S050,6_5,6_5_X0650_Y0650_S050,2020-12-28,1,0,0,0,0,,0,0,0,0,[],UNKNOWN
author_grid_component:6_5_X0050_Y0700_S050,6_5,6_5_X0700_Y0350_S050,2019-03-19,4,15071,15055,16,0,0.0,0,0,0,0,[],UNKNOWN
author_grid_component:6_5_X0050_Y0700_S050,6_5,6_5_X0700_Y0350_S050,2019-03-24,4,12181,12137,44,0,0.0,0,0,0,0,[],UNKNOWN
author_grid_component:6_5_X0050_Y0700_S050,6_5,6_5_X0700_Y0350_S050,2019-05-13,4,16384,12315,4069,0,0.0,0,0,0,0,[],UNKNOWN
author_grid_component:6_5_X0050_Y0700_S050,6_5,6_5_X0700_Y0350_S050,2019-05-28,4,12313,12289,24,0,0.0,0,0,0,0,[],UNKNOWN
author_grid_component:6_5_X0050_Y0700_S050,6_5,6_5_X0700_Y0350_S050,2019-11-09,4,9065,9048,17,0,0.0,0,0,0,0,[],UNKNOWN
author_grid_component:6_5_X0050_Y0700_S050,6_5,6_5_X0700_Y0350_S050,2019-11-24,4,7909,7909,0,0,0.0,0,0,0,0,[],UNKNOWN
author_grid_component:6_5_X0050_Y0700_S050,6_5,6_5_X0700_Y0350_S050,2019-12-04,4,13819,13591,228,0,0.0,0,0,0,0,[],UNKNOWN
author_grid_component:6_5_X0050_Y0700_S050,6_5,6_5_X0700_Y0350_S050,2019-12-19,4,8766,8730,36,0,0.0,0,0,0,0,[],UNKNOWN
author_grid_component:6_5_X0050_Y0700_S050,6_5,6_5_X0700_Y0350_S050,2020-01-28,4,7912,7912,0,0,0.0,0,0,0,0,[],UNKNOWN
author_grid_component:6_5_X0050_Y0700_S050,6_5,6_5_X0700_Y0350_S050,2020-02-07,4,9707,9707,0,0,0.0,0,0,0,0,[],UNKNOWN
author_grid_component:6_5_X0050_Y0700_S050,6_5,6_5_X0700_Y0350_S050,2020-02-22,4,15481,15481,0,0,0.0,0,0,0,0,[],UNKNOWN
author_grid_component:6_5_X0050_Y0700_S050,6_5,6_5_X0700_Y0350_S050,2020-04-27,4,7993,7582,411,0,0.0,0,0,0,0,[],UNKNOWN
author_grid_component:6_5_X0050_Y0700_S050,6_5,6_5_X0700_Y0350_S050,2020-05-02,4,16384,15956,428,0,0.0,0,0,0,0,[],UNKNOWN
author_grid_component:6_5_X0050_Y0700_S050,6_5,6_5_X0700_Y0350_S050,2020-11-13,4,10401,10401,0,0,0.0,0,0,0,0,[],UNKNOWN
author_grid_component:6_5_X0050_Y0700_S050,6_5,6_5_X0700_Y0350_S050,2020-12-18,4,10336,10279,57,0,0.0,0,0,0,0,[],UNKNOWN
author_grid_component:6_5_X0050_Y0700_S050,6_5,6_5_X0700_Y0350_S050,2020-12-28,1,0,0,0,0,,0,0,0,0,[],UNKNOWN
author_grid_component:6_5_X0050_Y0700_S050,6_5,6_5_X0700_Y0400_S050,2019-03-19,4,16248,16153,95,0,0.0,0,0,0,0,[],UNKNOWN
author_grid_component:6_5_X0050_Y0700_S050,6_5,6_5_X0700_Y0400_S050,2019-03-24,4,14323,14254,69,0,0.0,0,0,0,0,[],UNKNOWN
author_grid_component:6_5_X0050_Y0700_S050,6_5,6_5_X0700_Y0400_S050,2019-05-13,4,16297,15526,771,0,0.0,0,0,0,0,[],UNKNOWN
author_grid_component:6_5_X0050_Y0700_S050,6_5,6_5_X0700_Y0400_S050,2019-05-28,4,13189,12935,254,0,0.0,0,0,0,0,[],UNKNOWN
author_grid_component:6_5_X0050_Y0700_S050,6_5,6_5_X0700_Y0400_S050,2019-11-09,4,15185,15155,30,0,0.0,0,0,0,0,[],UNKNOWN
author_grid_component:6_5_X0050_Y0700_S050,6_5,6_5_X0700_Y0400_S050,2019-11-24,4,10184,10184,0,0,0.0,0,0,0,0,[],UNKNOWN
author_grid_component:6_5_X0050_Y0700_S050,6_5,6_5_X0700_Y0400_S050,2019-12-04,4,14204,14200,4,0,0.0,0,0,0,0,[],UNKNOWN
author_grid_component:6_5_X0050_Y0700_S050,6_5,6_5_X0700_Y0400_S050,2019-12-19,4,14753,14753,0,0,0.0,0,0,0,0,[],UNKNOWN
author_grid_component:6_5_X0050_Y0700_S050,6_5,6_5_X0700_Y0400_S050,2020-01-28,4,9516,9516,0,0,0.0,0,0,0,0,[],UNKNOWN
author_grid_component:6_5_X0050_Y0700_S050,6_5,6_5_X0700_Y0400_S050,2020-02-07,4,16339,16321,18,0,0.0,0,0,0,0,[],UNKNOWN
author_grid_component:6_5_X0050_Y0700_S050,6_5,6_5_X0700_Y0400_S050,2020-02-22,4,14769,14769,0,0,0.0,0,0,0,0,[],UNKNOWN
author_grid_component:6_5_X0050_Y0700_S050,6_5,6_5_X0700_Y0400_S050,2020-04-27,4,14360,14360,0,0,0.0,0,0,0,0,[],UNKNOWN
author_grid_component:6_5_X0050_Y0700_S050,6_5,6_5_X0700_Y0400_S050,2020-05-02,4,15834,15834,0,0,0.0,0,0,0,0,[],UNKNOWN
author_grid_component:6_5_X0050_Y0700_S050,6_5,6_5_X0700_Y0400_S050,2020-11-13,4,10696,10696,0,0,0.0,0,0,0,0,[],UNKNOWN
author_grid_component:6_5_X0050_Y0700_S050,6_5,6_5_X0700_Y0400_S050,2020-12-18,4,10857,10857,0,0,0.0,0,0,0,0,[],UNKNOWN
author_grid_component:6_5_X0050_Y0700_S050,6_5,6_5_X0700_Y0400_S050,2020-12-28,1,0,0,0,0,,0,0,0,0,[],UNKNOWN
author_grid_component:6_5_X0050_Y0700_S050,6_5,6_5_X0700_Y0450_S050,2019-03-19,4,14056,14056,0,0,0.0,0,0,0,0,[],UNKNOWN
author_grid_component:6_5_X0050_Y0700_S050,6_5,6_5_X0700_Y0450_S050,2019-03-24,4,6706,6553,153,0,0.0,0,0,0,0,[],UNKNOWN
author_grid_component:6_5_X0050_Y0700_S050,6_5,6_5_X0700_Y0450_S050,2019-05-13,4,10423,10094,329,0,0.0,0,0,0,0,[],UNKNOWN
author_grid_component:6_5_X0050_Y0700_S050,6_5,6_5_X0700_Y0450_S050,2019-05-28,4,13516,13516,0,0,0.0,0,0,0,0,[],UNKNOWN
author_grid_component:6_5_X0050_Y0700_S050,6_5,6_5_X0700_Y0450_S050,2019-11-09,4,7571,7520,51,0,0.0,0,0,0,0,[],UNKNOWN
author_grid_component:6_5_X0050_Y0700_S050,6_5,6_5_X0700_Y0450_S050,2019-11-24,4,10994,10994,0,0,0.0,0,0,0,0,[],UNKNOWN
author_grid_component:6_5_X0050_Y0700_S050,6_5,6_5_X0700_Y0450_S050,2019-12-04,4,12025,11580,445,0,0.0,0,0,0,0,[],UNKNOWN
author_grid_component:6_5_X0050_Y0700_S050,6_5,6_5_X0700_Y0450_S050,2019-12-19,4,12249,12160,89,0,0.0,0,0,0,0,[],UNKNOWN
author_grid_component:6_5_X0050_Y0700_S050,6_5,6_5_X0700_Y0450_S050,2020-01-28,4,8024,8024,0,0,0.0,0,0,0,0,[],UNKNOWN
author_grid_component:6_5_X0050_Y0700_S050,6_5,6_5_X0700_Y0450_S050,2020-02-07,4,15803,15803,0,0,0.0,0,0,0,0,[],UNKNOWN
author_grid_component:6_5_X0050_Y0700_S050,6_5,6_5_X0700_Y0450_S050,2020-02-22,4,15870,15870,0,0,0.0,0,0,0,0,[],UNKNOWN
author_grid_component:6_5_X0050_Y0700_S050,6_5,6_5_X0700_Y0450_S050,2020-04-27,4,15767,15767,0,0,0.0,0,0,0,0,[],UNKNOWN
author_grid_component:6_5_X0050_Y0700_S050,6_5,6_5_X0700_Y0450_S050,2020-05-02,4,7767,7767,0,0,0.0,0,0,0,0,[],UNKNOWN
author_grid_component:6_5_X0050_Y0700_S050,6_5,6_5_X0700_Y0450_S050,2020-11-13,4,6940,6940,0,0,0.0,0,0,0,0,[],UNKNOWN
author_grid_component:6_5_X0050_Y0700_S050,6_5,6_5_X0700_Y0450_S050,2020-12-18,4,10399,10399,0,0,0.0,0,0,0,0,[],UNKNOWN
author_grid_component:6_5_X0050_Y0700_S050,6_5,6_5_X0700_Y0450_S050,2020-12-28,1,0,0,0,0,,0,0,0,0,[],UNKNOWN
author_grid_component:6_5_X0100_Y0450_S050,6_5,6_5_X0100_Y0450_S050,2019-01-11,4,9039,8746,293,0,0.0,0,0,0,0,[],UNKNOWN
author_grid_component:6_5_X0100_Y0450_S050,6_5,6_5_X0100_Y0450_S050,2019-03-22,4,16384,16377,7,0,0.0,0,0,0,0,[],UNKNOWN
author_grid_component:6_5_X0100_Y0450_S050,6_5,6_5_X0100_Y0450_S050,2019-04-21,4,16384,7229,9155,0,0.0,0,0,0,0,[],UNKNOWN
author_grid_component:6_5_X0100_Y0450_S050,6_5,6_5_X0100_Y0450_S050,2019-04-26,4,16384,7073,9311,0,0.0,0,0,0,0,[],UNKNOWN
author_grid_component:6_5_X0100_Y0450_S050,6_5,6_5_X0100_Y0450_S050,2019-07-25,4,16384,2777,13607,0,0.0,0,0,0,0,[],UNKNOWN
author_grid_component:6_5_X0100_Y0450_S050,6_5,6_5_X0100_Y0450_S050,2019-09-03,4,14309,4429,9880,0,0.0,0,0,0,0,[],UNKNOWN
author_grid_component:6_5_X0100_Y0450_S050,6_5,6_5_X0100_Y0450_S050,2019-12-02,4,15603,6306,9297,0,0.0,0,0,0,0,[],UNKNOWN
author_grid_component:6_5_X0100_Y0450_S050,6_5,6_5_X0100_Y0450_S050,2020-01-06,4,16384,4700,11684,0,0.0,0,0,0,0,[],UNKNOWN
author_grid_component:6_5_X0100_Y0450_S050,6_5,6_5_X0100_Y0450_S050,2020-04-05,4,15341,5348,9993,0,0.0,0,0,0,0,[],UNKNOWN
author_grid_component:6_5_X0100_Y0450_S050,6_5,6_5_X0100_Y0450_S050,2020-04-15,4,16096,4683,11413,0,0.0,0,0,0,0,[],UNKNOWN
author_grid_component:6_5_X0100_Y0450_S050,6_5,6_5_X0100_Y0450_S050,2020-05-10,4,16384,714,15670,0,0.0,0,0,0,0,[],UNKNOWN
author_grid_component:6_5_X0100_Y0450_S050,6_5,6_5_X0100_Y0450_S050,2020-08-18,4,15359,3030,12329,0,0.0,0,0,0,0,[],UNKNOWN
author_grid_component:6_5_X0100_Y0450_S050,6_5,6_5_X0100_Y0450_S050,2020-09-07,1,1203,1203,0,0,0.0,0,0,0,0,[],UNKNOWN
author_grid_component:6_5_X0100_Y0450_S050,6_5,6_5_X0100_Y0450_S050,2020-10-17,4,16276,5145,11131,0,0.0,0,0,0,0,[],UNKNOWN
author_grid_component:6_5_X0100_Y0450_S050,6_5,6_5_X0100_Y0450_S050,2020-11-21,4,15699,684,15015,0,0.0,0,0,0,0,[],UNKNOWN
author_grid_component:6_5_X0100_Y0450_S050,6_5,6_5_X0100_Y0450_S050,2020-12-01,4,16384,7370,9014,0,0.0,0,0,0,0,[],UNKNOWN
author_grid_component:6_5_X0100_Y0550_S050,6_5,6_5_X0100_Y0550_S050,2019-01-11,4,15197,14686,511,0,0.0,0,0,0,0,[],UNKNOWN
author_grid_component:6_5_X0100_Y0550_S050,6_5,6_5_X0100_Y0550_S050,2019-03-27,4,16164,1276,14888,0,0.0,0,0,0,0,[],UNKNOWN
author_grid_component:6_5_X0100_Y0550_S050,6_5,6_5_X0100_Y0550_S050,2019-04-01,4,16075,5124,10951,0,0.0,0,0,0,0,[],UNKNOWN
author_grid_component:6_5_X0100_Y0550_S050,6_5,6_5_X0100_Y0550_S050,2019-04-21,4,16363,6921,9442,0,0.0,0,0,0,0,[],UNKNOWN
author_grid_component:6_5_X0100_Y0550_S050,6_5,6_5_X0100_Y0550_S050,2019-04-26,4,16028,883,15145,0,0.0,0,0,0,0,[],UNKNOWN
author_grid_component:6_5_X0100_Y0550_S050,6_5,6_5_X0100_Y0550_S050,2019-07-05,4,14958,1899,13059,0,0.0,0,0,0,0,[],UNKNOWN
author_grid_component:6_5_X0100_Y0550_S050,6_5,6_5_X0100_Y0550_S050,2019-10-13,4,15499,948,14551,0,0.0,0,0,0,0,[],UNKNOWN
author_grid_component:6_5_X0100_Y0550_S050,6_5,6_5_X0100_Y0550_S050,2019-10-23,4,15006,3531,11475,0,0.0,0,0,0,0,[],UNKNOWN
author_grid_component:6_5_X0100_Y0550_S050,6_5,6_5_X0100_Y0550_S050,2019-12-02,4,16274,5010,11264,0,0.0,0,0,0,0,[],UNKNOWN
author_grid_component:6_5_X0100_Y0550_S050,6_5,6_5_X0100_Y0550_S050,2020-01-06,4,7830,7758,72,0,0.0,0,0,0,0,[],UNKNOWN
author_grid_component:6_5_X0100_Y0550_S050,6_5,6_5_X0100_Y0550_S050,2020-03-26,4,15776,4148,11628,0,0.0,0,0,0,0,[],UNKNOWN
author_grid_component:6_5_X0100_Y0550_S050,6_5,6_5_X0100_Y0550_S050,2020-04-15,4,16147,10157,5990,0,0.0,0,0,0,0,[],UNKNOWN
author_grid_component:6_5_X0100_Y0550_S050,6_5,6_5_X0100_Y0550_S050,2020-10-02,4,15717,2721,12996,0,0.0,0,0,0,0,[],UNKNOWN
author_grid_component:6_5_X0100_Y0550_S050,6_5,6_5_X0100_Y0550_S050,2020-10-12,4,14304,4599,9705,0,0.0,0,0,0,0,[],UNKNOWN
author_grid_component:6_5_X0100_Y0550_S050,6_5,6_5_X0100_Y0550_S050,2020-10-17,4,15987,1160,14827,0,0.0,0,0,0,0,[],UNKNOWN
author_grid_component:6_5_X0100_Y0550_S050,6_5,6_5_X0100_Y0550_S050,2020-12-01,4,16139,3266,12873,0,0.0,0,0,0,0,[],UNKNOWN
author_grid_component:6_5_X0250_Y0300_S050,6_5,6_5_X0250_Y0300_S050,2019-01-06,13,42116,42116,0,0,0.0,0,0,0,0,[],UNKNOWN
author_grid_component:6_5_X0250_Y0300_S050,6_5,6_5_X0250_Y0300_S050,2019-01-11,15,45844,45844,0,0,0.0,0,0,0,0,[],UNKNOWN
author_grid_component:6_5_X0250_Y0300_S050,6_5,6_5_X0250_Y0300_S050,2019-01-21,13,42139,42139,0,0,0.0,0,0,0,0,[],UNKNOWN
author_grid_component:6_5_X0250_Y0300_S050,6_5,6_5_X0250_Y0300_S050,2019-03-22,15,45841,45841,0,0,0.0,0,0,0,0,[],UNKNOWN
author_grid_component:6_5_X0250_Y0300_S050,6_5,6_5_X0250_Y0300_S050,2019-03-27,15,45642,45642,0,0,0.0,0,0,0,0,[],UNKNOWN
author_grid_component:6_5_X0250_Y0300_S050,6_5,6_5_X0250_Y0300_S050,2019-04-01,14,43145,43145,0,0,0.0,0,0,0,0,[],UNKNOWN
author_grid_component:6_5_X0250_Y0300_S050,6_5,6_5_X0250_Y0300_S050,2019-08-29,13,42000,42000,0,0,0.0,0,0,0,0,[],UNKNOWN
author_grid_component:6_5_X0250_Y0300_S050,6_5,6_5_X0250_Y0300_S050,2019-09-03,13,42170,26122,16048,0,0.0,0,0,0,0,[],UNKNOWN
author_grid_component:6_5_X0250_Y0300_S050,6_5,6_5_X0250_Y0300_S050,2019-09-08,15,35325,33538,1787,0,0.0,0,0,0,0,[],UNKNOWN
author_grid_component:6_5_X0250_Y0300_S050,6_5,6_5_X0250_Y0300_S050,2019-09-13,13,42197,17481,24716,0,0.0,0,0,0,0,[],UNKNOWN
author_grid_component:6_5_X0250_Y0300_S050,6_5,6_5_X0250_Y0300_S050,2019-09-23,13,42216,3044,39162,10,0.023687701345461436,1,1,1,1,['6_5'],UNKNOWN
author_grid_component:6_5_X0250_Y0300_S050,6_5,6_5_X0250_Y0300_S050,2019-10-03,13,41988,17321,24667,0,0.0,0,0,0,0,[],UNKNOWN
author_grid_component:6_5_X0250_Y0300_S050,6_5,6_5_X0250_Y0300_S050,2019-10-23,13,42173,42173,0,0,0.0,0,0,0,0,[],UNKNOWN
author_grid_component:6_5_X0250_Y0300_S050,6_5,6_5_X0250_Y0300_S050,2019-10-28,13,41571,41120,451,0,0.0,0,0,0,0,[],UNKNOWN
author_grid_component:6_5_X0250_Y0300_S050,6_5,6_5_X0250_Y0300_S050,2019-12-02,12,41458,41437,21,0,0.0,0,0,0,0,[],UNKNOWN
author_grid_component:6_5_X0250_Y0300_S050,6_5,6_5_X0250_Y0300_S050,2020-01-06,4,15776,5164,10174,438,2.776369168356998,3,1,1,1,['6_5'],UNKNOWN
author_grid_component:6_5_X0250_Y0300_S050,6_5,6_5_X0250_Y0300_S050,2020-02-15,11,28161,28161,0,0,0.0,0,0,0,0,[],UNKNOWN
author_grid_component:6_5_X0250_Y0300_S050,6_5,6_5_X0250_Y0300_S050,2020-03-26,13,42307,42291,16,0,0.0,0,0,0,0,[],UNKNOWN
author_grid_component:6_5_X0250_Y0300_S050,6_5,6_5_X0250_Y0300_S050,2020-04-05,13,42129,34937,7192,0,0.0,0,0,0,0,[],UNKNOWN
author_grid_component:6_5_X0250_Y0300_S050,6_5,6_5_X0250_Y0300_S050,2020-04-15,13,41213,41213,0,0,0.0,0,0,0,0,[],UNKNOWN
author_grid_component:6_5_X0250_Y0300_S050,6_5,6_5_X0250_Y0300_S050,2020-04-25,1,0,0,0,0,,0,0,0,0,[],UNKNOWN
author_grid_component:6_5_X0250_Y0300_S050,6_5,6_5_X0250_Y0300_S050,2020-09-07,1,0,0,0,0,,0,0,0,0,[],UNKNOWN
author_grid_component:6_5_X0250_Y0300_S050,6_5,6_5_X0250_Y0300_S050,2020-09-27,13,42223,42223,0,0,0.0,0,0,0,0,[],UNKNOWN
author_grid_component:6_5_X0250_Y0300_S050,6_5,6_5_X0250_Y0300_S050,2020-10-02,13,41817,41817,0,0,0.0,0,0,0,0,[],UNKNOWN
author_grid_component:6_5_X0250_Y0300_S050,6_5,6_5_X0250_Y0300_S050,2020-10-12,14,41371,41371,0,0,0.0,0,0,0,0,[],UNKNOWN
author_grid_component:6_5_X0250_Y0300_S050,6_5,6_5_X0250_Y0300_S050,2020-10-17,14,44069,44069,0,0,0.0,0,0,0,0,[],UNKNOWN
author_grid_component:6_5_X0250_Y0300_S050,6_5,6_5_X0250_Y0300_S050,2020-11-01,13,41526,41526,0,0,0.0,0,0,0,0,[],UNKNOWN
author_grid_component:6_5_X0250_Y0300_S050,6_5,6_5_X0250_Y0300_S050,2020-11-06,13,42151,42151,0,0,0.0,0,0,0,0,[],UNKNOWN
author_grid_component:6_5_X0250_Y0300_S050,6_5,6_5_X0250_Y0300_S050,2020-11-21,14,44248,44248,0,0,0.0,0,0,0,0,[],UNKNOWN
author_grid_component:6_5_X0250_Y0300_S050,6_5,6_5_X0250_Y0300_S050,2020-12-01,15,45601,45601,0,0,0.0,0,0,0,0,[],UNKNOWN
author_grid_component:6_5_X0250_Y0300_S050,6_5,6_5_X0250_Y0300_S050,2020-12-21,13,42137,42137,0,0,0.0,0,0,0,0,[],UNKNOWN
author_grid_component:6_5_X0250_Y0300_S050,6_5,6_5_X0250_Y0300_S050,2020-12-26,13,42076,42076,0,0,0.0,0,0,0,0,[],UNKNOWN
author_grid_component:6_5_X0250_Y0300_S050,6_5,6_5_X0300_Y0300_S050,2019-01-11,84,308032,308032,0,0,0.0,0,0,0,0,[],UNKNOWN
author_grid_component:6_5_X0250_Y0300_S050,6_5,6_5_X0300_Y0300_S050,2019-03-22,85,308555,308555,0,0,0.0,0,0,0,0,[],UNKNOWN
author_grid_component:6_5_X0250_Y0300_S050,6_5,6_5_X0300_Y0300_S050,2019-03-27,85,308287,308287,0,0,0.0,0,0,0,0,[],UNKNOWN
author_grid_component:6_5_X0250_Y0300_S050,6_5,6_5_X0300_Y0300_S050,2019-04-01,4,6392,5671,721,0,0.0,0,0,0,0,[],UNKNOWN
author_grid_component:6_5_X0250_Y0300_S050,6_5,6_5_X0300_Y0300_S050,2019-09-03,10,38015,31407,6608,0,0.0,0,0,0,0,[],UNKNOWN
author_grid_component:6_5_X0250_Y0300_S050,6_5,6_5_X0300_Y0300_S050,2019-09-08,84,305203,269420,35783,0,0.0,0,0,0,0,[],UNKNOWN
author_grid_component:6_5_X0250_Y0300_S050,6_5,6_5_X0300_Y0300_S050,2019-12-02,4,16342,10403,5939,0,0.0,0,0,0,0,[],UNKNOWN
author_grid_component:6_5_X0250_Y0300_S050,6_5,6_5_X0300_Y0300_S050,2020-01-06,4,16384,5146,11238,0,0.0,0,0,0,0,[],UNKNOWN
author_grid_component:6_5_X0250_Y0300_S050,6_5,6_5_X0300_Y0300_S050,2020-02-15,4,10250,10250,0,0,0.0,0,0,0,0,[],UNKNOWN
author_grid_component:6_5_X0250_Y0300_S050,6_5,6_5_X0300_Y0300_S050,2020-04-05,4,16384,10928,5456,0,0.0,0,0,0,0,[],UNKNOWN
author_grid_component:6_5_X0250_Y0300_S050,6_5,6_5_X0300_Y0300_S050,2020-04-15,4,16384,15556,828,0,0.0,0,0,0,0,[],UNKNOWN
author_grid_component:6_5_X0250_Y0300_S050,6_5,6_5_X0300_Y0300_S050,2020-09-07,1,0,0,0,0,,0,0,0,0,[],UNKNOWN
author_grid_component:6_5_X0250_Y0300_S050,6_5,6_5_X0300_Y0300_S050,2020-10-12,4,13511,13511,0,0,0.0,0,0,0,0,[],UNKNOWN
author_grid_component:6_5_X0250_Y0300_S050,6_5,6_5_X0300_Y0300_S050,2020-10-17,4,10831,10831,0,0,0.0,0,0,0,0,[],UNKNOWN
author_grid_component:6_5_X0250_Y0300_S050,6_5,6_5_X0300_Y0300_S050,2020-11-21,4,11174,11174,0,0,0.0,0,0,0,0,[],UNKNOWN
author_grid_component:6_5_X0250_Y0300_S050,6_5,6_5_X0300_Y0300_S050,2020-12-01,84,307503,307503,0,0,0.0,0,0,0,0,[],UNKNOWN
author_grid_component:6_5_X0250_Y0300_S050,6_5,6_5_X0300_Y0350_S050,2019-01-11,60,197123,197123,0,0,0.0,0,0,0,0,[],UNKNOWN
author_grid_component:6_5_X0250_Y0300_S050,6_5,6_5_X0300_Y0350_S050,2019-03-22,60,196744,196744,0,0,0.0,0,0,0,0,[],UNKNOWN
author_grid_component:6_5_X0250_Y0300_S050,6_5,6_5_X0300_Y0350_S050,2019-03-27,60,196610,196104,506,0,0.0,0,0,0,0,[],UNKNOWN
author_grid_component:6_5_X0250_Y0300_S050,6_5,6_5_X0300_Y0350_S050,2019-04-01,4,5559,5559,0,0,0.0,0,0,0,0,[],UNKNOWN
author_grid_component:6_5_X0250_Y0300_S050,6_5,6_5_X0300_Y0350_S050,2019-09-03,9,28602,28602,0,0,0.0,0,0,0,0,[],UNKNOWN
author_grid_component:6_5_X0250_Y0300_S050,6_5,6_5_X0300_Y0350_S050,2019-09-08,58,171331,154446,16885,0,0.0,0,0,0,0,[],UNKNOWN
author_grid_component:6_5_X0250_Y0300_S050,6_5,6_5_X0300_Y0350_S050,2019-12-02,4,6665,6665,0,0,0.0,0,0,0,0,[],UNKNOWN
author_grid_component:6_5_X0250_Y0300_S050,6_5,6_5_X0300_Y0350_S050,2020-01-06,4,16374,11145,5229,0,0.0,0,0,0,0,[],UNKNOWN
author_grid_component:6_5_X0250_Y0300_S050,6_5,6_5_X0300_Y0350_S050,2020-02-15,4,7794,7794,0,0,0.0,0,0,0,0,[],UNKNOWN
author_grid_component:6_5_X0250_Y0300_S050,6_5,6_5_X0300_Y0350_S050,2020-04-05,4,16384,16384,0,0,0.0,0,0,0,0,[],UNKNOWN
author_grid_component:6_5_X0250_Y0300_S050,6_5,6_5_X0300_Y0350_S050,2020-04-15,4,16384,16269,115,0,0.0,0,0,0,0,[],UNKNOWN
author_grid_component:6_5_X0250_Y0300_S050,6_5,6_5_X0300_Y0350_S050,2020-09-07,1,0,0,0,0,,0,0,0,0,[],UNKNOWN
author_grid_component:6_5_X0250_Y0300_S050,6_5,6_5_X0300_Y0350_S050,2020-10-12,4,10032,10032,0,0,0.0,0,0,0,0,[],UNKNOWN
author_grid_component:6_5_X0250_Y0300_S050,6_5,6_5_X0300_Y0350_S050,2020-10-17,4,7318,7318,0,0,0.0,0,0,0,0,[],UNKNOWN
author_grid_component:6_5_X0250_Y0300_S050,6_5,6_5_X0300_Y0350_S050,2020-11-21,4,10134,10134,0,0,0.0,0,0,0,0,[],UNKNOWN
author_grid_component:6_5_X0250_Y0300_S050,6_5,6_5_X0300_Y0350_S050,2020-12-01,60,196923,196923,0,0,0.0,0,0,0,0,[],UNKNOWN
author_grid_component:6_5_X0250_Y0450_S050,6_5,6_5_X0250_Y0450_S050,2019-01-06,24,75151,74306,845,0,0.0,0,0,0,0,[],UNKNOWN
author_grid_component:6_5_X0250_Y0450_S050,6_5,6_5_X0250_Y0450_S050,2019-01-11,26,78200,78200,0,0,0.0,0,0,0,0,[],UNKNOWN
author_grid_component:6_5_X0250_Y0450_S050,6_5,6_5_X0250_Y0450_S050,2019-01-21,26,78281,78281,0,0,0.0,0,0,0,0,[],UNKNOWN
author_grid_component:6_5_X0250_Y0450_S050,6_5,6_5_X0250_Y0450_S050,2019-03-22,26,78105,24996,53109,0,0.0,0,0,0,0,[],UNKNOWN
author_grid_component:6_5_X0250_Y0450_S050,6_5,6_5_X0250_Y0450_S050,2019-03-27,25,77458,17038,60420,0,0.0,0,0,0,0,[],UNKNOWN
author_grid_component:6_5_X0250_Y0450_S050,6_5,6_5_X0250_Y0450_S050,2019-04-01,24,75502,931,74259,312,0.4132340865142645,2,1,1,1,['6_5'],UNKNOWN
author_grid_component:6_5_X0250_Y0450_S050,6_5,6_5_X0250_Y0450_S050,2019-08-29,24,75615,71276,4339,0,0.0,0,0,0,0,[],UNKNOWN
author_grid_component:6_5_X0250_Y0450_S050,6_5,6_5_X0250_Y0450_S050,2019-09-03,26,71866,71395,471,0,0.0,0,0,0,0,[],UNKNOWN
author_grid_component:6_5_X0250_Y0450_S050,6_5,6_5_X0250_Y0450_S050,2019-09-08,24,75240,72392,2848,0,0.0,0,0,0,0,[],UNKNOWN
author_grid_component:6_5_X0250_Y0450_S050,6_5,6_5_X0250_Y0450_S050,2019-09-13,26,75772,72268,3504,0,0.0,0,0,0,0,[],UNKNOWN
author_grid_component:6_5_X0250_Y0450_S050,6_5,6_5_X0250_Y0450_S050,2019-09-23,24,63913,62704,1209,0,0.0,0,0,0,0,[],UNKNOWN
author_grid_component:6_5_X0250_Y0450_S050,6_5,6_5_X0250_Y0450_S050,2019-10-03,24,72242,71459,783,0,0.0,0,0,0,0,[],UNKNOWN
author_grid_component:6_5_X0250_Y0450_S050,6_5,6_5_X0250_Y0450_S050,2019-10-23,25,77613,66603,11010,0,0.0,0,0,0,0,[],UNKNOWN
author_grid_component:6_5_X0250_Y0450_S050,6_5,6_5_X0250_Y0450_S050,2019-10-28,23,75706,75440,266,0,0.0,0,0,0,0,[],UNKNOWN
author_grid_component:6_5_X0250_Y0450_S050,6_5,6_5_X0250_Y0450_S050,2019-12-02,25,74429,74429,0,0,0.0,0,0,0,0,[],UNKNOWN
author_grid_component:6_5_X0250_Y0450_S050,6_5,6_5_X0250_Y0450_S050,2020-01-06,25,77567,77567,0,0,0.0,0,0,0,0,[],UNKNOWN
author_grid_component:6_5_X0250_Y0450_S050,6_5,6_5_X0250_Y0450_S050,2020-01-21,25,77400,77400,0,0,0.0,0,0,0,0,[],UNKNOWN
author_grid_component:6_5_X0250_Y0450_S050,6_5,6_5_X0250_Y0450_S050,2020-02-15,25,74044,68703,5341,0,0.0,0,0,0,0,[],UNKNOWN
author_grid_component:6_5_X0250_Y0450_S050,6_5,6_5_X0250_Y0450_S050,2020-04-05,4,16039,53,15985,1,0.006234802668495542,1,1,1,1,['6_5'],UNKNOWN
author_grid_component:6_5_X0250_Y0450_S050,6_5,6_5_X0250_Y0450_S050,2020-04-15,4,15462,354,15108,0,0.0,0,0,0,0,[],UNKNOWN
author_grid_component:6_5_X0250_Y0450_S050,6_5,6_5_X0250_Y0450_S050,2020-09-07,1,0,0,0,0,,0,0,0,0,[],UNKNOWN
author_grid_component:6_5_X0250_Y0450_S050,6_5,6_5_X0250_Y0450_S050,2020-09-27,8,31398,31240,158,0,0.0,0,0,0,0,[],UNKNOWN
author_grid_component:6_5_X0250_Y0450_S050,6_5,6_5_X0250_Y0450_S050,2020-10-02,25,77240,41963,35277,0,0.0,0,0,0,0,[],UNKNOWN
author_grid_component:6_5_X0250_Y0450_S050,6_5,6_5_X0250_Y0450_S050,2020-10-12,26,69524,59856,9668,0,0.0,0,0,0,0,[],UNKNOWN
author_grid_component:6_5_X0250_Y0450_S050,6_5,6_5_X0250_Y0450_S050,2020-10-17,24,75658,71802,3856,0,0.0,0,0,0,0,[],UNKNOWN
author_grid_component:6_5_X0250_Y0450_S050,6_5,6_5_X0250_Y0450_S050,2020-11-01,25,77315,57003,20312,0,0.0,0,0,0,0,[],UNKNOWN
author_grid_component:6_5_X0250_Y0450_S050,6_5,6_5_X0250_Y0450_S050,2020-11-06,21,65647,45342,20305,0,0.0,0,0,0,0,[],UNKNOWN
author_grid_component:6_5_X0250_Y0450_S050,6_5,6_5_X0250_Y0450_S050,2020-11-21,26,78150,30813,47337,0,0.0,0,0,0,0,[],UNKNOWN
author_grid_component:6_5_X0250_Y0450_S050,6_5,6_5_X0250_Y0450_S050,2020-12-01,26,78391,47048,31343,0,0.0,0,0,0,0,[],UNKNOWN
author_grid_component:6_5_X0250_Y0450_S050,6_5,6_5_X0250_Y0450_S050,2020-12-21,25,77485,60954,16531,0,0.0,0,0,0,0,[],UNKNOWN
author_grid_component:6_5_X0250_Y0450_S050,6_5,6_5_X0250_Y0450_S050,2020-12-26,25,77803,71432,6371,0,0.0,0,0,0,0,[],UNKNOWN
author_grid_component:6_5_X0250_Y0450_S050,6_5,6_5_X0300_Y0450_S050,2019-01-06,16,44190,44190,0,0,0.0,0,0,0,0,[],UNKNOWN
author_grid_component:6_5_X0250_Y0450_S050,6_5,6_5_X0300_Y0450_S050,2019-01-11,17,44421,44421,0,0,0.0,0,0,0,0,[],UNKNOWN
author_grid_component:6_5_X0250_Y0450_S050,6_5,6_5_X0300_Y0450_S050,2019-01-21,17,44601,44601,0,0,0.0,0,0,0,0,[],UNKNOWN
author_grid_component:6_5_X0250_Y0450_S050,6_5,6_5_X0300_Y0450_S050,2019-03-22,16,44270,4343,39927,0,0.0,0,0,0,0,[],UNKNOWN
author_grid_component:6_5_X0250_Y0450_S050,6_5,6_5_X0300_Y0450_S050,2019-03-27,17,45476,3416,42060,0,0.0,0,0,0,0,[],UNKNOWN
author_grid_component:6_5_X0250_Y0450_S050,6_5,6_5_X0300_Y0450_S050,2019-04-01,16,44216,1711,42174,331,0.7485977926542428,5,1,1,1,['6_5'],UNKNOWN
author_grid_component:6_5_X0250_Y0450_S050,6_5,6_5_X0300_Y0450_S050,2019-08-29,17,39201,33173,6028,0,0.0,0,0,0,0,[],UNKNOWN
author_grid_component:6_5_X0250_Y0450_S050,6_5,6_5_X0300_Y0450_S050,2019-09-03,15,30496,30384,112,0,0.0,0,0,0,0,[],UNKNOWN
author_grid_component:6_5_X0250_Y0450_S050,6_5,6_5_X0300_Y0450_S050,2019-09-08,15,43409,40353,3056,0,0.0,0,0,0,0,[],UNKNOWN
author_grid_component:6_5_X0250_Y0450_S050,6_5,6_5_X0300_Y0450_S050,2019-09-13,17,39703,39144,559,0,0.0,0,0,0,0,[],UNKNOWN
author_grid_component:6_5_X0250_Y0450_S050,6_5,6_5_X0300_Y0450_S050,2019-09-23,13,17042,16732,310,0,0.0,0,0,0,0,[],UNKNOWN
author_grid_component:6_5_X0250_Y0450_S050,6_5,6_5_X0300_Y0450_S050,2019-10-03,14,25589,25589,0,0,0.0,0,0,0,0,[],UNKNOWN
author_grid_component:6_5_X0250_Y0450_S050,6_5,6_5_X0300_Y0450_S050,2019-10-23,17,44938,42723,2215,0,0.0,0,0,0,0,[],UNKNOWN
author_grid_component:6_5_X0250_Y0450_S050,6_5,6_5_X0300_Y0450_S050,2019-10-28,17,43803,43803,0,0,0.0,0,0,0,0,[],UNKNOWN
author_grid_component:6_5_X0250_Y0450_S050,6_5,6_5_X0300_Y0450_S050,2019-12-02,17,44639,44639,0,0,0.0,0,0,0,0,[],UNKNOWN
author_grid_component:6_5_X0250_Y0450_S050,6_5,6_5_X0300_Y0450_S050,2020-01-06,17,44883,44883,0,0,0.0,0,0,0,0,[],UNKNOWN
author_grid_component:6_5_X0250_Y0450_S050,6_5,6_5_X0300_Y0450_S050,2020-01-21,17,44601,44601,0,0,0.0,0,0,0,0,[],UNKNOWN
author_grid_component:6_5_X0250_Y0450_S050,6_5,6_5_X0300_Y0450_S050,2020-02-15,17,43394,42581,813,0,0.0,0,0,0,0,[],UNKNOWN
author_grid_component:6_5_X0250_Y0450_S050,6_5,6_5_X0300_Y0450_S050,2020-04-05,4,14453,0,13535,918,6.351622500518923,4,1,1,1,['6_5'],UNKNOWN
author_grid_component:6_5_X0250_Y0450_S050,6_5,6_5_X0300_Y0450_S050,2020-04-15,4,5507,0,5507,0,0.0,0,0,0,0,[],UNKNOWN
author_grid_component:6_5_X0250_Y0450_S050,6_5,6_5_X0300_Y0450_S050,2020-09-07,1,0,0,0,0,,0,0,0,0,[],UNKNOWN
author_grid_component:6_5_X0250_Y0450_S050,6_5,6_5_X0300_Y0450_S050,2020-09-27,9,26358,17214,9144,0,0.0,0,0,0,0,[],UNKNOWN
author_grid_component:6_5_X0250_Y0450_S050,6_5,6_5_X0300_Y0450_S050,2020-10-02,17,44529,26859,17670,0,0.0,0,0,0,0,[],UNKNOWN
author_grid_component:6_5_X0250_Y0450_S050,6_5,6_5_X0300_Y0450_S050,2020-10-12,17,41790,41113,677,0,0.0,0,0,0,0,[],UNKNOWN
author_grid_component:6_5_X0250_Y0450_S050,6_5,6_5_X0300_Y0450_S050,2020-10-17,16,42960,38101,4859,0,0.0,0,0,0,0,[],UNKNOWN
author_grid_component:6_5_X0250_Y0450_S050,6_5,6_5_X0300_Y0450_S050,2020-11-01,16,45214,40429,4785,0,0.0,0,0,0,0,[],UNKNOWN
author_grid_component:6_5_X0250_Y0450_S050,6_5,6_5_X0300_Y0450_S050,2020-11-06,14,33426,24848,8578,0,0.0,0,0,0,0,[],UNKNOWN
author_grid_component:6_5_X0250_Y0450_S050,6_5,6_5_X0300_Y0450_S050,2020-11-21,16,44580,11509,33071,0,0.0,0,0,0,0,[],UNKNOWN
author_grid_component:6_5_X0250_Y0450_S050,6_5,6_5_X0300_Y0450_S050,2020-12-01,17,44556,15909,28647,0,0.0,0,0,0,0,[],UNKNOWN
author_grid_component:6_5_X0250_Y0450_S050,6_5,6_5_X0300_Y0450_S050,2020-12-21,17,44190,32314,11876,0,0.0,0,0,0,0,[],UNKNOWN
author_grid_component:6_5_X0250_Y0450_S050,6_5,6_5_X0300_Y0450_S050,2020-12-26,19,46730,41661,5069,0,0.0,0,0,0,0,[],UNKNOWN
author_grid_component:6_5_X0400_Y0250_S050,6_5,6_5_X0400_Y0250_S050,2019-01-11,4,7261,7261,0,0,0.0,0,0,0,0,[],UNKNOWN
author_grid_component:6_5_X0400_Y0250_S050,6_5,6_5_X0400_Y0250_S050,2019-03-19,4,6428,6164,264,0,0.0,0,0,0,0,[],UNKNOWN
author_grid_component:6_5_X0400_Y0250_S050,6_5,6_5_X0400_Y0250_S050,2019-03-22,4,8780,8710,70,0,0.0,0,0,0,0,[],UNKNOWN
author_grid_component:6_5_X0400_Y0250_S050,6_5,6_5_X0400_Y0250_S050,2019-03-27,4,11765,11765,0,0,0.0,0,0,0,0,[],UNKNOWN
author_grid_component:6_5_X0400_Y0250_S050,6_5,6_5_X0400_Y0250_S050,2019-05-13,4,7333,7333,0,0,0.0,0,0,0,0,[],UNKNOWN
author_grid_component:6_5_X0400_Y0250_S050,6_5,6_5_X0400_Y0250_S050,2019-05-28,4,11279,9074,2205,0,0.0,0,0,0,0,[],UNKNOWN
author_grid_component:6_5_X0400_Y0250_S050,6_5,6_5_X0400_Y0250_S050,2019-09-03,4,16384,14494,1890,0,0.0,0,0,0,0,[],UNKNOWN
author_grid_component:6_5_X0400_Y0250_S050,6_5,6_5_X0400_Y0250_S050,2019-09-08,4,7985,7985,0,0,0.0,0,0,0,0,[],UNKNOWN
author_grid_component:6_5_X0400_Y0250_S050,6_5,6_5_X0400_Y0250_S050,2019-11-09,4,16379,16143,236,0,0.0,0,0,0,0,[],UNKNOWN
author_grid_component:6_5_X0400_Y0250_S050,6_5,6_5_X0400_Y0250_S050,2019-12-02,4,15944,5053,10891,0,0.0,0,0,0,0,[],UNKNOWN
author_grid_component:6_5_X0400_Y0250_S050,6_5,6_5_X0400_Y0250_S050,2020-01-06,4,11429,11429,0,0,0.0,0,0,0,0,[],UNKNOWN
author_grid_component:6_5_X0400_Y0250_S050,6_5,6_5_X0400_Y0250_S050,2020-01-28,4,11664,11545,119,0,0.0,0,0,0,0,[],UNKNOWN
author_grid_component:6_5_X0400_Y0250_S050,6_5,6_5_X0400_Y0250_S050,2020-04-27,4,10663,10663,0,0,0.0,0,0,0,0,[],UNKNOWN
author_grid_component:6_5_X0400_Y0250_S050,6_5,6_5_X0400_Y0250_S050,2020-09-07,1,0,0,0,0,,0,0,0,0,[],UNKNOWN
author_grid_component:6_5_X0400_Y0250_S050,6_5,6_5_X0400_Y0250_S050,2020-10-12,4,5559,5379,180,0,0.0,0,0,0,0,[],UNKNOWN
author_grid_component:6_5_X0400_Y0250_S050,6_5,6_5_X0400_Y0250_S050,2020-12-01,4,10253,10177,76,0,0.0,0,0,0,0,[],UNKNOWN
author_grid_component:6_5_X0400_Y0250_S050,6_5,6_5_X0400_Y0300_S050,2019-01-11,4,14777,14777,0,0,0.0,0,0,0,0,[],UNKNOWN
author_grid_component:6_5_X0400_Y0250_S050,6_5,6_5_X0400_Y0300_S050,2019-03-19,4,14317,14317,0,0,0.0,0,0,0,0,[],UNKNOWN
author_grid_component:6_5_X0400_Y0250_S050,6_5,6_5_X0400_Y0300_S050,2019-03-22,4,14391,14391,0,0,0.0,0,0,0,0,[],UNKNOWN
author_grid_component:6_5_X0400_Y0250_S050,6_5,6_5_X0400_Y0300_S050,2019-03-27,4,14858,14858,0,0,0.0,0,0,0,0,[],UNKNOWN
author_grid_component:6_5_X0400_Y0250_S050,6_5,6_5_X0400_Y0300_S050,2019-05-13,4,14268,14268,0,0,0.0,0,0,0,0,[],UNKNOWN
author_grid_component:6_5_X0400_Y0250_S050,6_5,6_5_X0400_Y0300_S050,2019-05-28,4,14663,14663,0,0,0.0,0,0,0,0,[],UNKNOWN
author_grid_component:6_5_X0400_Y0250_S050,6_5,6_5_X0400_Y0300_S050,2019-09-03,4,16374,13429,2945,0,0.0,0,0,0,0,[],UNKNOWN
author_grid_component:6_5_X0400_Y0250_S050,6_5,6_5_X0400_Y0300_S050,2019-09-08,4,16384,14073,2311,0,0.0,0,0,0,0,[],UNKNOWN
author_grid_component:6_5_X0400_Y0250_S050,6_5,6_5_X0400_Y0300_S050,2019-11-09,4,16129,15801,328,0,0.0,0,0,0,0,[],UNKNOWN
author_grid_component:6_5_X0400_Y0250_S050,6_5,6_5_X0400_Y0300_S050,2019-12-02,4,16384,12992,3392,0,0.0,0,0,0,0,[],UNKNOWN
author_grid_component:6_5_X0400_Y0250_S050,6_5,6_5_X0400_Y0300_S050,2020-01-06,4,16384,16190,194,0,0.0,0,0,0,0,[],UNKNOWN
author_grid_component:6_5_X0400_Y0250_S050,6_5,6_5_X0400_Y0300_S050,2020-01-28,4,14344,14344,0,0,0.0,0,0,0,0,[],UNKNOWN
author_grid_component:6_5_X0400_Y0250_S050,6_5,6_5_X0400_Y0300_S050,2020-04-27,4,14371,14371,0,0,0.0,0,0,0,0,[],UNKNOWN
author_grid_component:6_5_X0400_Y0250_S050,6_5,6_5_X0400_Y0300_S050,2020-09-07,1,0,0,0,0,,0,0,0,0,[],UNKNOWN
author_grid_component:6_5_X0400_Y0250_S050,6_5,6_5_X0400_Y0300_S050,2020-10-12,4,14841,14841,0,0,0.0,0,0,0,0,[],UNKNOWN
author_grid_component:6_5_X0400_Y0250_S050,6_5,6_5_X0400_Y0300_S050,2020-12-01,4,8880,8880,0,0,0.0,0,0,0,0,[],UNKNOWN
author_grid_component:6_5_X0400_Y0250_S050,6_5,6_5_X0400_Y0350_S050,2019-01-11,4,15018,15018,0,0,0.0,0,0,0,0,[],UNKNOWN
author_grid_component:6_5_X0400_Y0250_S050,6_5,6_5_X0400_Y0350_S050,2019-03-19,4,15008,15008,0,0,0.0,0,0,0,0,[],UNKNOWN
author_grid_component:6_5_X0400_Y0250_S050,6_5,6_5_X0400_Y0350_S050,2019-03-22,4,14691,14691,0,0,0.0,0,0,0,0,[],UNKNOWN
author_grid_component:6_5_X0400_Y0250_S050,6_5,6_5_X0400_Y0350_S050,2019-03-27,4,14757,14757,0,0,0.0,0,0,0,0,[],UNKNOWN
author_grid_component:6_5_X0400_Y0250_S050,6_5,6_5_X0400_Y0350_S050,2019-05-13,4,15059,15059,0,0,0.0,0,0,0,0,[],UNKNOWN
author_grid_component:6_5_X0400_Y0250_S050,6_5,6_5_X0400_Y0350_S050,2019-05-28,4,13620,13620,0,0,0.0,0,0,0,0,[],UNKNOWN
author_grid_component:6_5_X0400_Y0250_S050,6_5,6_5_X0400_Y0350_S050,2019-09-03,4,14670,14670,0,0,0.0,0,0,0,0,[],UNKNOWN
author_grid_component:6_5_X0400_Y0250_S050,6_5,6_5_X0400_Y0350_S050,2019-09-08,4,14646,14646,0,0,0.0,0,0,0,0,[],UNKNOWN
author_grid_component:6_5_X0400_Y0250_S050,6_5,6_5_X0400_Y0350_S050,2019-11-09,4,15296,15296,0,0,0.0,0,0,0,0,[],UNKNOWN
author_grid_component:6_5_X0400_Y0250_S050,6_5,6_5_X0400_Y0350_S050,2019-12-02,4,14848,14848,0,0,0.0,0,0,0,0,[],UNKNOWN
author_grid_component:6_5_X0400_Y0250_S050,6_5,6_5_X0400_Y0350_S050,2020-01-06,4,16384,10673,5711,0,0.0,0,0,0,0,[],UNKNOWN
author_grid_component:6_5_X0400_Y0250_S050,6_5,6_5_X0400_Y0350_S050,2020-01-28,4,6786,6786,0,0,0.0,0,0,0,0,[],UNKNOWN
author_grid_component:6_5_X0400_Y0250_S050,6_5,6_5_X0400_Y0350_S050,2020-04-27,4,14474,14474,0,0,0.0,0,0,0,0,[],UNKNOWN
author_grid_component:6_5_X0400_Y0250_S050,6_5,6_5_X0400_Y0350_S050,2020-09-07,1,0,0,0,0,,0,0,0,0,[],UNKNOWN
author_grid_component:6_5_X0400_Y0250_S050,6_5,6_5_X0400_Y0350_S050,2020-10-12,4,14724,14724,0,0,0.0,0,0,0,0,[],UNKNOWN
author_grid_component:6_5_X0400_Y0250_S050,6_5,6_5_X0400_Y0350_S050,2020-12-01,4,7628,7628,0,0,0.0,0,0,0,0,[],UNKNOWN
author_grid_component:6_5_X0400_Y0250_S050,6_5,6_5_X0450_Y0300_S050,2019-01-11,4,7222,7208,14,0,0.0,0,0,0,0,[],UNKNOWN
author_grid_component:6_5_X0400_Y0250_S050,6_5,6_5_X0450_Y0300_S050,2019-03-19,4,10721,10721,0,0,0.0,0,0,0,0,[],UNKNOWN
author_grid_component:6_5_X0400_Y0250_S050,6_5,6_5_X0450_Y0300_S050,2019-03-22,4,12225,12225,0,0,0.0,0,0,0,0,[],UNKNOWN
author_grid_component:6_5_X0400_Y0250_S050,6_5,6_5_X0450_Y0300_S050,2019-03-27,4,8596,8596,0,0,0.0,0,0,0,0,[],UNKNOWN
author_grid_component:6_5_X0400_Y0250_S050,6_5,6_5_X0450_Y0300_S050,2019-05-13,4,7522,7522,0,0,0.0,0,0,0,0,[],UNKNOWN
author_grid_component:6_5_X0400_Y0250_S050,6_5,6_5_X0450_Y0300_S050,2019-05-28,4,8966,8966,0,0,0.0,0,0,0,0,[],UNKNOWN
author_grid_component:6_5_X0400_Y0250_S050,6_5,6_5_X0450_Y0300_S050,2019-09-03,4,16384,8359,8025,0,0.0,0,0,0,0,[],UNKNOWN
author_grid_component:6_5_X0400_Y0250_S050,6_5,6_5_X0450_Y0300_S050,2019-09-08,4,16384,6564,9820,0,0.0,0,0,0,0,[],UNKNOWN
author_grid_component:6_5_X0400_Y0250_S050,6_5,6_5_X0450_Y0300_S050,2019-11-09,4,10788,10375,413,0,0.0,0,0,0,0,[],UNKNOWN
author_grid_component:6_5_X0400_Y0250_S050,6_5,6_5_X0450_Y0300_S050,2019-12-02,4,8632,8632,0,0,0.0,0,0,0,0,[],UNKNOWN
author_grid_component:6_5_X0400_Y0250_S050,6_5,6_5_X0450_Y0300_S050,2020-01-06,4,13351,13351,0,0,0.0,0,0,0,0,[],UNKNOWN
author_grid_component:6_5_X0400_Y0250_S050,6_5,6_5_X0450_Y0300_S050,2020-01-28,4,6054,6054,0,0,0.0,0,0,0,0,[],UNKNOWN
author_grid_component:6_5_X0400_Y0250_S050,6_5,6_5_X0450_Y0300_S050,2020-04-27,4,15808,10959,4849,0,0.0,0,0,0,0,[],UNKNOWN
author_grid_component:6_5_X0400_Y0250_S050,6_5,6_5_X0450_Y0300_S050,2020-09-07,1,0,0,0,0,,0,0,0,0,[],UNKNOWN
author_grid_component:6_5_X0400_Y0250_S050,6_5,6_5_X0450_Y0300_S050,2020-10-12,4,6506,6506,0,0,0.0,0,0,0,0,[],UNKNOWN
author_grid_component:6_5_X0400_Y0250_S050,6_5,6_5_X0450_Y0300_S050,2020-12-01,1,0,0,0,0,,0,0,0,0,[],UNKNOWN
author_grid_component:6_5_X0400_Y0250_S050,6_5,6_5_X0450_Y0350_S050,2019-01-11,4,14043,14043,0,0,0.0,0,0,0,0,[],UNKNOWN
author_grid_component:6_5_X0400_Y0250_S050,6_5,6_5_X0450_Y0350_S050,2019-03-19,4,14065,13623,442,0,0.0,0,0,0,0,[],UNKNOWN
author_grid_component:6_5_X0400_Y0250_S050,6_5,6_5_X0450_Y0350_S050,2019-03-22,4,14045,14045,0,0,0.0,0,0,0,0,[],UNKNOWN
author_grid_component:6_5_X0400_Y0250_S050,6_5,6_5_X0450_Y0350_S050,2019-03-27,4,11004,11004,0,0,0.0,0,0,0,0,[],UNKNOWN
author_grid_component:6_5_X0400_Y0250_S050,6_5,6_5_X0450_Y0350_S050,2019-05-13,4,11011,11011,0,0,0.0,0,0,0,0,[],UNKNOWN
author_grid_component:6_5_X0400_Y0250_S050,6_5,6_5_X0450_Y0350_S050,2019-05-28,4,13160,13160,0,0,0.0,0,0,0,0,[],UNKNOWN
author_grid_component:6_5_X0400_Y0250_S050,6_5,6_5_X0450_Y0350_S050,2019-09-03,4,16384,10808,5576,0,0.0,0,0,0,0,[],UNKNOWN
author_grid_component:6_5_X0400_Y0250_S050,6_5,6_5_X0450_Y0350_S050,2019-09-08,4,15486,15486,0,0,0.0,0,0,0,0,[],UNKNOWN
author_grid_component:6_5_X0400_Y0250_S050,6_5,6_5_X0450_Y0350_S050,2019-11-09,4,15060,15060,0,0,0.0,0,0,0,0,[],UNKNOWN
author_grid_component:6_5_X0400_Y0250_S050,6_5,6_5_X0450_Y0350_S050,2019-12-02,4,13438,13438,0,0,0.0,0,0,0,0,[],UNKNOWN
author_grid_component:6_5_X0400_Y0250_S050,6_5,6_5_X0450_Y0350_S050,2020-01-06,4,16384,12099,4285,0,0.0,0,0,0,0,[],UNKNOWN
author_grid_component:6_5_X0400_Y0250_S050,6_5,6_5_X0450_Y0350_S050,2020-01-28,4,10418,10418,0,0,0.0,0,0,0,0,[],UNKNOWN
author_grid_component:6_5_X0400_Y0250_S050,6_5,6_5_X0450_Y0350_S050,2020-04-27,4,14049,14049,0,0,0.0,0,0,0,0,[],UNKNOWN
author_grid_component:6_5_X0400_Y0250_S050,6_5,6_5_X0450_Y0350_S050,2020-09-07,1,0,0,0,0,,0,0,0,0,[],UNKNOWN
author_grid_component:6_5_X0400_Y0250_S050,6_5,6_5_X0450_Y0350_S050,2020-10-12,4,14043,14043,0,0,0.0,0,0,0,0,[],UNKNOWN
author_grid_component:6_5_X0400_Y0250_S050,6_5,6_5_X0450_Y0350_S050,2020-12-01,1,0,0,0,0,,0,0,0,0,[],UNKNOWN
author_grid_component:6_5_X0400_Y0250_S050,6_5,6_5_X0500_Y0300_S050,2019-01-11,4,9423,9423,0,0,0.0,0,0,0,0,[],UNKNOWN
author_grid_component:6_5_X0400_Y0250_S050,6_5,6_5_X0500_Y0300_S050,2019-03-19,4,7856,7755,101,0,0.0,0,0,0,0,[],UNKNOWN
author_grid_component:6_5_X0400_Y0250_S050,6_5,6_5_X0500_Y0300_S050,2019-03-22,4,11420,10501,919,0,0.0,0,0,0,0,[],UNKNOWN
author_grid_component:6_5_X0400_Y0250_S050,6_5,6_5_X0500_Y0300_S050,2019-03-27,4,11231,11231,0,0,0.0,0,0,0,0,[],UNKNOWN
author_grid_component:6_5_X0400_Y0250_S050,6_5,6_5_X0500_Y0300_S050,2019-05-13,4,8949,8949,0,0,0.0,0,0,0,0,[],UNKNOWN
author_grid_component:6_5_X0400_Y0250_S050,6_5,6_5_X0500_Y0300_S050,2019-05-28,4,9145,8450,695,0,0.0,0,0,0,0,[],UNKNOWN
author_grid_component:6_5_X0400_Y0250_S050,6_5,6_5_X0500_Y0300_S050,2019-09-03,4,8810,8566,244,0,0.0,0,0,0,0,[],UNKNOWN
author_grid_component:6_5_X0400_Y0250_S050,6_5,6_5_X0500_Y0300_S050,2019-09-08,4,13452,13452,0,0,0.0,0,0,0,0,[],UNKNOWN
author_grid_component:6_5_X0400_Y0250_S050,6_5,6_5_X0500_Y0300_S050,2019-11-09,4,9440,9440,0,0,0.0,0,0,0,0,[],UNKNOWN
author_grid_component:6_5_X0400_Y0250_S050,6_5,6_5_X0500_Y0300_S050,2019-12-02,4,12023,12023,0,0,0.0,0,0,0,0,[],UNKNOWN
author_grid_component:6_5_X0400_Y0250_S050,6_5,6_5_X0500_Y0300_S050,2020-01-06,4,12339,12339,0,0,0.0,0,0,0,0,[],UNKNOWN
author_grid_component:6_5_X0400_Y0250_S050,6_5,6_5_X0500_Y0300_S050,2020-01-28,4,9460,9460,0,0,0.0,0,0,0,0,[],UNKNOWN
author_grid_component:6_5_X0400_Y0250_S050,6_5,6_5_X0500_Y0300_S050,2020-04-27,4,9407,9407,0,0,0.0,0,0,0,0,[],UNKNOWN
author_grid_component:6_5_X0400_Y0250_S050,6_5,6_5_X0500_Y0300_S050,2020-09-07,1,0,0,0,0,,0,0,0,0,[],UNKNOWN
author_grid_component:6_5_X0400_Y0250_S050,6_5,6_5_X0500_Y0300_S050,2020-10-12,4,9682,9682,0,0,0.0,0,0,0,0,[],UNKNOWN
author_grid_component:6_5_X0400_Y0250_S050,6_5,6_5_X0500_Y0300_S050,2020-12-01,1,0,0,0,0,,0,0,0,0,[],UNKNOWN
author_grid_component:6_5_X1150_Y0200_S050,6_5,6_5_X1150_Y0200_S050,2019-09-30,1,0,0,0,0,,0,0,0,0,[],UNKNOWN
author_grid_component:6_5_X1150_Y0200_S050,6_5,6_5_X1150_Y0200_S050,2019-11-24,4,6948,6948,0,0,0.0,0,0,0,0,[],UNKNOWN
author_grid_component:6_5_X1150_Y0200_S050,6_5,6_5_X1150_Y0200_S050,2019-11-29,4,11593,4212,7381,0,0.0,0,0,0,0,[],UNKNOWN
author_grid_component:6_5_X1150_Y0200_S050,6_5,6_5_X1150_Y0200_S050,2019-12-04,4,6948,6948,0,0,0.0,0,0,0,0,[],UNKNOWN
author_grid_component:6_5_X1150_Y0200_S050,6_5,6_5_X1150_Y0200_S050,2019-12-14,4,8600,8600,0,0,0.0,0,0,0,0,[],UNKNOWN
author_grid_component:6_5_X1150_Y0200_S050,6_5,6_5_X1150_Y0200_S050,2020-01-08,4,11593,4212,7381,0,0.0,0,0,0,0,[],UNKNOWN
author_grid_component:6_5_X1150_Y0200_S050,6_5,6_5_X1150_Y0200_S050,2020-01-28,4,6852,6852,0,0,0.0,0,0,0,0,[],UNKNOWN
author_grid_component:6_5_X1150_Y0200_S050,6_5,6_5_X1150_Y0200_S050,2020-02-07,4,6960,6960,0,0,0.0,0,0,0,0,[],UNKNOWN
author_grid_component:6_5_X1150_Y0200_S050,6_5,6_5_X1150_Y0200_S050,2020-02-22,4,8817,8817,0,0,0.0,0,0,0,0,[],UNKNOWN
author_grid_component:6_5_X1150_Y0200_S050,6_5,6_5_X1150_Y0200_S050,2020-03-28,4,10823,10823,0,0,0.0,0,0,0,0,[],UNKNOWN
author_grid_component:6_5_X1150_Y0200_S050,6_5,6_5_X1150_Y0200_S050,2020-04-27,4,11593,4212,7381,0,0.0,0,0,0,0,[],UNKNOWN
author_grid_component:6_5_X1150_Y0200_S050,6_5,6_5_X1150_Y0200_S050,2020-07-31,4,9200,9200,0,0,0.0,0,0,0,0,[],UNKNOWN
author_grid_component:6_5_X1150_Y0200_S050,6_5,6_5_X1150_Y0200_S050,2020-09-04,4,14014,8708,5306,0,0.0,0,0,0,0,[],UNKNOWN
author_grid_component:6_5_X1150_Y0200_S050,6_5,6_5_X1150_Y0200_S050,2020-11-13,4,9181,9181,0,0,0.0,0,0,0,0,[],UNKNOWN
author_grid_component:6_5_X1150_Y0200_S050,6_5,6_5_X1150_Y0200_S050,2020-12-18,4,11593,4212,7381,0,0.0,0,0,0,0,[],UNKNOWN
author_grid_component:6_5_X1150_Y0200_S050,6_5,6_5_X1150_Y0200_S050,2020-12-28,4,7368,7368,0,0,0.0,0,0,0,0,[],UNKNOWN
author_grid_component:7_2_X0000_Y1750_S050,7_2,7_2_X0000_Y1750_S050,2019-02-09,10,24226,24226,0,0,0.0,0,0,0,0,[],UNKNOWN
author_grid_component:7_2_X0000_Y1750_S050,7_2,7_2_X0000_Y1750_S050,2019-03-26,10,24992,24992,0,0,0.0,0,0,0,0,[],UNKNOWN
author_grid_component:7_2_X0000_Y1750_S050,7_2,7_2_X0000_Y1750_S050,2019-05-05,10,24911,24911,0,0,0.0,0,0,0,0,[],UNKNOWN
author_grid_component:7_2_X0000_Y1750_S050,7_2,7_2_X0000_Y1750_S050,2019-07-04,8,21804,21804,0,0,0.0,0,0,0,0,[],UNKNOWN
author_grid_component:7_2_X0000_Y1750_S050,7_2,7_2_X0000_Y1750_S050,2019-07-14,8,21804,21804,0,0,0.0,0,0,0,0,[],UNKNOWN
author_grid_component:7_2_X0000_Y1750_S050,7_2,7_2_X0000_Y1750_S050,2019-07-24,9,21835,5205,16630,0,0.0,0,0,0,0,[],UNKNOWN
author_grid_component:7_2_X0000_Y1750_S050,7_2,7_2_X0000_Y1750_S050,2019-08-28,8,21160,21160,0,0,0.0,0,0,0,0,[],UNKNOWN
author_grid_component:7_2_X0000_Y1750_S050,7_2,7_2_X0000_Y1750_S050,2019-09-02,8,18979,18979,0,0,0.0,0,0,0,0,[],UNKNOWN
author_grid_component:7_2_X0000_Y1750_S050,7_2,7_2_X0000_Y1750_S050,2019-09-22,8,18683,18683,0,0,0.0,0,0,0,0,[],UNKNOWN
author_grid_component:7_2_X0000_Y1750_S050,7_2,7_2_X0000_Y1750_S050,2019-12-21,10,25507,25507,0,0,0.0,0,0,0,0,[],UNKNOWN
author_grid_component:7_2_X0000_Y1750_S050,7_2,7_2_X0000_Y1750_S050,2020-02-19,10,25226,25226,0,0,0.0,0,0,0,0,[],UNKNOWN
author_grid_component:7_2_X0000_Y1750_S050,7_2,7_2_X0000_Y1750_S050,2020-03-15,10,25305,25305,0,0,0.0,0,0,0,0,[],UNKNOWN
author_grid_component:7_2_X0000_Y1750_S050,7_2,7_2_X0000_Y1750_S050,2020-06-18,8,21200,21200,0,0,0.0,0,0,0,0,[],UNKNOWN
author_grid_component:7_2_X0000_Y1750_S050,7_2,7_2_X0000_Y1750_S050,2020-07-03,9,21859,21859,0,0,0.0,0,0,0,0,[],UNKNOWN
author_grid_component:7_2_X0000_Y1750_S050,7_2,7_2_X0000_Y1750_S050,2020-07-08,2,1220,1220,0,0,0.0,0,0,0,0,[],UNKNOWN
author_grid_component:7_2_X0000_Y1750_S050,7_2,7_2_X0000_Y1750_S050,2020-07-28,9,22454,22454,0,0,0.0,0,0,0,0,[],UNKNOWN
author_grid_component:7_2_X0000_Y1750_S050,7_2,7_2_X0000_Y1750_S050,2020-08-07,7,20627,20627,0,0,0.0,0,0,0,0,[],UNKNOWN
author_grid_component:7_2_X0000_Y1750_S050,7_2,7_2_X0000_Y1750_S050,2020-08-22,8,19947,19947,0,0,0.0,0,0,0,0,[],UNKNOWN
author_grid_component:7_2_X0000_Y1750_S050,7_2,7_2_X0000_Y1750_S050,2020-08-27,7,19572,19572,0,0,0.0,0,0,0,0,[],UNKNOWN
author_grid_component:7_2_X0000_Y1750_S050,7_2,7_2_X0000_Y1750_S050,2020-09-26,9,23625,23625,0,0,0.0,0,0,0,0,[],UNKNOWN
author_grid_component:7_2_X0000_Y1750_S050,7_2,7_2_X0000_Y1750_S050,2020-10-06,9,23337,23087,250,0,0.0,0,0,0,0,[],UNKNOWN
author_grid_component:7_2_X0000_Y1750_S050,7_2,7_2_X0000_Y1750_S050,2020-10-16,8,20999,20999,0,0,0.0,0,0,0,0,[],UNKNOWN
author_grid_component:7_2_X0000_Y1750_S050,7_2,7_2_X0000_Y1750_S050,2020-11-10,9,23947,23947,0,0,0.0,0,0,0,0,[],UNKNOWN
author_grid_component:7_2_X0000_Y1750_S050,7_2,7_2_X0000_Y1750_S050,2020-11-20,10,24962,24962,0,0,0.0,0,0,0,0,[],UNKNOWN
author_grid_component:7_2_X0000_Y1750_S050,7_2,7_2_X0000_Y1750_S050,2020-12-10,6,6039,6039,0,0,0.0,0,0,0,0,[],UNKNOWN
author_grid_component:7_2_X0000_Y1750_S050,7_2,7_2_X0000_Y1800_S050,2019-02-09,90,308372,308372,0,0,0.0,0,0,0,0,[],UNKNOWN
author_grid_component:7_2_X0000_Y1750_S050,7_2,7_2_X0000_Y1800_S050,2019-03-26,90,313468,313468,0,0,0.0,0,0,0,0,[],UNKNOWN
author_grid_component:7_2_X0000_Y1750_S050,7_2,7_2_X0000_Y1800_S050,2019-05-05,90,314114,314114,0,0,0.0,0,0,0,0,[],UNKNOWN
author_grid_component:7_2_X0000_Y1750_S050,7_2,7_2_X0000_Y1800_S050,2019-07-04,83,304196,304196,0,0,0.0,0,0,0,0,[],UNKNOWN
author_grid_component:7_2_X0000_Y1750_S050,7_2,7_2_X0000_Y1800_S050,2019-07-14,84,307491,275884,31525,82,0.02666744717731576,2,1,1,1,['7_2'],UNKNOWN
author_grid_component:7_2_X0000_Y1750_S050,7_2,7_2_X0000_Y1800_S050,2019-07-24,84,305441,7193,221648,76600,25.078493064126953,54,1,1,1,['7_2'],UNKNOWN
author_grid_component:7_2_X0000_Y1750_S050,7_2,7_2_X0000_Y1800_S050,2019-08-28,84,303910,65746,238164,0,0.0,0,0,0,0,[],UNKNOWN
author_grid_component:7_2_X0000_Y1750_S050,7_2,7_2_X0000_Y1800_S050,2019-09-02,84,305086,272167,32919,0,0.0,0,0,0,0,[],UNKNOWN
author_grid_component:7_2_X0000_Y1750_S050,7_2,7_2_X0000_Y1800_S050,2019-09-22,81,294747,294747,0,0,0.0,0,0,0,0,[],UNKNOWN
author_grid_component:7_2_X0000_Y1750_S050,7_2,7_2_X0000_Y1800_S050,2019-12-21,89,311530,311530,0,0,0.0,0,0,0,0,[],UNKNOWN
author_grid_component:7_2_X0000_Y1750_S050,7_2,7_2_X0000_Y1800_S050,2020-02-19,89,311507,311507,0,0,0.0,0,0,0,0,[],UNKNOWN
author_grid_component:7_2_X0000_Y1750_S050,7_2,7_2_X0000_Y1800_S050,2020-03-15,90,314435,314435,0,0,0.0,0,0,0,0,[],UNKNOWN
author_grid_component:7_2_X0000_Y1750_S050,7_2,7_2_X0000_Y1800_S050,2020-06-18,83,299846,299846,0,0,0.0,0,0,0,0,[],UNKNOWN
author_grid_component:7_2_X0000_Y1750_S050,7_2,7_2_X0000_Y1800_S050,2020-07-03,85,304420,304309,111,0,0.0,0,0,0,0,[],UNKNOWN
author_grid_component:7_2_X0000_Y1750_S050,7_2,7_2_X0000_Y1800_S050,2020-07-08,45,84033,78921,5112,0,0.0,0,0,0,0,[],UNKNOWN
author_grid_component:7_2_X0000_Y1750_S050,7_2,7_2_X0000_Y1800_S050,2020-07-28,84,286838,188655,98183,0,0.0,0,0,0,0,[],UNKNOWN
author_grid_component:7_2_X0000_Y1750_S050,7_2,7_2_X0000_Y1800_S050,2020-08-07,80,299816,246799,53017,0,0.0,0,0,0,0,[],UNKNOWN
author_grid_component:7_2_X0000_Y1750_S050,7_2,7_2_X0000_Y1800_S050,2020-08-22,84,303047,243888,59159,0,0.0,0,0,0,0,[],UNKNOWN
author_grid_component:7_2_X0000_Y1750_S050,7_2,7_2_X0000_Y1800_S050,2020-08-27,81,296020,210958,85062,0,0.0,0,0,0,0,[],UNKNOWN
author_grid_component:7_2_X0000_Y1750_S050,7_2,7_2_X0000_Y1800_S050,2020-09-26,84,300687,296982,3705,0,0.0,0,0,0,0,[],UNKNOWN
author_grid_component:7_2_X0000_Y1750_S050,7_2,7_2_X0000_Y1800_S050,2020-10-06,83,305834,298278,7556,0,0.0,0,0,0,0,[],UNKNOWN
author_grid_component:7_2_X0000_Y1750_S050,7_2,7_2_X0000_Y1800_S050,2020-10-16,80,259640,259474,166,0,0.0,0,0,0,0,[],UNKNOWN
author_grid_component:7_2_X0000_Y1750_S050,7_2,7_2_X0000_Y1800_S050,2020-11-10,87,309395,309395,0,0,0.0,0,0,0,0,[],UNKNOWN
author_grid_component:7_2_X0000_Y1750_S050,7_2,7_2_X0000_Y1800_S050,2020-11-20,90,312712,312712,0,0,0.0,0,0,0,0,[],UNKNOWN
author_grid_component:7_2_X0000_Y1750_S050,7_2,7_2_X0000_Y1800_S050,2020-12-10,3,4071,4071,0,0,0.0,0,0,0,0,[],UNKNOWN
author_grid_component:7_2_X0000_Y1750_S050,7_2,7_2_X0050_Y1800_S050,2019-02-09,121,392196,392196,0,0,0.0,0,0,0,0,[],UNKNOWN
author_grid_component:7_2_X0000_Y1750_S050,7_2,7_2_X0050_Y1800_S050,2019-03-26,95,317762,317762,0,0,0.0,0,0,0,0,[],UNKNOWN
author_grid_component:7_2_X0000_Y1750_S050,7_2,7_2_X0050_Y1800_S050,2019-05-05,110,383774,383774,0,0,0.0,0,0,0,0,[],UNKNOWN
author_grid_component:7_2_X0000_Y1750_S050,7_2,7_2_X0050_Y1800_S050,2019-07-04,121,495521,495521,0,0,0.0,0,0,0,0,[],UNKNOWN
author_grid_component:7_2_X0000_Y1750_S050,7_2,7_2_X0050_Y1800_S050,2019-07-14,121,495527,495527,0,0,0.0,0,0,0,0,[],UNKNOWN
author_grid_component:7_2_X0000_Y1750_S050,7_2,7_2_X0050_Y1800_S050,2019-07-24,112,374285,285150,89079,56,0.014961860614237814,4,1,1,1,['7_2'],UNKNOWN
author_grid_component:7_2_X0000_Y1750_S050,7_2,7_2_X0050_Y1800_S050,2019-08-28,121,495074,409780,85294,0,0.0,0,0,0,0,[],UNKNOWN
author_grid_component:7_2_X0000_Y1750_S050,7_2,7_2_X0050_Y1800_S050,2019-09-02,121,495493,475548,19945,0,0.0,0,0,0,0,[],UNKNOWN
author_grid_component:7_2_X0000_Y1750_S050,7_2,7_2_X0050_Y1800_S050,2019-09-22,94,343598,343598,0,0,0.0,0,0,0,0,[],UNKNOWN
author_grid_component:7_2_X0000_Y1750_S050,7_2,7_2_X0050_Y1800_S050,2019-12-21,121,495589,495589,0,0,0.0,0,0,0,0,[],UNKNOWN
author_grid_component:7_2_X0000_Y1750_S050,7_2,7_2_X0050_Y1800_S050,2020-02-19,116,409830,409830,0,0,0.0,0,0,0,0,[],UNKNOWN
author_grid_component:7_2_X0000_Y1750_S050,7_2,7_2_X0050_Y1800_S050,2020-03-15,101,342646,342646,0,0,0.0,0,0,0,0,[],UNKNOWN
author_grid_component:7_2_X0000_Y1750_S050,7_2,7_2_X0050_Y1800_S050,2020-06-18,115,451742,451742,0,0,0.0,0,0,0,0,[],UNKNOWN
author_grid_component:7_2_X0000_Y1750_S050,7_2,7_2_X0050_Y1800_S050,2020-07-03,121,495496,495496,0,0,0.0,0,0,0,0,[],UNKNOWN
author_grid_component:7_2_X0000_Y1750_S050,7_2,7_2_X0050_Y1800_S050,2020-07-08,5,7466,7466,0,0,0.0,0,0,0,0,[],UNKNOWN
author_grid_component:7_2_X0000_Y1750_S050,7_2,7_2_X0050_Y1800_S050,2020-07-28,121,495261,491839,3422,0,0.0,0,0,0,0,[],UNKNOWN
author_grid_component:7_2_X0000_Y1750_S050,7_2,7_2_X0050_Y1800_S050,2020-08-07,121,495596,495596,0,0,0.0,0,0,0,0,[],UNKNOWN
author_grid_component:7_2_X0000_Y1750_S050,7_2,7_2_X0050_Y1800_S050,2020-08-22,121,495404,495404,0,0,0.0,0,0,0,0,[],UNKNOWN
author_grid_component:7_2_X0000_Y1750_S050,7_2,7_2_X0050_Y1800_S050,2020-08-27,121,483747,483747,0,0,0.0,0,0,0,0,[],UNKNOWN
author_grid_component:7_2_X0000_Y1750_S050,7_2,7_2_X0050_Y1800_S050,2020-09-26,121,495215,495215,0,0,0.0,0,0,0,0,[],UNKNOWN
author_grid_component:7_2_X0000_Y1750_S050,7_2,7_2_X0050_Y1800_S050,2020-10-06,93,335205,335205,0,0,0.0,0,0,0,0,[],UNKNOWN
author_grid_component:7_2_X0000_Y1750_S050,7_2,7_2_X0050_Y1800_S050,2020-10-16,121,478580,478580,0,0,0.0,0,0,0,0,[],UNKNOWN
author_grid_component:7_2_X0000_Y1750_S050,7_2,7_2_X0050_Y1800_S050,2020-11-10,93,327829,327829,0,0,0.0,0,0,0,0,[],UNKNOWN
author_grid_component:7_2_X0000_Y1750_S050,7_2,7_2_X0050_Y1800_S050,2020-11-20,121,495580,495580,0,0,0.0,0,0,0,0,[],UNKNOWN
author_grid_component:7_2_X0000_Y1750_S050,7_2,7_2_X0050_Y1800_S050,2020-12-10,71,214589,214589,0,0,0.0,0,0,0,0,[],UNKNOWN
author_grid_component:7_2_X0000_Y1750_S050,7_2,7_2_X0050_Y1850_S050,2019-02-09,121,394263,394263,0,0,0.0,0,0,0,0,[],UNKNOWN
author_grid_component:7_2_X0000_Y1750_S050,7_2,7_2_X0050_Y1850_S050,2019-03-26,112,428041,428041,0,0,0.0,0,0,0,0,[],UNKNOWN
author_grid_component:7_2_X0000_Y1750_S050,7_2,7_2_X0050_Y1850_S050,2019-05-05,121,489271,489271,0,0,0.0,0,0,0,0,[],UNKNOWN
author_grid_component:7_2_X0000_Y1750_S050,7_2,7_2_X0050_Y1850_S050,2019-07-04,121,479375,479375,0,0,0.0,0,0,0,0,[],UNKNOWN
author_grid_component:7_2_X0000_Y1750_S050,7_2,7_2_X0050_Y1850_S050,2019-07-14,121,494107,473650,20457,0,0.0,0,0,0,0,[],UNKNOWN
author_grid_component:7_2_X0000_Y1750_S050,7_2,7_2_X0050_Y1850_S050,2019-07-24,121,493886,388525,105264,97,0.0196401598749509,1,1,1,1,['7_2'],UNKNOWN
author_grid_component:7_2_X0000_Y1750_S050,7_2,7_2_X0050_Y1850_S050,2019-08-28,121,493484,436982,56502,0,0.0,0,0,0,0,[],UNKNOWN
author_grid_component:7_2_X0000_Y1750_S050,7_2,7_2_X0050_Y1850_S050,2019-09-02,121,494419,491791,2628,0,0.0,0,0,0,0,[],UNKNOWN
author_grid_component:7_2_X0000_Y1750_S050,7_2,7_2_X0050_Y1850_S050,2019-09-22,31,54702,54702,0,0,0.0,0,0,0,0,[],UNKNOWN
author_grid_component:7_2_X0000_Y1750_S050,7_2,7_2_X0050_Y1850_S050,2019-12-21,121,489735,489735,0,0,0.0,0,0,0,0,[],UNKNOWN
author_grid_component:7_2_X0000_Y1750_S050,7_2,7_2_X0050_Y1850_S050,2020-02-19,121,490422,490422,0,0,0.0,0,0,0,0,[],UNKNOWN
author_grid_component:7_2_X0000_Y1750_S050,7_2,7_2_X0050_Y1850_S050,2020-03-15,115,458762,458762,0,0,0.0,0,0,0,0,[],UNKNOWN
author_grid_component:7_2_X0000_Y1750_S050,7_2,7_2_X0050_Y1850_S050,2020-06-18,121,494445,494445,0,0,0.0,0,0,0,0,[],UNKNOWN
author_grid_component:7_2_X0000_Y1750_S050,7_2,7_2_X0050_Y1850_S050,2020-07-03,121,493833,493833,0,0,0.0,0,0,0,0,[],UNKNOWN
author_grid_component:7_2_X0000_Y1750_S050,7_2,7_2_X0050_Y1850_S050,2020-07-08,75,241040,241040,0,0,0.0,0,0,0,0,[],UNKNOWN
author_grid_component:7_2_X0000_Y1750_S050,7_2,7_2_X0050_Y1850_S050,2020-07-28,121,493361,493361,0,0,0.0,0,0,0,0,[],UNKNOWN
author_grid_component:7_2_X0000_Y1750_S050,7_2,7_2_X0050_Y1850_S050,2020-08-07,121,494269,468195,26074,0,0.0,0,0,0,0,[],UNKNOWN
author_grid_component:7_2_X0000_Y1750_S050,7_2,7_2_X0050_Y1850_S050,2020-08-22,121,486856,486072,784,0,0.0,0,0,0,0,[],UNKNOWN
author_grid_component:7_2_X0000_Y1750_S050,7_2,7_2_X0050_Y1850_S050,2020-08-27,121,491326,491326,0,0,0.0,0,0,0,0,[],UNKNOWN
author_grid_component:7_2_X0000_Y1750_S050,7_2,7_2_X0050_Y1850_S050,2020-09-26,121,469312,469312,0,0,0.0,0,0,0,0,[],UNKNOWN
author_grid_component:7_2_X0000_Y1750_S050,7_2,7_2_X0050_Y1850_S050,2020-10-06,121,494482,494482,0,0,0.0,0,0,0,0,[],UNKNOWN
author_grid_component:7_2_X0000_Y1750_S050,7_2,7_2_X0050_Y1850_S050,2020-10-16,121,493680,493680,0,0,0.0,0,0,0,0,[],UNKNOWN
author_grid_component:7_2_X0000_Y1750_S050,7_2,7_2_X0050_Y1850_S050,2020-11-10,121,491397,491397,0,0,0.0,0,0,0,0,[],UNKNOWN
author_grid_component:7_2_X0000_Y1750_S050,7_2,7_2_X0050_Y1850_S050,2020-11-20,121,494556,494556,0,0,0.0,0,0,0,0,[],UNKNOWN
author_grid_component:7_2_X0000_Y1750_S050,7_2,7_2_X0050_Y1850_S050,2020-12-10,77,249983,249983,0,0,0.0,0,0,0,0,[],UNKNOWN
author_grid_component:7_2_X0000_Y1750_S050,7_2,7_2_X0050_Y1900_S050,2019-02-09,49,146700,146700,0,0,0.0,0,0,0,0,[],UNKNOWN
author_grid_component:7_2_X0000_Y1750_S050,7_2,7_2_X0050_Y1900_S050,2019-03-26,49,151028,151028,0,0,0.0,0,0,0,0,[],UNKNOWN
author_grid_component:7_2_X0000_Y1750_S050,7_2,7_2_X0050_Y1900_S050,2019-05-05,50,153492,153492,0,0,0.0,0,0,0,0,[],UNKNOWN
author_grid_component:7_2_X0000_Y1750_S050,7_2,7_2_X0050_Y1900_S050,2019-07-04,41,113004,113004,0,0,0.0,0,0,0,0,[],UNKNOWN
author_grid_component:7_2_X0000_Y1750_S050,7_2,7_2_X0050_Y1900_S050,2019-07-14,46,142842,123973,18869,0,0.0,0,0,0,0,[],UNKNOWN
author_grid_component:7_2_X0000_Y1750_S050,7_2,7_2_X0050_Y1900_S050,2019-07-24,45,142888,102988,36166,3734,2.6132355411231174,6,1,1,1,['7_2'],UNKNOWN
author_grid_component:7_2_X0000_Y1750_S050,7_2,7_2_X0050_Y1900_S050,2019-08-28,43,137612,107626,29986,0,0.0,0,0,0,0,[],UNKNOWN
author_grid_component:7_2_X0000_Y1750_S050,7_2,7_2_X0050_Y1900_S050,2019-09-02,43,139293,138538,755,0,0.0,0,0,0,0,[],UNKNOWN
author_grid_component:7_2_X0000_Y1750_S050,7_2,7_2_X0050_Y1900_S050,2019-09-22,21,31461,31461,0,0,0.0,0,0,0,0,[],UNKNOWN
author_grid_component:7_2_X0000_Y1750_S050,7_2,7_2_X0050_Y1900_S050,2019-12-21,48,148986,148938,48,0,0.0,0,0,0,0,[],UNKNOWN
author_grid_component:7_2_X0000_Y1750_S050,7_2,7_2_X0050_Y1900_S050,2020-02-19,49,149262,148962,300,0,0.0,0,0,0,0,[],UNKNOWN
author_grid_component:7_2_X0000_Y1750_S050,7_2,7_2_X0050_Y1900_S050,2020-03-15,50,151673,151540,133,0,0.0,0,0,0,0,[],UNKNOWN
author_grid_component:7_2_X0000_Y1750_S050,7_2,7_2_X0050_Y1900_S050,2020-06-18,45,140754,140754,0,0,0.0,0,0,0,0,[],UNKNOWN
author_grid_component:7_2_X0000_Y1750_S050,7_2,7_2_X0050_Y1900_S050,2020-07-03,43,137064,137064,0,0,0.0,0,0,0,0,[],UNKNOWN
author_grid_component:7_2_X0000_Y1750_S050,7_2,7_2_X0050_Y1900_S050,2020-07-08,8,7547,7547,0,0,0.0,0,0,0,0,[],UNKNOWN
author_grid_component:7_2_X0000_Y1750_S050,7_2,7_2_X0050_Y1900_S050,2020-07-28,44,138280,138280,0,0,0.0,0,0,0,0,[],UNKNOWN
author_grid_component:7_2_X0000_Y1750_S050,7_2,7_2_X0050_Y1900_S050,2020-08-07,42,138126,93340,44786,0,0.0,0,0,0,0,[],UNKNOWN
author_grid_component:7_2_X0000_Y1750_S050,7_2,7_2_X0050_Y1900_S050,2020-08-22,43,131978,115307,16671,0,0.0,0,0,0,0,[],UNKNOWN
author_grid_component:7_2_X0000_Y1750_S050,7_2,7_2_X0050_Y1900_S050,2020-08-27,41,122560,112688,9872,0,0.0,0,0,0,0,[],UNKNOWN
author_grid_component:7_2_X0000_Y1750_S050,7_2,7_2_X0050_Y1900_S050,2020-09-26,36,103804,103804,0,0,0.0,0,0,0,0,[],UNKNOWN
author_grid_component:7_2_X0000_Y1750_S050,7_2,7_2_X0050_Y1900_S050,2020-10-06,42,136828,136591,237,0,0.0,0,0,0,0,[],UNKNOWN
author_grid_component:7_2_X0000_Y1750_S050,7_2,7_2_X0050_Y1900_S050,2020-10-16,41,134801,134801,0,0,0.0,0,0,0,0,[],UNKNOWN
author_grid_component:7_2_X0000_Y1750_S050,7_2,7_2_X0050_Y1900_S050,2020-11-10,45,141282,141282,0,0,0.0,0,0,0,0,[],UNKNOWN
author_grid_component:7_2_X0000_Y1750_S050,7_2,7_2_X0050_Y1900_S050,2020-11-20,47,144024,144024,0,0,0.0,0,0,0,0,[],UNKNOWN
author_grid_component:7_2_X0000_Y1750_S050,7_2,7_2_X0050_Y1900_S050,2020-12-10,48,146259,145150,1109,0,0.0,0,0,0,0,[],UNKNOWN
author_grid_component:7_2_X0000_Y1750_S050,7_2,7_2_X0100_Y1850_S050,2019-02-09,119,353532,353532,0,0,0.0,0,0,0,0,[],UNKNOWN
author_grid_component:7_2_X0000_Y1750_S050,7_2,7_2_X0100_Y1850_S050,2019-03-26,111,409154,409154,0,0,0.0,0,0,0,0,[],UNKNOWN
author_grid_component:7_2_X0000_Y1750_S050,7_2,7_2_X0100_Y1850_S050,2019-05-05,116,454422,454422,0,0,0.0,0,0,0,0,[],UNKNOWN
author_grid_component:7_2_X0000_Y1750_S050,7_2,7_2_X0100_Y1850_S050,2019-07-04,121,491929,491929,0,0,0.0,0,0,0,0,[],UNKNOWN
author_grid_component:7_2_X0000_Y1750_S050,7_2,7_2_X0100_Y1850_S050,2019-07-14,121,487665,487665,0,0,0.0,0,0,0,0,[],UNKNOWN
author_grid_component:7_2_X0000_Y1750_S050,7_2,7_2_X0100_Y1850_S050,2019-07-24,121,495538,495538,0,0,0.0,0,0,0,0,[],UNKNOWN
author_grid_component:7_2_X0000_Y1750_S050,7_2,7_2_X0100_Y1850_S050,2019-08-28,121,494388,403617,90771,0,0.0,0,0,0,0,[],UNKNOWN
author_grid_component:7_2_X0000_Y1750_S050,7_2,7_2_X0100_Y1850_S050,2019-09-02,121,493551,409933,83618,0,0.0,0,0,0,0,[],UNKNOWN
author_grid_component:7_2_X0000_Y1750_S050,7_2,7_2_X0100_Y1850_S050,2019-09-22,32,93164,93164,0,0,0.0,0,0,0,0,[],UNKNOWN
author_grid_component:7_2_X0000_Y1750_S050,7_2,7_2_X0100_Y1850_S050,2019-12-21,108,395161,395161,0,0,0.0,0,0,0,0,[],UNKNOWN
author_grid_component:7_2_X0000_Y1750_S050,7_2,7_2_X0100_Y1850_S050,2020-02-19,88,283807,283807,0,0,0.0,0,0,0,0,[],UNKNOWN
author_grid_component:7_2_X0000_Y1750_S050,7_2,7_2_X0100_Y1850_S050,2020-03-15,121,495339,495339,0,0,0.0,0,0,0,0,[],UNKNOWN
author_grid_component:7_2_X0000_Y1750_S050,7_2,7_2_X0100_Y1850_S050,2020-06-18,121,444893,444893,0,0,0.0,0,0,0,0,[],UNKNOWN
author_grid_component:7_2_X0000_Y1750_S050,7_2,7_2_X0100_Y1850_S050,2020-07-03,121,474019,474019,0,0,0.0,0,0,0,0,[],UNKNOWN
author_grid_component:7_2_X0000_Y1750_S050,7_2,7_2_X0100_Y1850_S050,2020-07-08,55,185909,185909,0,0,0.0,0,0,0,0,[],UNKNOWN
author_grid_component:7_2_X0000_Y1750_S050,7_2,7_2_X0100_Y1850_S050,2020-07-28,121,487014,487014,0,0,0.0,0,0,0,0,[],UNKNOWN
author_grid_component:7_2_X0000_Y1750_S050,7_2,7_2_X0100_Y1850_S050,2020-08-07,121,495563,492631,2932,0,0.0,0,0,0,0,[],UNKNOWN
author_grid_component:7_2_X0000_Y1750_S050,7_2,7_2_X0100_Y1850_S050,2020-08-22,121,495522,495501,21,0,0.0,0,0,0,0,[],UNKNOWN
author_grid_component:7_2_X0000_Y1750_S050,7_2,7_2_X0100_Y1850_S050,2020-08-27,121,495151,495151,0,0,0.0,0,0,0,0,[],UNKNOWN
author_grid_component:7_2_X0000_Y1750_S050,7_2,7_2_X0100_Y1850_S050,2020-09-26,121,492419,492419,0,0,0.0,0,0,0,0,[],UNKNOWN
author_grid_component:7_2_X0000_Y1750_S050,7_2,7_2_X0100_Y1850_S050,2020-10-06,111,320150,320150,0,0,0.0,0,0,0,0,[],UNKNOWN
author_grid_component:7_2_X0000_Y1750_S050,7_2,7_2_X0100_Y1850_S050,2020-10-16,121,495011,495011,0,0,0.0,0,0,0,0,[],UNKNOWN
author_grid_component:7_2_X0000_Y1750_S050,7_2,7_2_X0100_Y1850_S050,2020-11-10,81,269882,269882,0,0,0.0,0,0,0,0,[],UNKNOWN
author_grid_component:7_2_X0000_Y1750_S050,7_2,7_2_X0100_Y1850_S050,2020-11-20,83,238957,238957,0,0,0.0,0,0,0,0,[],UNKNOWN
author_grid_component:7_2_X0000_Y1750_S050,7_2,7_2_X0100_Y1850_S050,2020-12-10,85,276707,276707,0,0,0.0,0,0,0,0,[],UNKNOWN
author_grid_component:7_2_X0000_Y1750_S050,7_2,7_2_X0100_Y1900_S050,2019-02-09,105,334772,334772,0,0,0.0,0,0,0,0,[],UNKNOWN
author_grid_component:7_2_X0000_Y1750_S050,7_2,7_2_X0100_Y1900_S050,2019-03-26,106,361483,361436,47,0,0.0,0,0,0,0,[],UNKNOWN
author_grid_component:7_2_X0000_Y1750_S050,7_2,7_2_X0100_Y1900_S050,2019-05-05,106,363582,363582,0,0,0.0,0,0,0,0,[],UNKNOWN
author_grid_component:7_2_X0000_Y1750_S050,7_2,7_2_X0100_Y1900_S050,2019-07-04,89,305150,305150,0,0,0.0,0,0,0,0,[],UNKNOWN
author_grid_component:7_2_X0000_Y1750_S050,7_2,7_2_X0100_Y1900_S050,2019-07-14,101,355595,355508,30,57,0.0160294717304799,1,1,1,1,['7_2'],UNKNOWN
author_grid_component:7_2_X0000_Y1750_S050,7_2,7_2_X0100_Y1900_S050,2019-07-24,101,355260,355171,0,89,0.025052074536958846,1,1,1,1,['7_2'],UNKNOWN
author_grid_component:7_2_X0000_Y1750_S050,7_2,7_2_X0100_Y1900_S050,2019-08-28,101,353226,150807,202419,0,0.0,0,0,0,0,[],UNKNOWN
author_grid_component:7_2_X0000_Y1750_S050,7_2,7_2_X0100_Y1900_S050,2019-09-02,99,351945,330668,21277,0,0.0,0,0,0,0,[],UNKNOWN
author_grid_component:7_2_X0000_Y1750_S050,7_2,7_2_X0100_Y1900_S050,2019-09-22,24,45569,45289,280,0,0.0,0,0,0,0,[],UNKNOWN
author_grid_component:7_2_X0000_Y1750_S050,7_2,7_2_X0100_Y1900_S050,2019-12-21,104,359447,359447,0,0,0.0,0,0,0,0,[],UNKNOWN
author_grid_component:7_2_X0000_Y1750_S050,7_2,7_2_X0100_Y1900_S050,2020-02-19,106,361281,361042,239,0,0.0,0,0,0,0,[],UNKNOWN
author_grid_component:7_2_X0000_Y1750_S050,7_2,7_2_X0100_Y1900_S050,2020-03-15,97,324237,324237,0,0,0.0,0,0,0,0,[],UNKNOWN
author_grid_component:7_2_X0000_Y1750_S050,7_2,7_2_X0100_Y1900_S050,2020-06-18,100,352903,352903,0,0,0.0,0,0,0,0,[],UNKNOWN
author_grid_component:7_2_X0000_Y1750_S050,7_2,7_2_X0100_Y1900_S050,2020-07-03,100,353424,353424,0,0,0.0,0,0,0,0,[],UNKNOWN
author_grid_component:7_2_X0000_Y1750_S050,7_2,7_2_X0100_Y1900_S050,2020-07-08,53,156368,156368,0,0,0.0,0,0,0,0,[],UNKNOWN
author_grid_component:7_2_X0000_Y1750_S050,7_2,7_2_X0100_Y1900_S050,2020-07-28,99,337623,337623,0,0,0.0,0,0,0,0,[],UNKNOWN
author_grid_component:7_2_X0000_Y1750_S050,7_2,7_2_X0100_Y1900_S050,2020-08-07,101,356346,355139,1207,0,0.0,0,0,0,0,[],UNKNOWN
author_grid_component:7_2_X0000_Y1750_S050,7_2,7_2_X0100_Y1900_S050,2020-08-22,101,350976,341609,9367,0,0.0,0,0,0,0,[],UNKNOWN
author_grid_component:7_2_X0000_Y1750_S050,7_2,7_2_X0100_Y1900_S050,2020-08-27,100,351735,321479,30256,0,0.0,0,0,0,0,[],UNKNOWN
author_grid_component:7_2_X0000_Y1750_S050,7_2,7_2_X0100_Y1900_S050,2020-09-26,101,344036,344036,0,0,0.0,0,0,0,0,[],UNKNOWN
author_grid_component:7_2_X0000_Y1750_S050,7_2,7_2_X0100_Y1900_S050,2020-10-06,96,350920,350920,0,0,0.0,0,0,0,0,[],UNKNOWN
author_grid_component:7_2_X0000_Y1750_S050,7_2,7_2_X0100_Y1900_S050,2020-10-16,99,353270,353270,0,0,0.0,0,0,0,0,[],UNKNOWN
author_grid_component:7_2_X0000_Y1750_S050,7_2,7_2_X0100_Y1900_S050,2020-11-10,102,357477,357368,109,0,0.0,0,0,0,0,[],UNKNOWN
author_grid_component:7_2_X0000_Y1750_S050,7_2,7_2_X0100_Y1900_S050,2020-11-20,102,359021,359021,0,0,0.0,0,0,0,0,[],UNKNOWN
author_grid_component:7_2_X0000_Y1750_S050,7_2,7_2_X0100_Y1900_S050,2020-12-10,103,359159,359159,0,0,0.0,0,0,0,0,[],UNKNOWN
author_grid_component:7_2_X0000_Y1750_S050,7_2,7_2_X0150_Y1900_S050,2019-02-09,99,293260,293260,0,0,0.0,0,0,0,0,[],UNKNOWN
author_grid_component:7_2_X0000_Y1750_S050,7_2,7_2_X0150_Y1900_S050,2019-03-26,102,333974,333974,0,0,0.0,0,0,0,0,[],UNKNOWN
author_grid_component:7_2_X0000_Y1750_S050,7_2,7_2_X0150_Y1900_S050,2019-05-05,101,326592,326592,0,0,0.0,0,0,0,0,[],UNKNOWN
author_grid_component:7_2_X0000_Y1750_S050,7_2,7_2_X0150_Y1900_S050,2019-07-04,87,253635,253635,0,0,0.0,0,0,0,0,[],UNKNOWN
author_grid_component:7_2_X0000_Y1750_S050,7_2,7_2_X0150_Y1900_S050,2019-07-14,102,324344,293167,31177,0,0.0,0,0,0,0,[],UNKNOWN
author_grid_component:7_2_X0000_Y1750_S050,7_2,7_2_X0150_Y1900_S050,2019-07-24,100,314977,305305,9672,0,0.0,0,0,0,0,[],UNKNOWN
author_grid_component:7_2_X0000_Y1750_S050,7_2,7_2_X0150_Y1900_S050,2019-08-28,100,322911,287566,35345,0,0.0,0,0,0,0,[],UNKNOWN
author_grid_component:7_2_X0000_Y1750_S050,7_2,7_2_X0150_Y1900_S050,2019-09-02,101,322547,294953,27594,0,0.0,0,0,0,0,[],UNKNOWN
author_grid_component:7_2_X0000_Y1750_S050,7_2,7_2_X0150_Y1900_S050,2019-09-22,18,22227,19769,2458,0,0.0,0,0,0,0,[],UNKNOWN
author_grid_component:7_2_X0000_Y1750_S050,7_2,7_2_X0150_Y1900_S050,2019-12-21,101,331081,331081,0,0,0.0,0,0,0,0,[],UNKNOWN
author_grid_component:7_2_X0000_Y1750_S050,7_2,7_2_X0150_Y1900_S050,2020-02-19,102,333377,333377,0,0,0.0,0,0,0,0,[],UNKNOWN
author_grid_component:7_2_X0000_Y1750_S050,7_2,7_2_X0150_Y1900_S050,2020-03-15,96,300876,300876,0,0,0.0,0,0,0,0,[],UNKNOWN
author_grid_component:7_2_X0000_Y1750_S050,7_2,7_2_X0150_Y1900_S050,2020-06-18,95,279081,279081,0,0,0.0,0,0,0,0,[],UNKNOWN
author_grid_component:7_2_X0000_Y1750_S050,7_2,7_2_X0150_Y1900_S050,2020-07-03,102,326223,323747,2476,0,0.0,0,0,0,0,[],UNKNOWN
author_grid_component:7_2_X0000_Y1750_S050,7_2,7_2_X0150_Y1900_S050,2020-07-08,69,205220,203753,1467,0,0.0,0,0,0,0,[],UNKNOWN
author_grid_component:7_2_X0000_Y1750_S050,7_2,7_2_X0150_Y1900_S050,2020-07-28,100,303233,300883,2350,0,0.0,0,0,0,0,[],UNKNOWN
author_grid_component:7_2_X0000_Y1750_S050,7_2,7_2_X0150_Y1900_S050,2020-08-07,102,319193,295799,23394,0,0.0,0,0,0,0,[],UNKNOWN
author_grid_component:7_2_X0000_Y1750_S050,7_2,7_2_X0150_Y1900_S050,2020-08-22,101,318306,277392,40914,0,0.0,0,0,0,0,[],UNKNOWN
author_grid_component:7_2_X0000_Y1750_S050,7_2,7_2_X0150_Y1900_S050,2020-08-27,91,276691,276691,0,0,0.0,0,0,0,0,[],UNKNOWN
author_grid_component:7_2_X0000_Y1750_S050,7_2,7_2_X0150_Y1900_S050,2020-09-26,102,322166,321923,243,0,0.0,0,0,0,0,[],UNKNOWN
author_grid_component:7_2_X0000_Y1750_S050,7_2,7_2_X0150_Y1900_S050,2020-10-06,97,317673,317210,463,0,0.0,0,0,0,0,[],UNKNOWN
author_grid_component:7_2_X0000_Y1750_S050,7_2,7_2_X0150_Y1900_S050,2020-10-16,97,317342,317342,0,0,0.0,0,0,0,0,[],UNKNOWN
author_grid_component:7_2_X0000_Y1750_S050,7_2,7_2_X0150_Y1900_S050,2020-11-10,102,330979,330979,0,0,0.0,0,0,0,0,[],UNKNOWN
author_grid_component:7_2_X0000_Y1750_S050,7_2,7_2_X0150_Y1900_S050,2020-11-20,102,333246,333157,89,0,0.0,0,0,0,0,[],UNKNOWN
author_grid_component:7_2_X0000_Y1750_S050,7_2,7_2_X0150_Y1900_S050,2020-12-10,101,321797,321315,482,0,0.0,0,0,0,0,[],UNKNOWN
author_grid_component:7_2_X0000_Y1750_S050,7_2,7_2_X0150_Y1950_S050,2019-01-05,50,159447,159447,0,0,0.0,0,0,0,0,[],UNKNOWN
author_grid_component:7_2_X0000_Y1750_S050,7_2,7_2_X0150_Y1950_S050,2019-03-26,51,160908,160908,0,0,0.0,0,0,0,0,[],UNKNOWN
author_grid_component:7_2_X0000_Y1750_S050,7_2,7_2_X0150_Y1950_S050,2019-07-09,48,157761,153116,4645,0,0.0,0,0,0,0,[],UNKNOWN
author_grid_component:7_2_X0000_Y1750_S050,7_2,7_2_X0150_Y1950_S050,2019-08-28,48,154757,54263,100494,0,0.0,0,0,0,0,[],UNKNOWN
author_grid_component:7_2_X0000_Y1750_S050,7_2,7_2_X0150_Y1950_S050,2019-09-22,5,3250,597,2653,0,0.0,0,0,0,0,[],UNKNOWN
author_grid_component:7_2_X0000_Y1750_S050,7_2,7_2_X0150_Y1950_S050,2019-09-27,50,159859,11597,148262,0,0.0,0,0,0,0,[],UNKNOWN
author_grid_component:7_2_X0000_Y1750_S050,7_2,7_2_X0150_Y1950_S050,2019-10-12,49,159185,14106,145079,0,0.0,0,0,0,0,[],UNKNOWN
author_grid_component:7_2_X0000_Y1750_S050,7_2,7_2_X0150_Y1950_S050,2019-12-01,48,156166,156166,0,0,0.0,0,0,0,0,[],UNKNOWN
author_grid_component:7_2_X0000_Y1750_S050,7_2,7_2_X0150_Y1950_S050,2020-02-19,50,160390,160390,0,0,0.0,0,0,0,0,[],UNKNOWN
author_grid_component:7_2_X0000_Y1750_S050,7_2,7_2_X0150_Y1950_S050,2020-06-08,49,160265,159700,565,0,0.0,0,0,0,0,[],UNKNOWN
author_grid_component:7_2_X0000_Y1750_S050,7_2,7_2_X0150_Y1950_S050,2020-07-08,28,82059,80567,1492,0,0.0,0,0,0,0,[],UNKNOWN
author_grid_component:7_2_X0000_Y1750_S050,7_2,7_2_X0150_Y1950_S050,2020-07-18,50,160261,142447,17814,0,0.0,0,0,0,0,[],UNKNOWN
author_grid_component:7_2_X0000_Y1750_S050,7_2,7_2_X0150_Y1950_S050,2020-07-28,49,155502,112562,42940,0,0.0,0,0,0,0,[],UNKNOWN
author_grid_component:7_2_X0000_Y1750_S050,7_2,7_2_X0150_Y1950_S050,2020-08-22,49,157842,27721,130121,0,0.0,0,0,0,0,[],UNKNOWN
author_grid_component:7_2_X0000_Y1750_S050,7_2,7_2_X0150_Y1950_S050,2020-09-16,45,96770,94217,2553,0,0.0,0,0,0,0,[],UNKNOWN
author_grid_component:7_2_X0000_Y1750_S050,7_2,7_2_X0150_Y1950_S050,2020-09-21,49,160423,139866,20557,0,0.0,0,0,0,0,[],UNKNOWN
author_grid_component:7_2_X0000_Y1750_S050,7_2,7_2_X0150_Y1950_S050,2020-10-16,48,155572,155572,0,0,0.0,0,0,0,0,[],UNKNOWN
author_grid_component:7_2_X0000_Y1750_S050,7_2,7_2_X0150_Y1950_S050,2020-10-31,48,143540,143540,0,0,0.0,0,0,0,0,[],UNKNOWN
author_grid_component:7_2_X0000_Y1750_S050,7_2,7_2_X0150_Y1950_S050,2020-11-10,50,159218,159218,0,0,0.0,0,0,0,0,[],UNKNOWN
author_grid_component:7_2_X0000_Y1750_S050,7_2,7_2_X0150_Y1950_S050,2020-12-10,51,156686,153088,3598,0,0.0,0,0,0,0,[],UNKNOWN
author_grid_component:7_2_X0000_Y1750_S050,7_2,7_2_X0200_Y1950_S050,2019-01-05,39,129268,129268,0,0,0.0,0,0,0,0,[],UNKNOWN
author_grid_component:7_2_X0000_Y1750_S050,7_2,7_2_X0200_Y1950_S050,2019-03-26,39,129264,129264,0,0,0.0,0,0,0,0,[],UNKNOWN
author_grid_component:7_2_X0000_Y1750_S050,7_2,7_2_X0200_Y1950_S050,2019-07-09,37,104981,76415,28566,0,0.0,0,0,0,0,[],UNKNOWN
author_grid_component:7_2_X0000_Y1750_S050,7_2,7_2_X0200_Y1950_S050,2019-08-28,39,117832,105664,12168,0,0.0,0,0,0,0,[],UNKNOWN
author_grid_component:7_2_X0000_Y1750_S050,7_2,7_2_X0200_Y1950_S050,2019-09-22,37,108606,74294,34312,0,0.0,0,0,0,0,[],UNKNOWN
author_grid_component:7_2_X0000_Y1750_S050,7_2,7_2_X0200_Y1950_S050,2019-09-27,39,124677,96263,28414,0,0.0,0,0,0,0,[],UNKNOWN
author_grid_component:7_2_X0000_Y1750_S050,7_2,7_2_X0200_Y1950_S050,2019-10-12,39,126245,109222,17023,0,0.0,0,0,0,0,[],UNKNOWN
author_grid_component:7_2_X0000_Y1750_S050,7_2,7_2_X0200_Y1950_S050,2019-12-01,39,124043,124043,0,0,0.0,0,0,0,0,[],UNKNOWN
author_grid_component:7_2_X0000_Y1750_S050,7_2,7_2_X0200_Y1950_S050,2020-02-19,39,129007,129007,0,0,0.0,0,0,0,0,[],UNKNOWN
author_grid_component:7_2_X0000_Y1750_S050,7_2,7_2_X0200_Y1950_S050,2020-06-08,39,127321,121289,6032,0,0.0,0,0,0,0,[],UNKNOWN
author_grid_component:7_2_X0000_Y1750_S050,7_2,7_2_X0200_Y1950_S050,2020-07-08,7,10374,10374,0,0,0.0,0,0,0,0,[],UNKNOWN
author_grid_component:7_2_X0000_Y1750_S050,7_2,7_2_X0200_Y1950_S050,2020-07-18,39,124309,124309,0,0,0.0,0,0,0,0,[],UNKNOWN
author_grid_component:7_2_X0000_Y1750_S050,7_2,7_2_X0200_Y1950_S050,2020-07-28,39,111387,111387,0,0,0.0,0,0,0,0,[],UNKNOWN
author_grid_component:7_2_X0000_Y1750_S050,7_2,7_2_X0200_Y1950_S050,2020-08-22,39,122544,120834,1710,0,0.0,0,0,0,0,[],UNKNOWN
author_grid_component:7_2_X0000_Y1750_S050,7_2,7_2_X0200_Y1950_S050,2020-09-16,20,32762,32480,282,0,0.0,0,0,0,0,[],UNKNOWN
author_grid_component:7_2_X0000_Y1750_S050,7_2,7_2_X0200_Y1950_S050,2020-09-21,39,127775,121888,5887,0,0.0,0,0,0,0,[],UNKNOWN
author_grid_component:7_2_X0000_Y1750_S050,7_2,7_2_X0200_Y1950_S050,2020-10-16,38,120674,120674,0,0,0.0,0,0,0,0,[],UNKNOWN
author_grid_component:7_2_X0000_Y1750_S050,7_2,7_2_X0200_Y1950_S050,2020-10-31,39,122671,122671,0,0,0.0,0,0,0,0,[],UNKNOWN
author_grid_component:7_2_X0000_Y1750_S050,7_2,7_2_X0200_Y1950_S050,2020-11-10,39,127457,127457,0,0,0.0,0,0,0,0,[],UNKNOWN
author_grid_component:7_2_X0000_Y1750_S050,7_2,7_2_X0200_Y1950_S050,2020-12-10,39,128107,128107,0,0,0.0,0,0,0,0,[],UNKNOWN
author_grid_component:7_2_X0800_Y1800_S050,7_2,7_2_X0800_Y1800_S050,2019-02-01,1,0,0,0,0,,0,0,0,0,[],UNKNOWN
author_grid_component:7_2_X0800_Y1800_S050,7_2,7_2_X0800_Y1800_S050,2019-05-27,4,10417,10327,90,0,0.0,0,0,0,0,[],UNKNOWN
author_grid_component:7_2_X0800_Y1800_S050,7_2,7_2_X0800_Y1800_S050,2019-06-11,4,9079,9079,0,0,0.0,0,0,0,0,[],UNKNOWN
author_grid_component:7_2_X0800_Y1800_S050,7_2,7_2_X0800_Y1800_S050,2019-06-21,4,9689,9689,0,0,0.0,0,0,0,0,[],UNKNOWN
author_grid_component:7_2_X0800_Y1800_S050,7_2,7_2_X0800_Y1800_S050,2019-07-26,4,5183,2883,2300,0,0.0,0,0,0,0,[],UNKNOWN
author_grid_component:7_2_X0800_Y1800_S050,7_2,7_2_X0800_Y1800_S050,2019-08-05,4,10968,2739,8229,0,0.0,0,0,0,0,[],UNKNOWN
author_grid_component:7_2_X0800_Y1800_S050,7_2,7_2_X0800_Y1800_S050,2019-08-20,4,12278,6841,5437,0,0.0,0,0,0,0,[],UNKNOWN
author_grid_component:7_2_X0800_Y1800_S050,7_2,7_2_X0800_Y1800_S050,2019-09-19,4,9177,3319,5858,0,0.0,0,0,0,0,[],UNKNOWN
author_grid_component:7_2_X0800_Y1800_S050,7_2,7_2_X0800_Y1800_S050,2019-10-19,4,10170,6397,3773,0,0.0,0,0,0,0,[],UNKNOWN
author_grid_component:7_2_X0800_Y1800_S050,7_2,7_2_X0800_Y1800_S050,2020-04-06,4,8291,8291,0,0,0.0,0,0,0,0,[],UNKNOWN
author_grid_component:7_2_X0800_Y1800_S050,7_2,7_2_X0800_Y1800_S050,2020-04-11,4,10325,10325,0,0,0.0,0,0,0,0,[],UNKNOWN
author_grid_component:7_2_X0800_Y1800_S050,7_2,7_2_X0800_Y1800_S050,2020-05-26,4,5596,5596,0,0,0.0,0,0,0,0,[],UNKNOWN
author_grid_component:7_2_X0800_Y1800_S050,7_2,7_2_X0800_Y1800_S050,2020-06-30,4,5709,5709,0,0,0.0,0,0,0,0,[],UNKNOWN
author_grid_component:7_2_X0800_Y1800_S050,7_2,7_2_X0800_Y1800_S050,2020-07-10,4,7401,6065,1336,0,0.0,0,0,0,0,[],UNKNOWN
author_grid_component:7_2_X0800_Y1800_S050,7_2,7_2_X0800_Y1800_S050,2020-09-23,4,11800,4547,7253,0,0.0,0,0,0,0,[],UNKNOWN
author_grid_component:7_2_X0800_Y1800_S050,7_2,7_2_X0800_Y1800_S050,2020-10-13,4,9222,6978,2244,0,0.0,0,0,0,0,[],UNKNOWN
author_grid_component:7_2_X1050_Y1550_S050,7_2,7_2_X1050_Y1550_S050,2019-04-22,22,48042,48042,0,0,0.0,0,0,0,0,[],UNKNOWN
author_grid_component:7_2_X1050_Y1550_S050,7_2,7_2_X1050_Y1550_S050,2019-05-27,22,52320,52320,0,0,0.0,0,0,0,0,[],UNKNOWN
author_grid_component:7_2_X1050_Y1550_S050,7_2,7_2_X1050_Y1550_S050,2019-06-11,16,30281,30281,0,0,0.0,0,0,0,0,[],UNKNOWN
author_grid_component:7_2_X1050_Y1550_S050,7_2,7_2_X1050_Y1550_S050,2019-09-19,22,50672,12979,37693,0,0.0,0,0,0,0,[],UNKNOWN
author_grid_component:7_2_X1050_Y1550_S050,7_2,7_2_X1050_Y1550_S050,2019-10-09,23,56672,13446,42994,232,0.409373235460192,4,1,1,1,['7_2'],UNKNOWN
author_grid_component:7_2_X1050_Y1550_S050,7_2,7_2_X1050_Y1550_S050,2019-10-19,22,56927,11746,45181,0,0.0,0,0,0,0,[],UNKNOWN
author_grid_component:7_2_X1050_Y1550_S050,7_2,7_2_X1050_Y1550_S050,2019-10-29,21,38487,36015,2472,0,0.0,0,0,0,0,[],UNKNOWN
author_grid_component:7_2_X1050_Y1550_S050,7_2,7_2_X1050_Y1550_S050,2020-03-22,22,54026,54026,0,0,0.0,0,0,0,0,[],UNKNOWN
author_grid_component:7_2_X1050_Y1550_S050,7_2,7_2_X1050_Y1550_S050,2020-04-06,22,51615,51615,0,0,0.0,0,0,0,0,[],UNKNOWN
author_grid_component:7_2_X1050_Y1550_S050,7_2,7_2_X1050_Y1550_S050,2020-05-21,23,55568,55568,0,0,0.0,0,0,0,0,[],UNKNOWN
author_grid_component:7_2_X1050_Y1550_S050,7_2,7_2_X1050_Y1550_S050,2020-05-26,9,8707,8707,0,0,0.0,0,0,0,0,[],UNKNOWN
author_grid_component:7_2_X1050_Y1550_S050,7_2,7_2_X1050_Y1550_S050,2020-07-10,17,33581,32684,897,0,0.0,0,0,0,0,[],UNKNOWN
author_grid_component:7_2_X1050_Y1550_S050,7_2,7_2_X1050_Y1550_S050,2020-09-23,18,30311,831,29480,0,0.0,0,0,0,0,[],UNKNOWN
author_grid_component:7_2_X1050_Y1550_S050,7_2,7_2_X1050_Y1550_S050,2020-10-23,23,54244,47334,6910,0,0.0,0,0,0,0,[],UNKNOWN
author_grid_component:7_2_X1900_Y0950_S050,7_2,7_2_X1900_Y0950_S050,2019-03-20,1,0,0,0,0,,0,0,0,0,[],UNKNOWN
author_grid_component:7_2_X1900_Y0950_S050,7_2,7_2_X1900_Y0950_S050,2019-05-19,4,4331,4331,0,0,0.0,0,0,0,0,[],UNKNOWN
author_grid_component:7_2_X1900_Y0950_S050,7_2,7_2_X1900_Y0950_S050,2019-06-23,4,6852,6852,0,0,0.0,0,0,0,0,[],UNKNOWN
author_grid_component:7_2_X1900_Y0950_S050,7_2,7_2_X1900_Y0950_S050,2019-07-08,1,0,0,0,0,,0,0,0,0,[],UNKNOWN
author_grid_component:7_2_X1900_Y0950_S050,7_2,7_2_X1900_Y0950_S050,2019-07-25,4,10751,10751,0,0,0.0,0,0,0,0,[],UNKNOWN
author_grid_component:7_2_X1900_Y0950_S050,7_2,7_2_X1900_Y0950_S050,2019-09-16,4,12949,12893,56,0,0.0,0,0,0,0,[],UNKNOWN
author_grid_component:7_2_X1900_Y0950_S050,7_2,7_2_X1900_Y0950_S050,2019-10-13,4,16112,16112,0,0,0.0,0,0,0,0,[],UNKNOWN
author_grid_component:7_2_X1900_Y0950_S050,7_2,7_2_X1900_Y0950_S050,2019-12-20,4,16199,16199,0,0,0.0,0,0,0,0,[],UNKNOWN
author_grid_component:7_2_X1900_Y0950_S050,7_2,7_2_X1900_Y0950_S050,2020-05-13,4,16384,16384,0,0,0.0,0,0,0,0,[],UNKNOWN
author_grid_component:7_2_X1900_Y0950_S050,7_2,7_2_X1900_Y0950_S050,2020-06-17,4,11933,11933,0,0,0.0,0,0,0,0,[],UNKNOWN
author_grid_component:7_2_X1900_Y0950_S050,7_2,7_2_X1900_Y0950_S050,2020-07-02,4,14087,14087,0,0,0.0,0,0,0,0,[],UNKNOWN
author_grid_component:7_2_X1900_Y0950_S050,7_2,7_2_X1900_Y0950_S050,2020-07-19,4,12403,12403,0,0,0.0,0,0,0,0,[],UNKNOWN
author_grid_component:7_2_X1900_Y0950_S050,7_2,7_2_X1900_Y0950_S050,2020-08-21,4,14252,10562,3690,0,0.0,0,0,0,0,[],UNKNOWN
author_grid_component:7_2_X1900_Y0950_S050,7_2,7_2_X1900_Y0950_S050,2020-09-20,4,13052,13052,0,0,0.0,0,0,0,0,[],UNKNOWN
author_grid_component:7_2_X1900_Y0950_S050,7_2,7_2_X1900_Y0950_S050,2020-09-25,4,16384,16384,0,0,0.0,0,0,0,0,[],UNKNOWN
author_grid_component:7_2_X1900_Y0950_S050,7_2,7_2_X1900_Y0950_S050,2020-10-17,4,13768,13768,0,0,0.0,0,0,0,0,[],UNKNOWN
author_grid_component:7_2_X1900_Y0950_S050,7_2,7_2_X1950_Y0950_S050,2019-03-20,1,0,0,0,0,,0,0,0,0,[],UNKNOWN
author_grid_component:7_2_X1900_Y0950_S050,7_2,7_2_X1950_Y0950_S050,2019-05-19,4,10468,10468,0,0,0.0,0,0,0,0,[],UNKNOWN
author_grid_component:7_2_X1900_Y0950_S050,7_2,7_2_X1950_Y0950_S050,2019-06-23,1,0,0,0,0,,0,0,0,0,[],UNKNOWN
author_grid_component:7_2_X1900_Y0950_S050,7_2,7_2_X1950_Y0950_S050,2019-07-08,1,0,0,0,0,,0,0,0,0,[],UNKNOWN
author_grid_component:7_2_X1900_Y0950_S050,7_2,7_2_X1950_Y0950_S050,2019-07-25,4,10353,944,9409,0,0.0,0,0,0,0,[],UNKNOWN
author_grid_component:7_2_X1900_Y0950_S050,7_2,7_2_X1950_Y0950_S050,2019-09-16,4,12087,11244,843,0,0.0,0,0,0,0,[],UNKNOWN
author_grid_component:7_2_X1900_Y0950_S050,7_2,7_2_X1950_Y0950_S050,2019-10-13,4,10948,10948,0,0,0.0,0,0,0,0,[],UNKNOWN
author_grid_component:7_2_X1900_Y0950_S050,7_2,7_2_X1950_Y0950_S050,2019-12-20,4,14318,14318,0,0,0.0,0,0,0,0,[],UNKNOWN
author_grid_component:7_2_X1900_Y0950_S050,7_2,7_2_X1950_Y0950_S050,2020-05-13,4,11527,11527,0,0,0.0,0,0,0,0,[],UNKNOWN
author_grid_component:7_2_X1900_Y0950_S050,7_2,7_2_X1950_Y0950_S050,2020-06-17,4,3366,3366,0,0,0.0,0,0,0,0,[],UNKNOWN
author_grid_component:7_2_X1900_Y0950_S050,7_2,7_2_X1950_Y0950_S050,2020-07-02,4,5977,5977,0,0,0.0,0,0,0,0,[],UNKNOWN
author_grid_component:7_2_X1900_Y0950_S050,7_2,7_2_X1950_Y0950_S050,2020-07-19,4,12031,12031,0,0,0.0,0,0,0,0,[],UNKNOWN
author_grid_component:7_2_X1900_Y0950_S050,7_2,7_2_X1950_Y0950_S050,2020-08-21,4,16082,13350,2732,0,0.0,0,0,0,0,[],UNKNOWN
author_grid_component:7_2_X1900_Y0950_S050,7_2,7_2_X1950_Y0950_S050,2020-09-20,4,10636,10636,0,0,0.0,0,0,0,0,[],UNKNOWN
author_grid_component:7_2_X1900_Y0950_S050,7_2,7_2_X1950_Y0950_S050,2020-09-25,4,9637,9637,0,0,0.0,0,0,0,0,[],UNKNOWN
author_grid_component:7_2_X1900_Y0950_S050,7_2,7_2_X1950_Y0950_S050,2020-10-17,4,10785,10785,0,0,0.0,0,0,0,0,[],UNKNOWN
author_grid_component:7_5_X0600_Y0350_S050,7_5,7_5_X0600_Y0350_S050,2019-01-17,4,8396,8396,0,0,0.0,0,0,0,0,[],UNKNOWN
author_grid_component:7_5_X0600_Y0350_S050,7_5,7_5_X0600_Y0350_S050,2019-04-22,4,5343,5343,0,0,0.0,0,0,0,0,[],UNKNOWN
author_grid_component:7_5_X0600_Y0350_S050,7_5,7_5_X0600_Y0350_S050,2019-05-27,4,15734,13694,2040,0,0.0,0,0,0,0,[],UNKNOWN
author_grid_component:7_5_X0600_Y0350_S050,7_5,7_5_X0600_Y0350_S050,2019-09-29,4,13292,11219,2073,0,0.0,0,0,0,0,[],UNKNOWN
author_grid_component:7_5_X0600_Y0350_S050,7_5,7_5_X0600_Y0350_S050,2019-10-04,4,15227,8340,6887,0,0.0,0,0,0,0,[],UNKNOWN
author_grid_component:7_5_X0600_Y0350_S050,7_5,7_5_X0600_Y0350_S050,2019-11-18,4,9766,9675,91,0,0.0,0,0,0,0,[],UNKNOWN
author_grid_component:7_5_X0600_Y0350_S050,7_5,7_5_X0600_Y0350_S050,2020-03-07,1,0,0,0,0,,0,0,0,0,[],UNKNOWN
author_grid_component:7_5_X0600_Y0350_S050,7_5,7_5_X0600_Y0350_S050,2020-04-01,4,11641,10903,738,0,0.0,0,0,0,0,[],UNKNOWN
author_grid_component:7_5_X0600_Y0350_S050,7_5,7_5_X0600_Y0350_S050,2020-05-11,4,8066,7622,444,0,0.0,0,0,0,0,[],UNKNOWN
author_grid_component:7_5_X0600_Y0350_S050,7_5,7_5_X0600_Y0350_S050,2020-06-30,4,11949,11287,662,0,0.0,0,0,0,0,[],UNKNOWN
author_grid_component:7_5_X0600_Y0350_S050,7_5,7_5_X0600_Y0350_S050,2020-07-20,1,0,0,0,0,,0,0,0,0,[],UNKNOWN
author_grid_component:7_5_X0600_Y0350_S050,7_5,7_5_X0600_Y0350_S050,2020-09-08,1,0,0,0,0,,0,0,0,0,[],UNKNOWN
author_grid_component:7_5_X0600_Y0350_S050,7_5,7_5_X0600_Y0350_S050,2020-09-18,4,15449,13102,2347,0,0.0,0,0,0,0,[],UNKNOWN
author_grid_component:7_5_X0600_Y0350_S050,7_5,7_5_X0600_Y0350_S050,2020-10-13,4,10418,10250,168,0,0.0,0,0,0,0,[],UNKNOWN
author_grid_component:7_5_X0600_Y0350_S050,7_5,7_5_X0600_Y0350_S050,2020-10-18,4,13179,12647,532,0,0.0,0,0,0,0,[],UNKNOWN
author_grid_component:7_5_X0600_Y0350_S050,7_5,7_5_X0600_Y0350_S050,2020-11-22,4,15661,15562,99,0,0.0,0,0,0,0,[],UNKNOWN
author_grid_component:7_5_X1000_Y0300_S050,7_5,7_5_X1000_Y0300_S050,2019-04-29,1,0,0,0,0,,0,0,0,0,[],UNKNOWN
author_grid_component:7_5_X1000_Y0300_S050,7_5,7_5_X1000_Y0300_S050,2019-05-19,1,0,0,0,0,,0,0,0,0,[],UNKNOWN
author_grid_component:7_5_X1000_Y0300_S050,7_5,7_5_X1000_Y0300_S050,2019-05-24,4,16341,2355,13986,0,0.0,0,0,0,0,[],UNKNOWN
author_grid_component:7_5_X1000_Y0300_S050,7_5,7_5_X1000_Y0300_S050,2019-05-29,4,16318,2143,14175,0,0.0,0,0,0,0,[],UNKNOWN
author_grid_component:7_5_X1000_Y0300_S050,7_5,7_5_X1000_Y0300_S050,2019-09-16,4,13412,7929,5483,0,0.0,0,0,0,0,[],UNKNOWN
author_grid_component:7_5_X1000_Y0300_S050,7_5,7_5_X1000_Y0300_S050,2019-11-30,4,15111,1137,13974,0,0.0,0,0,0,0,[],UNKNOWN
author_grid_component:7_5_X1000_Y0300_S050,7_5,7_5_X1000_Y0300_S050,2019-12-15,4,15784,65,15719,0,0.0,0,0,0,0,[],UNKNOWN
author_grid_component:7_5_X1000_Y0300_S050,7_5,7_5_X1000_Y0300_S050,2020-01-09,4,12790,1384,11406,0,0.0,0,0,0,0,[],UNKNOWN
author_grid_component:7_5_X1000_Y0300_S050,7_5,7_5_X1000_Y0300_S050,2020-02-28,4,15343,1145,14198,0,0.0,0,0,0,0,[],UNKNOWN
author_grid_component:7_5_X1000_Y0300_S050,7_5,7_5_X1000_Y0300_S050,2020-03-14,4,15452,6155,9297,0,0.0,0,0,0,0,[],UNKNOWN
author_grid_component:7_5_X1000_Y0300_S050,7_5,7_5_X1000_Y0300_S050,2020-04-28,4,16080,395,15685,0,0.0,0,0,0,0,[],UNKNOWN
author_grid_component:7_5_X1000_Y0300_S050,7_5,7_5_X1000_Y0300_S050,2020-05-08,1,0,0,0,0,,0,0,0,0,[],UNKNOWN
author_grid_component:7_5_X1000_Y0300_S050,7_5,7_5_X1000_Y0300_S050,2020-06-22,4,16027,3121,12906,0,0.0,0,0,0,0,[],UNKNOWN
author_grid_component:7_5_X1000_Y0300_S050,7_5,7_5_X1000_Y0300_S050,2020-11-24,4,15635,4176,11459,0,0.0,0,0,0,0,[],UNKNOWN
author_grid_component:7_5_X1000_Y0300_S050,7_5,7_5_X1000_Y0300_S050,2020-12-09,4,15928,5763,10165,0,0.0,0,0,0,0,[],UNKNOWN
author_grid_component:7_5_X1000_Y0300_S050,7_5,7_5_X1000_Y0300_S050,2020-12-29,1,0,0,0,0,,0,0,0,0,[],UNKNOWN
author_grid_component:7_5_X1100_Y0000_S050,7_5,7_5_X1100_Y0000_S050,2019-05-19,1,0,0,0,0,,0,0,0,0,[],UNKNOWN
author_grid_component:7_5_X1100_Y0000_S050,7_5,7_5_X1100_Y0000_S050,2019-05-24,4,13765,13765,0,0,0.0,0,0,0,0,[],UNKNOWN
author_grid_component:7_5_X1100_Y0000_S050,7_5,7_5_X1100_Y0000_S050,2019-05-29,4,6042,6042,0,0,0.0,0,0,0,0,[],UNKNOWN
author_grid_component:7_5_X1100_Y0000_S050,7_5,7_5_X1100_Y0000_S050,2019-06-23,1,0,0,0,0,,0,0,0,0,[],UNKNOWN
author_grid_component:7_5_X1100_Y0000_S050,7_5,7_5_X1100_Y0000_S050,2019-11-20,1,0,0,0,0,,0,0,0,0,[],UNKNOWN
author_grid_component:7_5_X1100_Y0000_S050,7_5,7_5_X1100_Y0000_S050,2019-11-30,4,9596,9596,0,0,0.0,0,0,0,0,[],UNKNOWN
author_grid_component:7_5_X1100_Y0000_S050,7_5,7_5_X1100_Y0000_S050,2019-12-15,4,6304,6304,0,0,0.0,0,0,0,0,[],UNKNOWN
author_grid_component:7_5_X1100_Y0000_S050,7_5,7_5_X1100_Y0000_S050,2020-02-28,4,6635,6635,0,0,0.0,0,0,0,0,[],UNKNOWN
author_grid_component:7_5_X1100_Y0000_S050,7_5,7_5_X1100_Y0000_S050,2020-03-14,4,11011,11011,0,0,0.0,0,0,0,0,[],UNKNOWN
author_grid_component:7_5_X1100_Y0000_S050,7_5,7_5_X1100_Y0000_S050,2020-04-28,4,11701,11701,0,0,0.0,0,0,0,0,[],UNKNOWN
author_grid_component:7_5_X1100_Y0000_S050,7_5,7_5_X1100_Y0000_S050,2020-05-08,1,0,0,0,0,,0,0,0,0,[],UNKNOWN
author_grid_component:7_5_X1100_Y0000_S050,7_5,7_5_X1100_Y0000_S050,2020-06-22,4,12295,12231,64,0,0.0,0,0,0,0,[],UNKNOWN
author_grid_component:7_5_X1100_Y0000_S050,7_5,7_5_X1100_Y0000_S050,2020-09-05,4,6306,6306,0,0,0.0,0,0,0,0,[],UNKNOWN
author_grid_component:7_5_X1100_Y0000_S050,7_5,7_5_X1100_Y0000_S050,2020-11-24,4,7744,7744,0,0,0.0,0,0,0,0,[],UNKNOWN
author_grid_component:7_5_X1100_Y0000_S050,7_5,7_5_X1100_Y0000_S050,2020-12-09,4,10292,10292,0,0,0.0,0,0,0,0,[],UNKNOWN
author_grid_component:7_5_X1100_Y0000_S050,7_5,7_5_X1100_Y0000_S050,2020-12-29,1,0,0,0,0,,0,0,0,0,[],UNKNOWN
author_grid_component:7_5_X1100_Y0000_S050,7_5,7_5_X1100_Y0050_S050,2019-05-19,1,0,0,0,0,,0,0,0,0,[],UNKNOWN
author_grid_component:7_5_X1100_Y0000_S050,7_5,7_5_X1100_Y0050_S050,2019-05-24,4,9734,9695,39,0,0.0,0,0,0,0,[],UNKNOWN
author_grid_component:7_5_X1100_Y0000_S050,7_5,7_5_X1100_Y0050_S050,2019-05-29,4,9414,9414,0,0,0.0,0,0,0,0,[],UNKNOWN
author_grid_component:7_5_X1100_Y0000_S050,7_5,7_5_X1100_Y0050_S050,2019-06-23,1,0,0,0,0,,0,0,0,0,[],UNKNOWN
author_grid_component:7_5_X1100_Y0000_S050,7_5,7_5_X1100_Y0050_S050,2019-11-20,1,0,0,0,0,,0,0,0,0,[],UNKNOWN
author_grid_component:7_5_X1100_Y0000_S050,7_5,7_5_X1100_Y0050_S050,2019-11-30,4,8324,8324,0,0,0.0,0,0,0,0,[],UNKNOWN
author_grid_component:7_5_X1100_Y0000_S050,7_5,7_5_X1100_Y0050_S050,2019-12-15,4,9884,9884,0,0,0.0,0,0,0,0,[],UNKNOWN
author_grid_component:7_5_X1100_Y0000_S050,7_5,7_5_X1100_Y0050_S050,2020-02-28,4,8684,8646,38,0,0.0,0,0,0,0,[],UNKNOWN
author_grid_component:7_5_X1100_Y0000_S050,7_5,7_5_X1100_Y0050_S050,2020-03-14,4,16085,16085,0,0,0.0,0,0,0,0,[],UNKNOWN
author_grid_component:7_5_X1100_Y0000_S050,7_5,7_5_X1100_Y0050_S050,2020-04-28,4,13028,12017,1011,0,0.0,0,0,0,0,[],UNKNOWN
author_grid_component:7_5_X1100_Y0000_S050,7_5,7_5_X1100_Y0050_S050,2020-05-08,1,0,0,0,0,,0,0,0,0,[],UNKNOWN
author_grid_component:7_5_X1100_Y0000_S050,7_5,7_5_X1100_Y0050_S050,2020-06-22,4,12746,12746,0,0,0.0,0,0,0,0,[],UNKNOWN
author_grid_component:7_5_X1100_Y0000_S050,7_5,7_5_X1100_Y0050_S050,2020-09-05,4,11916,11916,0,0,0.0,0,0,0,0,[],UNKNOWN
author_grid_component:7_5_X1100_Y0000_S050,7_5,7_5_X1100_Y0050_S050,2020-11-24,4,8990,8990,0,0,0.0,0,0,0,0,[],UNKNOWN
author_grid_component:7_5_X1100_Y0000_S050,7_5,7_5_X1100_Y0050_S050,2020-12-09,4,9354,9354,0,0,0.0,0,0,0,0,[],UNKNOWN
author_grid_component:7_5_X1100_Y0000_S050,7_5,7_5_X1100_Y0050_S050,2020-12-29,1,0,0,0,0,,0,0,0,0,[],UNKNOWN
author_grid_component:7_5_X1100_Y0500_S050,7_5,7_5_X1100_Y0500_S050,2019-01-29,4,15022,168,14854,0,0.0,0,0,0,0,[],UNKNOWN
author_grid_component:7_5_X1100_Y0500_S050,7_5,7_5_X1100_Y0500_S050,2019-04-29,1,0,0,0,0,,0,0,0,0,[],UNKNOWN
author_grid_component:7_5_X1100_Y0500_S050,7_5,7_5_X1100_Y0500_S050,2019-05-19,1,0,0,0,0,,0,0,0,0,[],UNKNOWN
author_grid_component:7_5_X1100_Y0500_S050,7_5,7_5_X1100_Y0500_S050,2019-05-24,4,15350,5426,9924,0,0.0,0,0,0,0,[],UNKNOWN
author_grid_component:7_5_X1100_Y0500_S050,7_5,7_5_X1100_Y0500_S050,2019-05-29,4,15074,4574,10500,0,0.0,0,0,0,0,[],UNKNOWN
author_grid_component:7_5_X1100_Y0500_S050,7_5,7_5_X1100_Y0500_S050,2019-11-20,1,0,0,0,0,,0,0,0,0,[],UNKNOWN
author_grid_component:7_5_X1100_Y0500_S050,7_5,7_5_X1100_Y0500_S050,2019-11-30,4,15978,3962,12016,0,0.0,0,0,0,0,[],UNKNOWN
author_grid_component:7_5_X1100_Y0500_S050,7_5,7_5_X1100_Y0500_S050,2019-12-15,4,16131,4445,11686,0,0.0,0,0,0,0,[],UNKNOWN
author_grid_component:7_5_X1100_Y0500_S050,7_5,7_5_X1100_Y0500_S050,2020-02-28,4,13246,12325,921,0,0.0,0,0,0,0,[],UNKNOWN
author_grid_component:7_5_X1100_Y0500_S050,7_5,7_5_X1100_Y0500_S050,2020-03-14,4,7377,7377,0,0,0.0,0,0,0,0,[],UNKNOWN
author_grid_component:7_5_X1100_Y0500_S050,7_5,7_5_X1100_Y0500_S050,2020-04-28,4,13180,2137,11043,0,0.0,0,0,0,0,[],UNKNOWN
author_grid_component:7_5_X1100_Y0500_S050,7_5,7_5_X1100_Y0500_S050,2020-06-22,4,15117,593,14524,0,0.0,0,0,0,0,[],UNKNOWN
author_grid_component:7_5_X1100_Y0500_S050,7_5,7_5_X1100_Y0500_S050,2020-09-05,4,14566,5496,9070,0,0.0,0,0,0,0,[],UNKNOWN
author_grid_component:7_5_X1100_Y0500_S050,7_5,7_5_X1100_Y0500_S050,2020-11-24,4,15071,4223,10848,0,0.0,0,0,0,0,[],UNKNOWN
author_grid_component:7_5_X1100_Y0500_S050,7_5,7_5_X1100_Y0500_S050,2020-12-09,4,14873,8937,5936,0,0.0,0,0,0,0,[],UNKNOWN
author_grid_component:7_5_X1100_Y0500_S050,7_5,7_5_X1100_Y0500_S050,2020-12-29,1,0,0,0,0,,0,0,0,0,[],UNKNOWN
author_grid_component:7_5_X1100_Y0500_S050,7_5,7_5_X1100_Y0550_S050,2019-01-29,4,15436,10447,4989,0,0.0,0,0,0,0,[],UNKNOWN
author_grid_component:7_5_X1100_Y0500_S050,7_5,7_5_X1100_Y0550_S050,2019-04-24,4,14991,8283,6708,0,0.0,0,0,0,0,[],UNKNOWN
author_grid_component:7_5_X1100_Y0500_S050,7_5,7_5_X1100_Y0550_S050,2019-04-29,1,0,0,0,0,,0,0,0,0,[],UNKNOWN
author_grid_component:7_5_X1100_Y0500_S050,7_5,7_5_X1100_Y0550_S050,2019-05-24,4,15643,9301,6342,0,0.0,0,0,0,0,[],UNKNOWN
author_grid_component:7_5_X1100_Y0500_S050,7_5,7_5_X1100_Y0550_S050,2019-05-29,4,15909,14523,1386,0,0.0,0,0,0,0,[],UNKNOWN
author_grid_component:7_5_X1100_Y0500_S050,7_5,7_5_X1100_Y0550_S050,2019-10-11,4,15691,8640,7051,0,0.0,0,0,0,0,[],UNKNOWN
author_grid_component:7_5_X1100_Y0500_S050,7_5,7_5_X1100_Y0550_S050,2019-11-20,1,0,0,0,0,,0,0,0,0,[],UNKNOWN
author_grid_component:7_5_X1100_Y0500_S050,7_5,7_5_X1100_Y0550_S050,2019-11-30,4,14892,5155,9737,0,0.0,0,0,0,0,[],UNKNOWN
author_grid_component:7_5_X1100_Y0500_S050,7_5,7_5_X1100_Y0550_S050,2019-12-15,4,14179,1154,13025,0,0.0,0,0,0,0,[],UNKNOWN
author_grid_component:7_5_X1100_Y0500_S050,7_5,7_5_X1100_Y0550_S050,2020-02-08,4,15647,14144,1503,0,0.0,0,0,0,0,[],UNKNOWN
author_grid_component:7_5_X1100_Y0500_S050,7_5,7_5_X1100_Y0550_S050,2020-02-28,4,15929,8577,7352,0,0.0,0,0,0,0,[],UNKNOWN
author_grid_component:7_5_X1100_Y0500_S050,7_5,7_5_X1100_Y0550_S050,2020-03-14,4,15490,170,15320,0,0.0,0,0,0,0,[],UNKNOWN
author_grid_component:7_5_X1100_Y0500_S050,7_5,7_5_X1100_Y0550_S050,2020-04-08,4,11232,4832,6400,0,0.0,0,0,0,0,[],UNKNOWN
author_grid_component:7_5_X1100_Y0500_S050,7_5,7_5_X1100_Y0550_S050,2020-05-08,1,0,0,0,0,,0,0,0,0,[],UNKNOWN
author_grid_component:7_5_X1100_Y0500_S050,7_5,7_5_X1100_Y0550_S050,2020-12-09,4,16159,2442,13717,0,0.0,0,0,0,0,[],UNKNOWN
author_grid_component:7_5_X1100_Y0500_S050,7_5,7_5_X1100_Y0550_S050,2020-12-29,1,0,0,0,0,,0,0,0,0,[],UNKNOWN
author_grid_component:7_5_X1100_Y0500_S050,7_5,7_5_X1150_Y0500_S050,2019-01-29,4,13834,12048,1786,0,0.0,0,0,0,0,[],UNKNOWN
author_grid_component:7_5_X1100_Y0500_S050,7_5,7_5_X1150_Y0500_S050,2019-04-29,1,0,0,0,0,,0,0,0,0,[],UNKNOWN
author_grid_component:7_5_X1100_Y0500_S050,7_5,7_5_X1150_Y0500_S050,2019-05-19,1,0,0,0,0,,0,0,0,0,[],UNKNOWN
author_grid_component:7_5_X1100_Y0500_S050,7_5,7_5_X1150_Y0500_S050,2019-05-24,4,15325,14748,577,0,0.0,0,0,0,0,[],UNKNOWN
author_grid_component:7_5_X1100_Y0500_S050,7_5,7_5_X1150_Y0500_S050,2019-05-29,4,15939,15939,0,0,0.0,0,0,0,0,[],UNKNOWN
author_grid_component:7_5_X1100_Y0500_S050,7_5,7_5_X1150_Y0500_S050,2019-11-20,4,13348,13099,249,0,0.0,0,0,0,0,[],UNKNOWN
author_grid_component:7_5_X1100_Y0500_S050,7_5,7_5_X1150_Y0500_S050,2019-11-30,4,15400,15183,217,0,0.0,0,0,0,0,[],UNKNOWN
author_grid_component:7_5_X1100_Y0500_S050,7_5,7_5_X1150_Y0500_S050,2019-12-15,4,14912,14898,14,0,0.0,0,0,0,0,[],UNKNOWN
author_grid_component:7_5_X1100_Y0500_S050,7_5,7_5_X1150_Y0500_S050,2020-02-28,4,6629,4557,2072,0,0.0,0,0,0,0,[],UNKNOWN
author_grid_component:7_5_X1100_Y0500_S050,7_5,7_5_X1150_Y0500_S050,2020-03-14,4,7173,6160,1013,0,0.0,0,0,0,0,[],UNKNOWN
author_grid_component:7_5_X1100_Y0500_S050,7_5,7_5_X1150_Y0500_S050,2020-04-28,4,4273,4273,0,0,0.0,0,0,0,0,[],UNKNOWN
author_grid_component:7_5_X1100_Y0500_S050,7_5,7_5_X1150_Y0500_S050,2020-06-22,4,7837,6313,1524,0,0.0,0,0,0,0,[],UNKNOWN
author_grid_component:7_5_X1100_Y0500_S050,7_5,7_5_X1150_Y0500_S050,2020-09-05,4,15734,13195,2539,0,0.0,0,0,0,0,[],UNKNOWN
author_grid_component:7_5_X1100_Y0500_S050,7_5,7_5_X1150_Y0500_S050,2020-11-24,4,15690,14182,1508,0,0.0,0,0,0,0,[],UNKNOWN
author_grid_component:7_5_X1100_Y0500_S050,7_5,7_5_X1150_Y0500_S050,2020-12-09,4,15692,15177,515,0,0.0,0,0,0,0,[],UNKNOWN
author_grid_component:7_5_X1100_Y0500_S050,7_5,7_5_X1150_Y0500_S050,2020-12-29,4,14199,12787,1412,0,0.0,0,0,0,0,[],UNKNOWN
author_grid_component:7_5_X1100_Y0500_S050,7_5,7_5_X1150_Y0550_S050,2019-01-29,4,16384,16245,139,0,0.0,0,0,0,0,[],UNKNOWN
author_grid_component:7_5_X1100_Y0500_S050,7_5,7_5_X1150_Y0550_S050,2019-04-24,4,16384,13541,2843,0,0.0,0,0,0,0,[],UNKNOWN
author_grid_component:7_5_X1100_Y0500_S050,7_5,7_5_X1150_Y0550_S050,2019-04-29,1,0,0,0,0,,0,0,0,0,[],UNKNOWN
author_grid_component:7_5_X1100_Y0500_S050,7_5,7_5_X1150_Y0550_S050,2019-05-24,4,16249,7039,9210,0,0.0,0,0,0,0,[],UNKNOWN
author_grid_component:7_5_X1100_Y0500_S050,7_5,7_5_X1150_Y0550_S050,2019-05-29,4,16384,7313,9071,0,0.0,0,0,0,0,[],UNKNOWN
author_grid_component:7_5_X1100_Y0500_S050,7_5,7_5_X1150_Y0550_S050,2019-10-11,4,16303,10822,5481,0,0.0,0,0,0,0,[],UNKNOWN
author_grid_component:7_5_X1100_Y0500_S050,7_5,7_5_X1150_Y0550_S050,2019-11-20,4,16024,4146,11878,0,0.0,0,0,0,0,[],UNKNOWN
author_grid_component:7_5_X1100_Y0500_S050,7_5,7_5_X1150_Y0550_S050,2019-11-30,4,15544,5076,10468,0,0.0,0,0,0,0,[],UNKNOWN
author_grid_component:7_5_X1100_Y0500_S050,7_5,7_5_X1150_Y0550_S050,2019-12-15,4,16384,3991,12393,0,0.0,0,0,0,0,[],UNKNOWN
author_grid_component:7_5_X1100_Y0500_S050,7_5,7_5_X1150_Y0550_S050,2020-02-08,4,16090,14887,1203,0,0.0,0,0,0,0,[],UNKNOWN
author_grid_component:7_5_X1100_Y0500_S050,7_5,7_5_X1150_Y0550_S050,2020-02-28,4,15103,9311,5792,0,0.0,0,0,0,0,[],UNKNOWN
author_grid_component:7_5_X1100_Y0500_S050,7_5,7_5_X1150_Y0550_S050,2020-03-14,4,15279,1910,13369,0,0.0,0,0,0,0,[],UNKNOWN
author_grid_component:7_5_X1100_Y0500_S050,7_5,7_5_X1150_Y0550_S050,2020-04-08,4,16083,5897,10186,0,0.0,0,0,0,0,[],UNKNOWN
author_grid_component:7_5_X1100_Y0500_S050,7_5,7_5_X1150_Y0550_S050,2020-05-08,1,0,0,0,0,,0,0,0,0,[],UNKNOWN
author_grid_component:7_5_X1100_Y0500_S050,7_5,7_5_X1150_Y0550_S050,2020-12-09,4,15510,3596,11914,0,0.0,0,0,0,0,[],UNKNOWN
author_grid_component:7_5_X1100_Y0500_S050,7_5,7_5_X1150_Y0550_S050,2020-12-29,4,16384,1575,14809,0,0.0,0,0,0,0,[],UNKNOWN
author_grid_component:7_5_X1100_Y0500_S050,7_5,7_5_X1200_Y0600_S050,2019-01-29,4,16381,0,16381,0,0.0,0,0,0,0,[],UNKNOWN
author_grid_component:7_5_X1100_Y0500_S050,7_5,7_5_X1200_Y0600_S050,2019-04-24,4,16384,0,16384,0,0.0,0,0,0,0,[],UNKNOWN
author_grid_component:7_5_X1100_Y0500_S050,7_5,7_5_X1200_Y0600_S050,2019-04-29,1,0,0,0,0,,0,0,0,0,[],UNKNOWN
author_grid_component:7_5_X1100_Y0500_S050,7_5,7_5_X1200_Y0600_S050,2019-05-24,4,16384,1053,15331,0,0.0,0,0,0,0,[],UNKNOWN
author_grid_component:7_5_X1100_Y0500_S050,7_5,7_5_X1200_Y0600_S050,2019-05-29,4,16384,1171,15213,0,0.0,0,0,0,0,[],UNKNOWN
author_grid_component:7_5_X1100_Y0500_S050,7_5,7_5_X1200_Y0600_S050,2019-10-11,4,16332,1637,14695,0,0.0,0,0,0,0,[],UNKNOWN
author_grid_component:7_5_X1100_Y0500_S050,7_5,7_5_X1200_Y0600_S050,2019-11-20,4,16279,1439,14840,0,0.0,0,0,0,0,[],UNKNOWN
author_grid_component:7_5_X1100_Y0500_S050,7_5,7_5_X1200_Y0600_S050,2019-11-30,4,16384,78,16306,0,0.0,0,0,0,0,[],UNKNOWN
author_grid_component:7_5_X1100_Y0500_S050,7_5,7_5_X1200_Y0600_S050,2019-12-15,4,16297,1497,14800,0,0.0,0,0,0,0,[],UNKNOWN
author_grid_component:7_5_X1100_Y0500_S050,7_5,7_5_X1200_Y0600_S050,2020-02-08,4,16384,1694,14690,0,0.0,0,0,0,0,[],UNKNOWN
author_grid_component:7_5_X1100_Y0500_S050,7_5,7_5_X1200_Y0600_S050,2020-02-28,4,16384,794,15590,0,0.0,0,0,0,0,[],UNKNOWN
author_grid_component:7_5_X1100_Y0500_S050,7_5,7_5_X1200_Y0600_S050,2020-03-14,4,16367,1523,14844,0,0.0,0,0,0,0,[],UNKNOWN
author_grid_component:7_5_X1100_Y0500_S050,7_5,7_5_X1200_Y0600_S050,2020-04-08,4,16359,1916,14443,0,0.0,0,0,0,0,[],UNKNOWN
author_grid_component:7_5_X1100_Y0500_S050,7_5,7_5_X1200_Y0600_S050,2020-05-08,1,0,0,0,0,,0,0,0,0,[],UNKNOWN
author_grid_component:7_5_X1100_Y0500_S050,7_5,7_5_X1200_Y0600_S050,2020-12-09,4,16336,2540,13796,0,0.0,0,0,0,0,[],UNKNOWN
author_grid_component:7_5_X1100_Y0500_S050,7_5,7_5_X1200_Y0600_S050,2020-12-29,4,15121,1880,13241,0,0.0,0,0,0,0,[],UNKNOWN
author_grid_component:7_5_X1100_Y0500_S050,7_5,7_5_X1200_Y0650_S050,2019-01-29,4,15592,3248,12344,0,0.0,0,0,0,0,[],UNKNOWN
author_grid_component:7_5_X1100_Y0500_S050,7_5,7_5_X1200_Y0650_S050,2019-04-24,4,16384,0,16384,0,0.0,0,0,0,0,[],UNKNOWN
author_grid_component:7_5_X1100_Y0500_S050,7_5,7_5_X1200_Y0650_S050,2019-04-29,1,0,0,0,0,,0,0,0,0,[],UNKNOWN
author_grid_component:7_5_X1100_Y0500_S050,7_5,7_5_X1200_Y0650_S050,2019-05-24,4,16384,1021,15363,0,0.0,0,0,0,0,[],UNKNOWN
author_grid_component:7_5_X1100_Y0500_S050,7_5,7_5_X1200_Y0650_S050,2019-05-29,4,16371,1358,15013,0,0.0,0,0,0,0,[],UNKNOWN
author_grid_component:7_5_X1100_Y0500_S050,7_5,7_5_X1200_Y0650_S050,2019-10-11,4,16384,547,15837,0,0.0,0,0,0,0,[],UNKNOWN
author_grid_component:7_5_X1100_Y0500_S050,7_5,7_5_X1200_Y0650_S050,2019-11-20,4,16376,1530,14846,0,0.0,0,0,0,0,[],UNKNOWN
author_grid_component:7_5_X1100_Y0500_S050,7_5,7_5_X1200_Y0650_S050,2019-11-30,4,16375,0,16375,0,0.0,0,0,0,0,[],UNKNOWN
author_grid_component:7_5_X1100_Y0500_S050,7_5,7_5_X1200_Y0650_S050,2019-12-15,4,16374,285,16089,0,0.0,0,0,0,0,[],UNKNOWN
author_grid_component:7_5_X1100_Y0500_S050,7_5,7_5_X1200_Y0650_S050,2020-02-08,4,16239,587,15652,0,0.0,0,0,0,0,[],UNKNOWN
author_grid_component:7_5_X1100_Y0500_S050,7_5,7_5_X1200_Y0650_S050,2020-02-28,4,16384,30,16354,0,0.0,0,0,0,0,[],UNKNOWN
author_grid_component:7_5_X1100_Y0500_S050,7_5,7_5_X1200_Y0650_S050,2020-03-14,4,16244,601,15643,0,0.0,0,0,0,0,[],UNKNOWN
author_grid_component:7_5_X1100_Y0500_S050,7_5,7_5_X1200_Y0650_S050,2020-04-08,4,16249,1230,15019,0,0.0,0,0,0,0,[],UNKNOWN
author_grid_component:7_5_X1100_Y0500_S050,7_5,7_5_X1200_Y0650_S050,2020-05-08,1,0,0,0,0,,0,0,0,0,[],UNKNOWN
author_grid_component:7_5_X1100_Y0500_S050,7_5,7_5_X1200_Y0650_S050,2020-12-09,4,16239,896,15343,0,0.0,0,0,0,0,[],UNKNOWN
author_grid_component:7_5_X1100_Y0500_S050,7_5,7_5_X1200_Y0650_S050,2020-12-29,4,16371,1233,15138,0,0.0,0,0,0,0,[],UNKNOWN
author_grid_component:7_5_X1150_Y0150_S050,7_5,7_5_X1150_Y0150_S050,2019-05-19,1,0,0,0,0,,0,0,0,0,[],UNKNOWN
author_grid_component:7_5_X1150_Y0150_S050,7_5,7_5_X1150_Y0150_S050,2019-05-24,4,16176,7010,9166,0,0.0,0,0,0,0,[],UNKNOWN
author_grid_component:7_5_X1150_Y0150_S050,7_5,7_5_X1150_Y0150_S050,2019-05-29,4,16384,8139,8245,0,0.0,0,0,0,0,[],UNKNOWN
author_grid_component:7_5_X1150_Y0150_S050,7_5,7_5_X1150_Y0150_S050,2019-06-23,1,0,0,0,0,,0,0,0,0,[],UNKNOWN
author_grid_component:7_5_X1150_Y0150_S050,7_5,7_5_X1150_Y0150_S050,2019-11-20,4,14756,13635,1121,0,0.0,0,0,0,0,[],UNKNOWN
author_grid_component:7_5_X1150_Y0150_S050,7_5,7_5_X1150_Y0150_S050,2019-11-30,4,16384,15802,582,0,0.0,0,0,0,0,[],UNKNOWN
author_grid_component:7_5_X1150_Y0150_S050,7_5,7_5_X1150_Y0150_S050,2019-12-15,4,13800,13709,91,0,0.0,0,0,0,0,[],UNKNOWN
author_grid_component:7_5_X1150_Y0150_S050,7_5,7_5_X1150_Y0150_S050,2020-02-28,4,14414,13135,1279,0,0.0,0,0,0,0,[],UNKNOWN
author_grid_component:7_5_X1150_Y0150_S050,7_5,7_5_X1150_Y0150_S050,2020-03-14,4,15145,15086,59,0,0.0,0,0,0,0,[],UNKNOWN
author_grid_component:7_5_X1150_Y0150_S050,7_5,7_5_X1150_Y0150_S050,2020-04-28,4,16266,15300,966,0,0.0,0,0,0,0,[],UNKNOWN
author_grid_component:7_5_X1150_Y0150_S050,7_5,7_5_X1150_Y0150_S050,2020-05-08,1,0,0,0,0,,0,0,0,0,[],UNKNOWN
author_grid_component:7_5_X1150_Y0150_S050,7_5,7_5_X1150_Y0150_S050,2020-06-22,4,14465,14179,286,0,0.0,0,0,0,0,[],UNKNOWN
author_grid_component:7_5_X1150_Y0150_S050,7_5,7_5_X1150_Y0150_S050,2020-09-05,4,16347,16227,120,0,0.0,0,0,0,0,[],UNKNOWN
author_grid_component:7_5_X1150_Y0150_S050,7_5,7_5_X1150_Y0150_S050,2020-11-24,4,15846,15846,0,0,0.0,0,0,0,0,[],UNKNOWN
author_grid_component:7_5_X1150_Y0150_S050,7_5,7_5_X1150_Y0150_S050,2020-12-09,4,16054,16054,0,0,0.0,0,0,0,0,[],UNKNOWN
author_grid_component:7_5_X1150_Y0150_S050,7_5,7_5_X1150_Y0150_S050,2020-12-29,4,15398,15398,0,0,0.0,0,0,0,0,[],UNKNOWN
author_grid_component:7_5_X1150_Y0350_S050,7_5,7_5_X1150_Y0350_S050,2019-01-29,48,137687,136878,809,0,0.0,0,0,0,0,[],UNKNOWN
author_grid_component:7_5_X1150_Y0350_S050,7_5,7_5_X1150_Y0350_S050,2019-04-29,1,0,0,0,0,,0,0,0,0,[],UNKNOWN
author_grid_component:7_5_X1150_Y0350_S050,7_5,7_5_X1150_Y0350_S050,2019-05-19,1,0,0,0,0,,0,0,0,0,[],UNKNOWN
author_grid_component:7_5_X1150_Y0350_S050,7_5,7_5_X1150_Y0350_S050,2019-05-24,52,151936,21521,130415,0,0.0,0,0,0,0,[],UNKNOWN
author_grid_component:7_5_X1150_Y0350_S050,7_5,7_5_X1150_Y0350_S050,2019-05-29,55,151772,29952,121820,0,0.0,0,0,0,0,[],UNKNOWN
author_grid_component:7_5_X1150_Y0350_S050,7_5,7_5_X1150_Y0350_S050,2019-11-20,4,12891,12891,0,0,0.0,0,0,0,0,[],UNKNOWN
author_grid_component:7_5_X1150_Y0350_S050,7_5,7_5_X1150_Y0350_S050,2019-11-30,4,16377,16373,4,0,0.0,0,0,0,0,[],UNKNOWN
author_grid_component:7_5_X1150_Y0350_S050,7_5,7_5_X1150_Y0350_S050,2019-12-15,4,15270,15270,0,0,0.0,0,0,0,0,[],UNKNOWN
author_grid_component:7_5_X1150_Y0350_S050,7_5,7_5_X1150_Y0350_S050,2020-02-28,52,141648,140864,784,0,0.0,0,0,0,0,[],UNKNOWN
author_grid_component:7_5_X1150_Y0350_S050,7_5,7_5_X1150_Y0350_S050,2020-03-14,4,16384,16363,21,0,0.0,0,0,0,0,[],UNKNOWN
author_grid_component:7_5_X1150_Y0350_S050,7_5,7_5_X1150_Y0350_S050,2020-04-28,52,140275,9691,130584,0,0.0,0,0,0,0,[],UNKNOWN
author_grid_component:7_5_X1150_Y0350_S050,7_5,7_5_X1150_Y0350_S050,2020-06-22,4,16151,15842,309,0,0.0,0,0,0,0,[],UNKNOWN
author_grid_component:7_5_X1150_Y0350_S050,7_5,7_5_X1150_Y0350_S050,2020-09-05,45,125100,125073,27,0,0.0,0,0,0,0,[],UNKNOWN
author_grid_component:7_5_X1150_Y0350_S050,7_5,7_5_X1150_Y0350_S050,2020-11-24,4,15660,15660,0,0,0.0,0,0,0,0,[],UNKNOWN
author_grid_component:7_5_X1150_Y0350_S050,7_5,7_5_X1150_Y0350_S050,2020-12-09,4,16383,16383,0,0,0.0,0,0,0,0,[],UNKNOWN
author_grid_component:7_5_X1150_Y0350_S050,7_5,7_5_X1150_Y0350_S050,2020-12-29,4,15134,15134,0,0,0.0,0,0,0,0,[],UNKNOWN
author_grid_component:7_5_X1150_Y0350_S050,7_5,7_5_X1200_Y0300_S050,2019-01-29,44,116982,116360,622,0,0.0,0,0,0,0,[],UNKNOWN
author_grid_component:7_5_X1150_Y0350_S050,7_5,7_5_X1200_Y0300_S050,2019-02-08,9,32193,32193,0,0,0.0,0,0,0,0,[],UNKNOWN
author_grid_component:7_5_X1150_Y0350_S050,7_5,7_5_X1200_Y0300_S050,2019-04-29,1,0,0,0,0,,0,0,0,0,[],UNKNOWN
author_grid_component:7_5_X1150_Y0350_S050,7_5,7_5_X1200_Y0300_S050,2019-05-19,1,0,0,0,0,,0,0,0,0,[],UNKNOWN
author_grid_component:7_5_X1150_Y0350_S050,7_5,7_5_X1200_Y0300_S050,2019-05-24,47,118789,106019,12770,0,0.0,0,0,0,0,[],UNKNOWN
author_grid_component:7_5_X1150_Y0350_S050,7_5,7_5_X1200_Y0300_S050,2019-05-29,45,118685,114170,4515,0,0.0,0,0,0,0,[],UNKNOWN
author_grid_component:7_5_X1150_Y0350_S050,7_5,7_5_X1200_Y0300_S050,2019-10-11,11,38762,38549,213,0,0.0,0,0,0,0,[],UNKNOWN
author_grid_component:7_5_X1150_Y0350_S050,7_5,7_5_X1200_Y0300_S050,2019-10-31,9,30951,30253,698,0,0.0,0,0,0,0,[],UNKNOWN
author_grid_component:7_5_X1150_Y0350_S050,7_5,7_5_X1200_Y0300_S050,2019-11-10,9,34276,34200,76,0,0.0,0,0,0,0,[],UNKNOWN
author_grid_component:7_5_X1150_Y0350_S050,7_5,7_5_X1200_Y0300_S050,2019-11-25,9,34168,34168,0,0,0.0,0,0,0,0,[],UNKNOWN
author_grid_component:7_5_X1150_Y0350_S050,7_5,7_5_X1200_Y0300_S050,2019-11-30,12,46381,41979,4402,0,0.0,0,0,0,0,[],UNKNOWN
author_grid_component:7_5_X1150_Y0350_S050,7_5,7_5_X1200_Y0300_S050,2019-12-05,9,32694,32533,161,0,0.0,0,0,0,0,[],UNKNOWN
author_grid_component:7_5_X1150_Y0350_S050,7_5,7_5_X1200_Y0300_S050,2019-12-15,13,46099,45867,232,0,0.0,0,0,0,0,[],UNKNOWN
author_grid_component:7_5_X1150_Y0350_S050,7_5,7_5_X1200_Y0300_S050,2020-02-03,9,33821,33821,0,0,0.0,0,0,0,0,[],UNKNOWN
author_grid_component:7_5_X1150_Y0350_S050,7_5,7_5_X1200_Y0300_S050,2020-02-08,9,34256,34256,0,0,0.0,0,0,0,0,[],UNKNOWN
author_grid_component:7_5_X1150_Y0350_S050,7_5,7_5_X1200_Y0300_S050,2020-02-23,9,24476,24476,0,0,0.0,0,0,0,0,[],UNKNOWN
author_grid_component:7_5_X1150_Y0350_S050,7_5,7_5_X1200_Y0300_S050,2020-02-28,51,144518,143393,1125,0,0.0,0,0,0,0,[],UNKNOWN
author_grid_component:7_5_X1150_Y0350_S050,7_5,7_5_X1200_Y0300_S050,2020-03-14,12,46651,30271,16380,0,0.0,0,0,0,0,[],UNKNOWN
author_grid_component:7_5_X1150_Y0350_S050,7_5,7_5_X1200_Y0300_S050,2020-03-29,9,34353,30725,3628,0,0.0,0,0,0,0,[],UNKNOWN
author_grid_component:7_5_X1150_Y0350_S050,7_5,7_5_X1200_Y0300_S050,2020-04-03,9,34206,11553,22653,0,0.0,0,0,0,0,[],UNKNOWN
author_grid_component:7_5_X1150_Y0350_S050,7_5,7_5_X1200_Y0300_S050,2020-04-28,46,128732,126561,2171,0,0.0,0,0,0,0,[],UNKNOWN
author_grid_component:7_5_X1150_Y0350_S050,7_5,7_5_X1200_Y0300_S050,2020-05-03,9,33947,33653,294,0,0.0,0,0,0,0,[],UNKNOWN
author_grid_component:7_5_X1150_Y0350_S050,7_5,7_5_X1200_Y0300_S050,2020-06-22,4,15678,6822,8627,229,1.4606454904962367,1,1,1,1,['7_5'],UNKNOWN
author_grid_component:7_5_X1150_Y0350_S050,7_5,7_5_X1200_Y0300_S050,2020-09-05,47,131539,42581,88958,0,0.0,0,0,0,0,[],UNKNOWN
author_grid_component:7_5_X1150_Y0350_S050,7_5,7_5_X1200_Y0300_S050,2020-10-30,9,29918,29918,0,0,0.0,0,0,0,0,[],UNKNOWN
author_grid_component:7_5_X1150_Y0350_S050,7_5,7_5_X1200_Y0300_S050,2020-11-24,13,36699,36333,366,0,0.0,0,0,0,0,[],UNKNOWN
author_grid_component:7_5_X1150_Y0350_S050,7_5,7_5_X1200_Y0300_S050,2020-12-09,13,41231,41081,150,0,0.0,0,0,0,0,[],UNKNOWN
author_grid_component:7_5_X1150_Y0350_S050,7_5,7_5_X1200_Y0300_S050,2020-12-29,12,32123,31461,662,0,0.0,0,0,0,0,[],UNKNOWN
author_grid_component:7_5_X1150_Y0350_S050,7_5,7_5_X1200_Y0350_S050,2019-01-29,27,78839,78689,150,0,0.0,0,0,0,0,[],UNKNOWN
author_grid_component:7_5_X1150_Y0350_S050,7_5,7_5_X1200_Y0350_S050,2019-04-29,1,0,0,0,0,,0,0,0,0,[],UNKNOWN
author_grid_component:7_5_X1150_Y0350_S050,7_5,7_5_X1200_Y0350_S050,2019-05-19,1,0,0,0,0,,0,0,0,0,[],UNKNOWN
author_grid_component:7_5_X1150_Y0350_S050,7_5,7_5_X1200_Y0350_S050,2019-05-24,27,78657,7376,71281,0,0.0,0,0,0,0,[],UNKNOWN
author_grid_component:7_5_X1150_Y0350_S050,7_5,7_5_X1200_Y0350_S050,2019-05-29,28,88606,20137,68469,0,0.0,0,0,0,0,[],UNKNOWN
author_grid_component:7_5_X1150_Y0350_S050,7_5,7_5_X1200_Y0350_S050,2019-11-20,4,8474,5854,2620,0,0.0,0,0,0,0,[],UNKNOWN
author_grid_component:7_5_X1150_Y0350_S050,7_5,7_5_X1200_Y0350_S050,2019-11-30,4,15489,14231,1258,0,0.0,0,0,0,0,[],UNKNOWN
author_grid_component:7_5_X1150_Y0350_S050,7_5,7_5_X1200_Y0350_S050,2019-12-15,4,10396,10394,2,0,0.0,0,0,0,0,[],UNKNOWN
author_grid_component:7_5_X1150_Y0350_S050,7_5,7_5_X1200_Y0350_S050,2020-02-28,28,89473,89473,0,0,0.0,0,0,0,0,[],UNKNOWN
author_grid_component:7_5_X1150_Y0350_S050,7_5,7_5_X1200_Y0350_S050,2020-03-14,4,14752,12402,2350,0,0.0,0,0,0,0,[],UNKNOWN
author_grid_component:7_5_X1150_Y0350_S050,7_5,7_5_X1200_Y0350_S050,2020-04-28,28,84808,17558,67250,0,0.0,0,0,0,0,[],UNKNOWN
author_grid_component:7_5_X1150_Y0350_S050,7_5,7_5_X1200_Y0350_S050,2020-06-22,4,15187,10938,4249,0,0.0,0,0,0,0,[],UNKNOWN
author_grid_component:7_5_X1150_Y0350_S050,7_5,7_5_X1200_Y0350_S050,2020-09-05,26,76038,75951,87,0,0.0,0,0,0,0,[],UNKNOWN
author_grid_component:7_5_X1150_Y0350_S050,7_5,7_5_X1200_Y0350_S050,2020-11-24,4,15406,15326,80,0,0.0,0,0,0,0,[],UNKNOWN
author_grid_component:7_5_X1150_Y0350_S050,7_5,7_5_X1200_Y0350_S050,2020-12-09,4,15779,15779,0,0,0.0,0,0,0,0,[],UNKNOWN
author_grid_component:7_5_X1150_Y0350_S050,7_5,7_5_X1200_Y0350_S050,2020-12-29,4,16236,16199,37,0,0.0,0,0,0,0,[],UNKNOWN
author_grid_component:7_5_X1150_Y0350_S050,7_5,7_5_X1200_Y0400_S050,2019-01-29,32,113746,113014,732,0,0.0,0,0,0,0,[],UNKNOWN
author_grid_component:7_5_X1150_Y0350_S050,7_5,7_5_X1200_Y0400_S050,2019-04-29,1,0,0,0,0,,0,0,0,0,[],UNKNOWN
author_grid_component:7_5_X1150_Y0350_S050,7_5,7_5_X1200_Y0400_S050,2019-05-19,1,0,0,0,0,,0,0,0,0,[],UNKNOWN
author_grid_component:7_5_X1150_Y0350_S050,7_5,7_5_X1200_Y0400_S050,2019-05-24,35,125463,17231,108232,0,0.0,0,0,0,0,[],UNKNOWN
author_grid_component:7_5_X1150_Y0350_S050,7_5,7_5_X1200_Y0400_S050,2019-05-29,35,125777,37689,88088,0,0.0,0,0,0,0,[],UNKNOWN
author_grid_component:7_5_X1150_Y0350_S050,7_5,7_5_X1200_Y0400_S050,2019-11-20,4,16249,16249,0,0,0.0,0,0,0,0,[],UNKNOWN
author_grid_component:7_5_X1150_Y0350_S050,7_5,7_5_X1200_Y0400_S050,2019-11-30,4,16380,16017,363,0,0.0,0,0,0,0,[],UNKNOWN
author_grid_component:7_5_X1150_Y0350_S050,7_5,7_5_X1200_Y0400_S050,2019-12-15,4,11088,11088,0,0,0.0,0,0,0,0,[],UNKNOWN
author_grid_component:7_5_X1150_Y0350_S050,7_5,7_5_X1200_Y0400_S050,2020-02-28,35,123802,123802,0,0,0.0,0,0,0,0,[],UNKNOWN
author_grid_component:7_5_X1150_Y0350_S050,7_5,7_5_X1200_Y0400_S050,2020-03-14,4,16384,16384,0,0,0.0,0,0,0,0,[],UNKNOWN
author_grid_component:7_5_X1150_Y0350_S050,7_5,7_5_X1200_Y0400_S050,2020-04-28,34,118562,8678,109884,0,0.0,0,0,0,0,[],UNKNOWN
author_grid_component:7_5_X1150_Y0350_S050,7_5,7_5_X1200_Y0400_S050,2020-06-22,4,14710,13673,1037,0,0.0,0,0,0,0,[],UNKNOWN
author_grid_component:7_5_X1150_Y0350_S050,7_5,7_5_X1200_Y0400_S050,2020-09-05,35,122542,122542,0,0,0.0,0,0,0,0,[],UNKNOWN
author_grid_component:7_5_X1150_Y0350_S050,7_5,7_5_X1200_Y0400_S050,2020-11-24,4,16016,16016,0,0,0.0,0,0,0,0,[],UNKNOWN
author_grid_component:7_5_X1150_Y0350_S050,7_5,7_5_X1200_Y0400_S050,2020-12-09,4,16279,16279,0,0,0.0,0,0,0,0,[],UNKNOWN
author_grid_component:7_5_X1150_Y0350_S050,7_5,7_5_X1200_Y0400_S050,2020-12-29,4,14770,14770,0,0,0.0,0,0,0,0,[],UNKNOWN
author_grid_component:7_5_X1200_Y0800_S050,7_5,7_5_X1200_Y0800_S050,2019-01-29,4,6306,3488,2818,0,0.0,0,0,0,0,[],UNKNOWN
author_grid_component:7_5_X1200_Y0800_S050,7_5,7_5_X1200_Y0800_S050,2019-04-24,4,5071,3757,1314,0,0.0,0,0,0,0,[],UNKNOWN
author_grid_component:7_5_X1200_Y0800_S050,7_5,7_5_X1200_Y0800_S050,2019-04-29,1,0,0,0,0,,0,0,0,0,[],UNKNOWN
author_grid_component:7_5_X1200_Y0800_S050,7_5,7_5_X1200_Y0800_S050,2019-05-24,4,6080,3281,2799,0,0.0,0,0,0,0,[],UNKNOWN
author_grid_component:7_5_X1200_Y0800_S050,7_5,7_5_X1200_Y0800_S050,2019-05-29,4,4539,4418,121,0,0.0,0,0,0,0,[],UNKNOWN
author_grid_component:7_5_X1200_Y0800_S050,7_5,7_5_X1200_Y0800_S050,2019-10-11,4,2975,1422,1553,0,0.0,0,0,0,0,[],UNKNOWN
author_grid_component:7_5_X1200_Y0800_S050,7_5,7_5_X1200_Y0800_S050,2019-11-20,4,3828,447,3381,0,0.0,0,0,0,0,[],UNKNOWN
author_grid_component:7_5_X1200_Y0800_S050,7_5,7_5_X1200_Y0800_S050,2019-11-30,4,4353,897,3456,0,0.0,0,0,0,0,[],UNKNOWN
author_grid_component:7_5_X1200_Y0800_S050,7_5,7_5_X1200_Y0800_S050,2019-12-15,4,4278,3144,1134,0,0.0,0,0,0,0,[],UNKNOWN
author_grid_component:7_5_X1200_Y0800_S050,7_5,7_5_X1200_Y0800_S050,2020-02-08,4,5925,5613,312,0,0.0,0,0,0,0,[],UNKNOWN
author_grid_component:7_5_X1200_Y0800_S050,7_5,7_5_X1200_Y0800_S050,2020-02-28,4,2796,2475,321,0,0.0,0,0,0,0,[],UNKNOWN
author_grid_component:7_5_X1200_Y0800_S050,7_5,7_5_X1200_Y0800_S050,2020-03-14,4,3738,1675,2063,0,0.0,0,0,0,0,[],UNKNOWN
author_grid_component:7_5_X1200_Y0800_S050,7_5,7_5_X1200_Y0800_S050,2020-04-08,4,4369,4282,87,0,0.0,0,0,0,0,[],UNKNOWN
author_grid_component:7_5_X1200_Y0800_S050,7_5,7_5_X1200_Y0800_S050,2020-05-08,1,0,0,0,0,,0,0,0,0,[],UNKNOWN
author_grid_component:7_5_X1200_Y0800_S050,7_5,7_5_X1200_Y0800_S050,2020-12-09,4,4709,2088,2621,0,0.0,0,0,0,0,[],UNKNOWN
author_grid_component:7_5_X1200_Y0800_S050,7_5,7_5_X1200_Y0800_S050,2020-12-29,4,3281,2353,928,0,0.0,0,0,0,0,[],UNKNOWN
author_grid_component:7_5_X1300_Y0750_S050,7_5,7_5_X1300_Y0750_S050,2019-01-29,4,14799,12586,2213,0,0.0,0,0,0,0,[],UNKNOWN
author_grid_component:7_5_X1300_Y0750_S050,7_5,7_5_X1300_Y0750_S050,2019-04-24,4,16334,7263,9071,0,0.0,0,0,0,0,[],UNKNOWN
author_grid_component:7_5_X1300_Y0750_S050,7_5,7_5_X1300_Y0750_S050,2019-04-29,1,0,0,0,0,,0,0,0,0,[],UNKNOWN
author_grid_component:7_5_X1300_Y0750_S050,7_5,7_5_X1300_Y0750_S050,2019-05-24,4,15239,12818,2421,0,0.0,0,0,0,0,[],UNKNOWN
author_grid_component:7_5_X1300_Y0750_S050,7_5,7_5_X1300_Y0750_S050,2019-05-29,4,15988,11855,4133,0,0.0,0,0,0,0,[],UNKNOWN
author_grid_component:7_5_X1300_Y0750_S050,7_5,7_5_X1300_Y0750_S050,2019-10-11,4,15681,12242,3439,0,0.0,0,0,0,0,[],UNKNOWN
author_grid_component:7_5_X1300_Y0750_S050,7_5,7_5_X1300_Y0750_S050,2019-11-20,4,16376,12887,3489,0,0.0,0,0,0,0,[],UNKNOWN
author_grid_component:7_5_X1300_Y0750_S050,7_5,7_5_X1300_Y0750_S050,2019-11-30,4,16383,14449,1934,0,0.0,0,0,0,0,[],UNKNOWN
author_grid_component:7_5_X1300_Y0750_S050,7_5,7_5_X1300_Y0750_S050,2019-12-15,4,14927,13621,1306,0,0.0,0,0,0,0,[],UNKNOWN
author_grid_component:7_5_X1300_Y0750_S050,7_5,7_5_X1300_Y0750_S050,2020-02-08,4,13300,13294,6,0,0.0,0,0,0,0,[],UNKNOWN
author_grid_component:7_5_X1300_Y0750_S050,7_5,7_5_X1300_Y0750_S050,2020-02-28,4,14355,14315,40,0,0.0,0,0,0,0,[],UNKNOWN
author_grid_component:7_5_X1300_Y0750_S050,7_5,7_5_X1300_Y0750_S050,2020-03-14,4,15610,14564,1046,0,0.0,0,0,0,0,[],UNKNOWN
author_grid_component:7_5_X1300_Y0750_S050,7_5,7_5_X1300_Y0750_S050,2020-04-08,4,15961,15102,859,0,0.0,0,0,0,0,[],UNKNOWN
author_grid_component:7_5_X1300_Y0750_S050,7_5,7_5_X1300_Y0750_S050,2020-05-08,1,0,0,0,0,,0,0,0,0,[],UNKNOWN
author_grid_component:7_5_X1300_Y0750_S050,7_5,7_5_X1300_Y0750_S050,2020-12-09,4,15485,14500,985,0,0.0,0,0,0,0,[],UNKNOWN
author_grid_component:7_5_X1300_Y0750_S050,7_5,7_5_X1300_Y0750_S050,2020-12-29,4,15114,12199,2915,0,0.0,0,0,0,0,[],UNKNOWN
author_grid_component:7_5_X1300_Y0900_S050,7_5,7_5_X1300_Y0900_S050,2019-01-29,4,12882,12882,0,0,0.0,0,0,0,0,[],UNKNOWN
author_grid_component:7_5_X1300_Y0900_S050,7_5,7_5_X1300_Y0900_S050,2019-03-25,4,4091,2453,1638,0,0.0,0,0,0,0,[],UNKNOWN
author_grid_component:7_5_X1300_Y0900_S050,7_5,7_5_X1300_Y0900_S050,2019-04-24,4,8596,2846,5697,53,0.6165658445788739,1,1,1,1,['7_5'],UNKNOWN
author_grid_component:7_5_X1300_Y0900_S050,7_5,7_5_X1300_Y0900_S050,2019-05-19,1,0,0,0,0,,0,0,0,0,[],UNKNOWN
author_grid_component:7_5_X1300_Y0900_S050,7_5,7_5_X1300_Y0900_S050,2019-05-24,4,8929,5244,3685,0,0.0,0,0,0,0,[],UNKNOWN
author_grid_component:7_5_X1300_Y0900_S050,7_5,7_5_X1300_Y0900_S050,2019-05-29,4,9254,6917,2337,0,0.0,0,0,0,0,[],UNKNOWN
author_grid_component:7_5_X1300_Y0900_S050,7_5,7_5_X1300_Y0900_S050,2019-06-23,1,0,0,0,0,,0,0,0,0,[],UNKNOWN
author_grid_component:7_5_X1300_Y0900_S050,7_5,7_5_X1300_Y0900_S050,2019-11-20,4,6175,1346,4829,0,0.0,0,0,0,0,[],UNKNOWN
author_grid_component:7_5_X1300_Y0900_S050,7_5,7_5_X1300_Y0900_S050,2019-11-30,4,8863,5470,3368,25,0.2820715333408552,1,1,1,1,['7_5'],UNKNOWN
author_grid_component:7_5_X1300_Y0900_S050,7_5,7_5_X1300_Y0900_S050,2019-12-15,4,14512,8046,6466,0,0.0,0,0,0,0,[],UNKNOWN
author_grid_component:7_5_X1300_Y0900_S050,7_5,7_5_X1300_Y0900_S050,2020-02-28,4,11581,11577,4,0,0.0,0,0,0,0,[],UNKNOWN
author_grid_component:7_5_X1300_Y0900_S050,7_5,7_5_X1300_Y0900_S050,2020-04-08,4,5113,3792,1321,0,0.0,0,0,0,0,[],UNKNOWN
author_grid_component:7_5_X1300_Y0900_S050,7_5,7_5_X1300_Y0900_S050,2020-05-08,1,0,0,0,0,,0,0,0,0,[],UNKNOWN
author_grid_component:7_5_X1300_Y0900_S050,7_5,7_5_X1300_Y0900_S050,2020-11-24,4,8979,8906,73,0,0.0,0,0,0,0,[],UNKNOWN
author_grid_component:7_5_X1300_Y0900_S050,7_5,7_5_X1300_Y0900_S050,2020-12-09,4,12136,11181,955,0,0.0,0,0,0,0,[],UNKNOWN
author_grid_component:7_5_X1300_Y0900_S050,7_5,7_5_X1300_Y0900_S050,2020-12-29,4,8488,8488,0,0,0.0,0,0,0,0,[],UNKNOWN
author_grid_component:7_5_X1300_Y0900_S050,7_5,7_5_X1300_Y0950_S050,2019-01-29,4,8654,2341,6313,0,0.0,0,0,0,0,[],UNKNOWN
author_grid_component:7_5_X1300_Y0900_S050,7_5,7_5_X1300_Y0950_S050,2019-03-25,4,7960,3168,4792,0,0.0,0,0,0,0,[],UNKNOWN
author_grid_component:7_5_X1300_Y0900_S050,7_5,7_5_X1300_Y0950_S050,2019-04-24,4,5127,1353,3569,205,3.998439633313829,1,1,1,1,['7_5'],UNKNOWN
author_grid_component:7_5_X1300_Y0900_S050,7_5,7_5_X1300_Y0950_S050,2019-05-19,1,0,0,0,0,,0,0,0,0,[],UNKNOWN
author_grid_component:7_5_X1300_Y0900_S050,7_5,7_5_X1300_Y0950_S050,2019-05-24,4,2741,1248,1493,0,0.0,0,0,0,0,[],UNKNOWN
author_grid_component:7_5_X1300_Y0900_S050,7_5,7_5_X1300_Y0950_S050,2019-05-29,4,6414,3443,2971,0,0.0,0,0,0,0,[],UNKNOWN
author_grid_component:7_5_X1300_Y0900_S050,7_5,7_5_X1300_Y0950_S050,2019-06-23,1,0,0,0,0,,0,0,0,0,[],UNKNOWN
author_grid_component:7_5_X1300_Y0900_S050,7_5,7_5_X1300_Y0950_S050,2019-11-20,4,6813,0,6813,0,0.0,0,0,0,0,[],UNKNOWN
author_grid_component:7_5_X1300_Y0900_S050,7_5,7_5_X1300_Y0950_S050,2019-11-30,4,11557,1954,9603,0,0.0,0,0,0,0,[],UNKNOWN
author_grid_component:7_5_X1300_Y0900_S050,7_5,7_5_X1300_Y0950_S050,2019-12-15,4,6623,2173,4450,0,0.0,0,0,0,0,[],UNKNOWN
author_grid_component:7_5_X1300_Y0900_S050,7_5,7_5_X1300_Y0950_S050,2020-02-28,4,9651,2847,6804,0,0.0,0,0,0,0,[],UNKNOWN
author_grid_component:7_5_X1300_Y0900_S050,7_5,7_5_X1300_Y0950_S050,2020-04-08,4,7554,1105,6449,0,0.0,0,0,0,0,[],UNKNOWN
author_grid_component:7_5_X1300_Y0900_S050,7_5,7_5_X1300_Y0950_S050,2020-05-08,1,0,0,0,0,,0,0,0,0,[],UNKNOWN
author_grid_component:7_5_X1300_Y0900_S050,7_5,7_5_X1300_Y0950_S050,2020-11-24,4,8746,1759,6987,0,0.0,0,0,0,0,[],UNKNOWN
author_grid_component:7_5_X1300_Y0900_S050,7_5,7_5_X1300_Y0950_S050,2020-12-09,4,8329,6984,1345,0,0.0,0,0,0,0,[],UNKNOWN
author_grid_component:7_5_X1300_Y0900_S050,7_5,7_5_X1300_Y0950_S050,2020-12-29,4,10658,9258,1400,0,0.0,0,0,0,0,[],UNKNOWN
author_grid_component:7_5_X1300_Y0900_S050,7_5,7_5_X1350_Y0850_S050,2019-01-29,4,5950,2428,3522,0,0.0,0,0,0,0,[],UNKNOWN
author_grid_component:7_5_X1300_Y0900_S050,7_5,7_5_X1350_Y0850_S050,2019-03-25,4,11054,3567,7487,0,0.0,0,0,0,0,[],UNKNOWN
author_grid_component:7_5_X1300_Y0900_S050,7_5,7_5_X1350_Y0850_S050,2019-04-24,4,7616,732,6884,0,0.0,0,0,0,0,[],UNKNOWN
author_grid_component:7_5_X1300_Y0900_S050,7_5,7_5_X1350_Y0850_S050,2019-05-19,1,0,0,0,0,,0,0,0,0,[],UNKNOWN
author_grid_component:7_5_X1300_Y0900_S050,7_5,7_5_X1350_Y0850_S050,2019-05-24,4,9526,4014,5512,0,0.0,0,0,0,0,[],UNKNOWN
author_grid_component:7_5_X1300_Y0900_S050,7_5,7_5_X1350_Y0850_S050,2019-05-29,4,9751,5561,4190,0,0.0,0,0,0,0,[],UNKNOWN
author_grid_component:7_5_X1300_Y0900_S050,7_5,7_5_X1350_Y0850_S050,2019-06-23,1,0,0,0,0,,0,0,0,0,[],UNKNOWN
author_grid_component:7_5_X1300_Y0900_S050,7_5,7_5_X1350_Y0850_S050,2019-11-20,4,5605,4204,1401,0,0.0,0,0,0,0,[],UNKNOWN
author_grid_component:7_5_X1300_Y0900_S050,7_5,7_5_X1350_Y0850_S050,2019-11-30,4,16154,12713,3441,0,0.0,0,0,0,0,[],UNKNOWN
author_grid_component:7_5_X1300_Y0900_S050,7_5,7_5_X1350_Y0850_S050,2019-12-15,4,12281,6244,6037,0,0.0,0,0,0,0,[],UNKNOWN
author_grid_component:7_5_X1300_Y0900_S050,7_5,7_5_X1350_Y0850_S050,2020-02-28,4,9873,8291,1582,0,0.0,0,0,0,0,[],UNKNOWN
author_grid_component:7_5_X1300_Y0900_S050,7_5,7_5_X1350_Y0850_S050,2020-04-08,4,11784,3181,8603,0,0.0,0,0,0,0,[],UNKNOWN
author_grid_component:7_5_X1300_Y0900_S050,7_5,7_5_X1350_Y0850_S050,2020-05-08,1,0,0,0,0,,0,0,0,0,[],UNKNOWN
author_grid_component:7_5_X1300_Y0900_S050,7_5,7_5_X1350_Y0850_S050,2020-11-24,4,16066,16010,56,0,0.0,0,0,0,0,[],UNKNOWN
author_grid_component:7_5_X1300_Y0900_S050,7_5,7_5_X1350_Y0850_S050,2020-12-09,4,10846,10837,9,0,0.0,0,0,0,0,[],UNKNOWN
author_grid_component:7_5_X1300_Y0900_S050,7_5,7_5_X1350_Y0850_S050,2020-12-29,4,11602,10215,1387,0,0.0,0,0,0,0,[],UNKNOWN
author_grid_component:7_5_X1300_Y0900_S050,7_5,7_5_X1400_Y0850_S050,2019-01-29,4,13078,692,12386,0,0.0,0,0,0,0,[],UNKNOWN
author_grid_component:7_5_X1300_Y0900_S050,7_5,7_5_X1400_Y0850_S050,2019-03-25,4,9178,1740,7438,0,0.0,0,0,0,0,[],UNKNOWN
author_grid_component:7_5_X1300_Y0900_S050,7_5,7_5_X1400_Y0850_S050,2019-04-24,4,7421,288,7133,0,0.0,0,0,0,0,[],UNKNOWN
author_grid_component:7_5_X1300_Y0900_S050,7_5,7_5_X1400_Y0850_S050,2019-05-19,1,0,0,0,0,,0,0,0,0,[],UNKNOWN
author_grid_component:7_5_X1300_Y0900_S050,7_5,7_5_X1400_Y0850_S050,2019-05-24,4,5994,1036,4958,0,0.0,0,0,0,0,[],UNKNOWN
author_grid_component:7_5_X1300_Y0900_S050,7_5,7_5_X1400_Y0850_S050,2019-05-29,4,6342,2126,4216,0,0.0,0,0,0,0,[],UNKNOWN
author_grid_component:7_5_X1300_Y0900_S050,7_5,7_5_X1400_Y0850_S050,2019-06-23,1,0,0,0,0,,0,0,0,0,[],UNKNOWN
author_grid_component:7_5_X1300_Y0900_S050,7_5,7_5_X1400_Y0850_S050,2019-11-20,4,6679,3828,2851,0,0.0,0,0,0,0,[],UNKNOWN
author_grid_component:7_5_X1300_Y0900_S050,7_5,7_5_X1400_Y0850_S050,2019-11-30,4,5507,5,5502,0,0.0,0,0,0,0,[],UNKNOWN
author_grid_component:7_5_X1300_Y0900_S050,7_5,7_5_X1400_Y0850_S050,2019-12-15,4,10136,3537,6599,0,0.0,0,0,0,0,[],UNKNOWN
author_grid_component:7_5_X1300_Y0900_S050,7_5,7_5_X1400_Y0850_S050,2020-02-28,4,4638,2006,2632,0,0.0,0,0,0,0,[],UNKNOWN
author_grid_component:7_5_X1300_Y0900_S050,7_5,7_5_X1400_Y0850_S050,2020-04-08,4,6910,1303,5607,0,0.0,0,0,0,0,[],UNKNOWN
author_grid_component:7_5_X1300_Y0900_S050,7_5,7_5_X1400_Y0850_S050,2020-05-08,1,0,0,0,0,,0,0,0,0,[],UNKNOWN
author_grid_component:7_5_X1300_Y0900_S050,7_5,7_5_X1400_Y0850_S050,2020-11-24,4,13590,11296,2294,0,0.0,0,0,0,0,[],UNKNOWN
author_grid_component:7_5_X1300_Y0900_S050,7_5,7_5_X1400_Y0850_S050,2020-12-09,4,6268,5862,406,0,0.0,0,0,0,0,[],UNKNOWN
author_grid_component:7_5_X1300_Y0900_S050,7_5,7_5_X1400_Y0850_S050,2020-12-29,4,11455,1564,9891,0,0.0,0,0,0,0,[],UNKNOWN
author_grid_component:7_5_X1350_Y0550_S050,7_5,7_5_X1350_Y0550_S050,2019-01-29,4,12109,0,12109,0,0.0,0,0,0,0,[],UNKNOWN
author_grid_component:7_5_X1350_Y0550_S050,7_5,7_5_X1350_Y0550_S050,2019-04-24,4,9586,42,9544,0,0.0,0,0,0,0,[],UNKNOWN
author_grid_component:7_5_X1350_Y0550_S050,7_5,7_5_X1350_Y0550_S050,2019-04-29,1,0,0,0,0,,0,0,0,0,[],UNKNOWN
author_grid_component:7_5_X1350_Y0550_S050,7_5,7_5_X1350_Y0550_S050,2019-05-24,4,6574,0,6574,0,0.0,0,0,0,0,[],UNKNOWN
author_grid_component:7_5_X1350_Y0550_S050,7_5,7_5_X1350_Y0550_S050,2019-05-29,4,11834,217,11617,0,0.0,0,0,0,0,[],UNKNOWN
author_grid_component:7_5_X1350_Y0550_S050,7_5,7_5_X1350_Y0550_S050,2019-10-11,4,6429,797,5632,0,0.0,0,0,0,0,[],UNKNOWN
author_grid_component:7_5_X1350_Y0550_S050,7_5,7_5_X1350_Y0550_S050,2019-11-20,4,9535,23,9512,0,0.0,0,0,0,0,[],UNKNOWN
author_grid_component:7_5_X1350_Y0550_S050,7_5,7_5_X1350_Y0550_S050,2019-11-30,4,14185,0,14185,0,0.0,0,0,0,0,[],UNKNOWN
author_grid_component:7_5_X1350_Y0550_S050,7_5,7_5_X1350_Y0550_S050,2019-12-15,4,12679,130,12549,0,0.0,0,0,0,0,[],UNKNOWN
author_grid_component:7_5_X1350_Y0550_S050,7_5,7_5_X1350_Y0550_S050,2020-02-08,4,8847,405,8442,0,0.0,0,0,0,0,[],UNKNOWN
author_grid_component:7_5_X1350_Y0550_S050,7_5,7_5_X1350_Y0550_S050,2020-02-28,4,7795,87,7708,0,0.0,0,0,0,0,[],UNKNOWN
author_grid_component:7_5_X1350_Y0550_S050,7_5,7_5_X1350_Y0550_S050,2020-03-14,4,2351,0,2351,0,0.0,0,0,0,0,[],UNKNOWN
author_grid_component:7_5_X1350_Y0550_S050,7_5,7_5_X1350_Y0550_S050,2020-04-08,4,5698,2826,2872,0,0.0,0,0,0,0,[],UNKNOWN
author_grid_component:7_5_X1350_Y0550_S050,7_5,7_5_X1350_Y0550_S050,2020-05-08,1,0,0,0,0,,0,0,0,0,[],UNKNOWN
author_grid_component:7_5_X1350_Y0550_S050,7_5,7_5_X1350_Y0550_S050,2020-12-09,4,9862,2052,7810,0,0.0,0,0,0,0,[],UNKNOWN
author_grid_component:7_5_X1350_Y0550_S050,7_5,7_5_X1350_Y0550_S050,2020-12-29,4,2467,302,2165,0,0.0,0,0,0,0,[],UNKNOWN
author_grid_component:7_5_X1350_Y1100_S050,7_5,7_5_X1350_Y1100_S050,2019-01-29,4,16024,610,15414,0,0.0,0,0,0,0,[],UNKNOWN
author_grid_component:7_5_X1350_Y1100_S050,7_5,7_5_X1350_Y1100_S050,2019-03-25,4,16165,12225,3940,0,0.0,0,0,0,0,[],UNKNOWN
author_grid_component:7_5_X1350_Y1100_S050,7_5,7_5_X1350_Y1100_S050,2019-04-24,4,15776,8667,7109,0,0.0,0,0,0,0,[],UNKNOWN
author_grid_component:7_5_X1350_Y1100_S050,7_5,7_5_X1350_Y1100_S050,2019-05-19,1,0,0,0,0,,0,0,0,0,[],UNKNOWN
author_grid_component:7_5_X1350_Y1100_S050,7_5,7_5_X1350_Y1100_S050,2019-05-24,4,16058,15137,921,0,0.0,0,0,0,0,[],UNKNOWN
author_grid_component:7_5_X1350_Y1100_S050,7_5,7_5_X1350_Y1100_S050,2019-05-29,4,8492,8238,254,0,0.0,0,0,0,0,[],UNKNOWN
author_grid_component:7_5_X1350_Y1100_S050,7_5,7_5_X1350_Y1100_S050,2019-06-23,1,0,0,0,0,,0,0,0,0,[],UNKNOWN
author_grid_component:7_5_X1350_Y1100_S050,7_5,7_5_X1350_Y1100_S050,2019-11-20,4,15678,9644,6034,0,0.0,0,0,0,0,[],UNKNOWN
author_grid_component:7_5_X1350_Y1100_S050,7_5,7_5_X1350_Y1100_S050,2019-11-30,4,15474,13033,2441,0,0.0,0,0,0,0,[],UNKNOWN
author_grid_component:7_5_X1350_Y1100_S050,7_5,7_5_X1350_Y1100_S050,2019-12-15,4,15488,8889,6599,0,0.0,0,0,0,0,[],UNKNOWN
author_grid_component:7_5_X1350_Y1100_S050,7_5,7_5_X1350_Y1100_S050,2020-02-28,4,15581,10608,4973,0,0.0,0,0,0,0,[],UNKNOWN
author_grid_component:7_5_X1350_Y1100_S050,7_5,7_5_X1350_Y1100_S050,2020-04-08,4,15965,5892,10073,0,0.0,0,0,0,0,[],UNKNOWN
author_grid_component:7_5_X1350_Y1100_S050,7_5,7_5_X1350_Y1100_S050,2020-05-08,1,0,0,0,0,,0,0,0,0,[],UNKNOWN
author_grid_component:7_5_X1350_Y1100_S050,7_5,7_5_X1350_Y1100_S050,2020-11-24,4,15140,7441,7699,0,0.0,0,0,0,0,[],UNKNOWN
author_grid_component:7_5_X1350_Y1100_S050,7_5,7_5_X1350_Y1100_S050,2020-12-09,4,15950,10546,5404,0,0.0,0,0,0,0,[],UNKNOWN
author_grid_component:7_5_X1350_Y1100_S050,7_5,7_5_X1350_Y1100_S050,2020-12-29,4,15509,5569,9940,0,0.0,0,0,0,0,[],UNKNOWN
author_grid_component:7_5_X1350_Y1100_S050,7_5,7_5_X1400_Y1050_S050,2019-01-29,4,16191,730,15461,0,0.0,0,0,0,0,[],UNKNOWN
author_grid_component:7_5_X1350_Y1100_S050,7_5,7_5_X1400_Y1050_S050,2019-03-25,4,15922,5166,10756,0,0.0,0,0,0,0,[],UNKNOWN
author_grid_component:7_5_X1350_Y1100_S050,7_5,7_5_X1400_Y1050_S050,2019-04-24,4,15678,3160,12518,0,0.0,0,0,0,0,[],UNKNOWN
author_grid_component:7_5_X1350_Y1100_S050,7_5,7_5_X1400_Y1050_S050,2019-05-19,1,0,0,0,0,,0,0,0,0,[],UNKNOWN
author_grid_component:7_5_X1350_Y1100_S050,7_5,7_5_X1400_Y1050_S050,2019-05-24,4,16216,4872,11344,0,0.0,0,0,0,0,[],UNKNOWN
author_grid_component:7_5_X1350_Y1100_S050,7_5,7_5_X1400_Y1050_S050,2019-05-29,4,14807,3942,10865,0,0.0,0,0,0,0,[],UNKNOWN
author_grid_component:7_5_X1350_Y1100_S050,7_5,7_5_X1400_Y1050_S050,2019-06-23,1,0,0,0,0,,0,0,0,0,[],UNKNOWN
author_grid_component:7_5_X1350_Y1100_S050,7_5,7_5_X1400_Y1050_S050,2019-11-20,4,16084,4513,11571,0,0.0,0,0,0,0,[],UNKNOWN
author_grid_component:7_5_X1350_Y1100_S050,7_5,7_5_X1400_Y1050_S050,2019-11-30,4,15455,2248,13207,0,0.0,0,0,0,0,[],UNKNOWN
author_grid_component:7_5_X1350_Y1100_S050,7_5,7_5_X1400_Y1050_S050,2019-12-15,4,15889,13132,2757,0,0.0,0,0,0,0,[],UNKNOWN
author_grid_component:7_5_X1350_Y1100_S050,7_5,7_5_X1400_Y1050_S050,2020-02-28,4,16133,7711,8422,0,0.0,0,0,0,0,[],UNKNOWN
author_grid_component:7_5_X1350_Y1100_S050,7_5,7_5_X1400_Y1050_S050,2020-04-08,4,16178,2133,14045,0,0.0,0,0,0,0,[],UNKNOWN
author_grid_component:7_5_X1350_Y1100_S050,7_5,7_5_X1400_Y1050_S050,2020-05-08,1,0,0,0,0,,0,0,0,0,[],UNKNOWN
author_grid_component:7_5_X1350_Y1100_S050,7_5,7_5_X1400_Y1050_S050,2020-11-24,4,15981,13527,2454,0,0.0,0,0,0,0,[],UNKNOWN
author_grid_component:7_5_X1350_Y1100_S050,7_5,7_5_X1400_Y1050_S050,2020-12-09,4,16157,15684,473,0,0.0,0,0,0,0,[],UNKNOWN
author_grid_component:7_5_X1350_Y1100_S050,7_5,7_5_X1400_Y1050_S050,2020-12-29,4,15338,13735,1603,0,0.0,0,0,0,0,[],UNKNOWN
author_grid_component:7_5_X1450_Y0500_S050,7_5,7_5_X1450_Y0500_S050,2019-01-04,4,3001,3001,0,0,0.0,0,0,0,0,[],UNKNOWN
author_grid_component:7_5_X1450_Y0500_S050,7_5,7_5_X1450_Y0500_S050,2019-01-29,65,179097,179097,0,0,0.0,0,0,0,0,[],UNKNOWN
author_grid_component:7_5_X1450_Y0500_S050,7_5,7_5_X1450_Y0500_S050,2019-02-08,1,0,0,0,0,,0,0,0,0,[],UNKNOWN
author_grid_component:7_5_X1450_Y0500_S050,7_5,7_5_X1450_Y0500_S050,2019-04-24,10,19642,19642,0,0,0.0,0,0,0,0,[],UNKNOWN
author_grid_component:7_5_X1450_Y0500_S050,7_5,7_5_X1450_Y0500_S050,2019-11-20,59,153452,153452,0,0,0.0,0,0,0,0,[],UNKNOWN
author_grid_component:7_5_X1450_Y0500_S050,7_5,7_5_X1450_Y0500_S050,2019-11-30,67,179721,177858,1863,0,0.0,0,0,0,0,[],UNKNOWN
author_grid_component:7_5_X1450_Y0500_S050,7_5,7_5_X1450_Y0500_S050,2019-12-15,61,165523,165506,17,0,0.0,0,0,0,0,[],UNKNOWN
author_grid_component:7_5_X1450_Y0500_S050,7_5,7_5_X1450_Y0500_S050,2019-12-25,1,0,0,0,0,,0,0,0,0,[],UNKNOWN
author_grid_component:7_5_X1450_Y0500_S050,7_5,7_5_X1450_Y0500_S050,2020-02-03,4,10233,10233,0,0,0.0,0,0,0,0,[],UNKNOWN
author_grid_component:7_5_X1450_Y0500_S050,7_5,7_5_X1450_Y0500_S050,2020-02-08,65,174828,174791,37,0,0.0,0,0,0,0,[],UNKNOWN
author_grid_component:7_5_X1450_Y0500_S050,7_5,7_5_X1450_Y0500_S050,2020-02-28,66,170382,170382,0,0,0.0,0,0,0,0,[],UNKNOWN
author_grid_component:7_5_X1450_Y0500_S050,7_5,7_5_X1450_Y0500_S050,2020-03-14,65,178045,178045,0,0,0.0,0,0,0,0,[],UNKNOWN
author_grid_component:7_5_X1450_Y0500_S050,7_5,7_5_X1450_Y0500_S050,2020-03-29,4,14453,14450,3,0,0.0,0,0,0,0,[],UNKNOWN
author_grid_component:7_5_X1450_Y0500_S050,7_5,7_5_X1450_Y0500_S050,2020-04-08,62,126854,126854,0,0,0.0,0,0,0,0,[],UNKNOWN
author_grid_component:7_5_X1450_Y0500_S050,7_5,7_5_X1450_Y0500_S050,2020-12-09,4,13600,10754,2846,0,0.0,0,0,0,0,[],UNKNOWN
author_grid_component:7_5_X1450_Y0500_S050,7_5,7_5_X1450_Y0500_S050,2020-12-29,4,2342,2315,27,0,0.0,0,0,0,0,[],UNKNOWN
author_grid_component:7_5_X1450_Y0500_S050,7_5,7_5_X1500_Y0550_S050,2019-01-04,10,22190,21435,755,0,0.0,0,0,0,0,[],UNKNOWN
author_grid_component:7_5_X1450_Y0500_S050,7_5,7_5_X1500_Y0550_S050,2019-01-29,61,174784,146024,28760,0,0.0,0,0,0,0,[],UNKNOWN
author_grid_component:7_5_X1450_Y0500_S050,7_5,7_5_X1500_Y0550_S050,2019-02-08,1,0,0,0,0,,0,0,0,0,[],UNKNOWN
author_grid_component:7_5_X1450_Y0500_S050,7_5,7_5_X1500_Y0550_S050,2019-04-24,12,39747,33466,6281,0,0.0,0,0,0,0,[],UNKNOWN
author_grid_component:7_5_X1450_Y0500_S050,7_5,7_5_X1500_Y0550_S050,2019-11-20,61,174243,171693,2550,0,0.0,0,0,0,0,[],UNKNOWN
author_grid_component:7_5_X1450_Y0500_S050,7_5,7_5_X1500_Y0550_S050,2019-11-30,65,185256,159851,25405,0,0.0,0,0,0,0,[],UNKNOWN
author_grid_component:7_5_X1450_Y0500_S050,7_5,7_5_X1500_Y0550_S050,2019-12-05,9,27226,15007,12219,0,0.0,0,0,0,0,[],UNKNOWN
author_grid_component:7_5_X1450_Y0500_S050,7_5,7_5_X1500_Y0550_S050,2019-12-15,58,175107,130960,44147,0,0.0,0,0,0,0,[],UNKNOWN
author_grid_component:7_5_X1450_Y0500_S050,7_5,7_5_X1500_Y0550_S050,2019-12-25,1,0,0,0,0,,0,0,0,0,[],UNKNOWN
author_grid_component:7_5_X1450_Y0500_S050,7_5,7_5_X1500_Y0550_S050,2020-02-03,11,29762,20985,8777,0,0.0,0,0,0,0,[],UNKNOWN
author_grid_component:7_5_X1450_Y0500_S050,7_5,7_5_X1500_Y0550_S050,2020-02-08,63,180742,139619,41123,0,0.0,0,0,0,0,[],UNKNOWN
author_grid_component:7_5_X1450_Y0500_S050,7_5,7_5_X1500_Y0550_S050,2020-02-23,9,27211,553,26658,0,0.0,0,0,0,0,[],UNKNOWN
author_grid_component:7_5_X1450_Y0500_S050,7_5,7_5_X1500_Y0550_S050,2020-02-28,62,176347,98243,78104,0,0.0,0,0,0,0,[],UNKNOWN
author_grid_component:7_5_X1450_Y0500_S050,7_5,7_5_X1500_Y0550_S050,2020-03-14,64,178481,139379,39102,0,0.0,0,0,0,0,[],UNKNOWN
author_grid_component:7_5_X1450_Y0500_S050,7_5,7_5_X1500_Y0550_S050,2020-03-24,8,26599,17540,9059,0,0.0,0,0,0,0,[],UNKNOWN
author_grid_component:7_5_X1450_Y0500_S050,7_5,7_5_X1500_Y0550_S050,2020-03-29,12,32138,26017,6121,0,0.0,0,0,0,0,[],UNKNOWN
author_grid_component:7_5_X1450_Y0500_S050,7_5,7_5_X1500_Y0550_S050,2020-04-03,8,25697,18990,6707,0,0.0,0,0,0,0,[],UNKNOWN
author_grid_component:7_5_X1450_Y0500_S050,7_5,7_5_X1500_Y0550_S050,2020-04-08,66,177062,175955,1107,0,0.0,0,0,0,0,[],UNKNOWN
author_grid_component:7_5_X1450_Y0500_S050,7_5,7_5_X1500_Y0550_S050,2020-10-15,9,28075,106,27953,16,0.05699020480854853,1,1,1,1,['7_5'],UNKNOWN
author_grid_component:7_5_X1450_Y0500_S050,7_5,7_5_X1500_Y0550_S050,2020-12-09,4,13631,4472,9087,72,0.5282077617196097,1,1,1,1,['7_5'],UNKNOWN
author_grid_component:7_5_X1450_Y0500_S050,7_5,7_5_X1500_Y0550_S050,2020-12-29,4,14811,13374,1437,0,0.0,0,0,0,0,[],UNKNOWN
author_grid_component:7_5_X1500_Y1200_S050,7_5,7_5_X1500_Y1200_S050,2019-01-11,4,15994,11618,4376,0,0.0,0,0,0,0,[],UNKNOWN
author_grid_component:7_5_X1500_Y1200_S050,7_5,7_5_X1500_Y1200_S050,2019-02-05,4,16216,15945,271,0,0.0,0,0,0,0,[],UNKNOWN
author_grid_component:7_5_X1500_Y1200_S050,7_5,7_5_X1500_Y1200_S050,2019-02-28,4,15067,14781,286,0,0.0,0,0,0,0,[],UNKNOWN
author_grid_component:7_5_X1500_Y1200_S050,7_5,7_5_X1500_Y1200_S050,2019-03-22,4,16384,14864,1520,0,0.0,0,0,0,0,[],UNKNOWN
author_grid_component:7_5_X1500_Y1200_S050,7_5,7_5_X1500_Y1200_S050,2019-03-25,4,15970,14858,1112,0,0.0,0,0,0,0,[],UNKNOWN
author_grid_component:7_5_X1500_Y1200_S050,7_5,7_5_X1500_Y1200_S050,2019-04-21,4,15748,7859,7889,0,0.0,0,0,0,0,[],UNKNOWN
author_grid_component:7_5_X1500_Y1200_S050,7_5,7_5_X1500_Y1200_S050,2019-05-19,4,9864,7457,2407,0,0.0,0,0,0,0,[],UNKNOWN
author_grid_component:7_5_X1500_Y1200_S050,7_5,7_5_X1500_Y1200_S050,2019-05-24,4,15755,10760,4995,0,0.0,0,0,0,0,[],UNKNOWN
author_grid_component:7_5_X1500_Y1200_S050,7_5,7_5_X1500_Y1200_S050,2019-05-29,4,12388,11900,488,0,0.0,0,0,0,0,[],UNKNOWN
author_grid_component:7_5_X1500_Y1200_S050,7_5,7_5_X1500_Y1200_S050,2019-11-07,4,16384,15066,1318,0,0.0,0,0,0,0,[],UNKNOWN
author_grid_component:7_5_X1500_Y1200_S050,7_5,7_5_X1500_Y1200_S050,2019-12-02,1,0,0,0,0,,0,0,0,0,[],UNKNOWN
author_grid_component:7_5_X1500_Y1200_S050,7_5,7_5_X1500_Y1200_S050,2020-02-28,4,16294,13473,2821,0,0.0,0,0,0,0,[],UNKNOWN
author_grid_component:7_5_X1500_Y1200_S050,7_5,7_5_X1500_Y1200_S050,2020-04-08,4,15414,10310,5104,0,0.0,0,0,0,0,[],UNKNOWN
author_grid_component:7_5_X1500_Y1200_S050,7_5,7_5_X1500_Y1200_S050,2020-05-08,1,0,0,0,0,,0,0,0,0,[],UNKNOWN
author_grid_component:7_5_X1500_Y1200_S050,7_5,7_5_X1500_Y1200_S050,2020-05-13,4,16374,11960,4414,0,0.0,0,0,0,0,[],UNKNOWN
author_grid_component:7_5_X1500_Y1200_S050,7_5,7_5_X1500_Y1200_S050,2020-12-01,4,13317,13293,24,0,0.0,0,0,0,0,[],UNKNOWN
author_grid_component:7_5_X1500_Y1200_S050,7_5,7_5_X1550_Y1100_S050,2019-01-14,4,16350,16350,0,0,0.0,0,0,0,0,[],UNKNOWN
author_grid_component:7_5_X1500_Y1200_S050,7_5,7_5_X1550_Y1100_S050,2019-01-29,4,14154,13772,382,0,0.0,0,0,0,0,[],UNKNOWN
author_grid_component:7_5_X1500_Y1200_S050,7_5,7_5_X1550_Y1100_S050,2019-02-05,4,15406,15178,228,0,0.0,0,0,0,0,[],UNKNOWN
author_grid_component:7_5_X1500_Y1200_S050,7_5,7_5_X1550_Y1100_S050,2019-03-22,4,14071,11803,2268,0,0.0,0,0,0,0,[],UNKNOWN
author_grid_component:7_5_X1500_Y1200_S050,7_5,7_5_X1550_Y1100_S050,2019-04-21,4,16170,14994,1176,0,0.0,0,0,0,0,[],UNKNOWN
author_grid_component:7_5_X1500_Y1200_S050,7_5,7_5_X1550_Y1100_S050,2019-09-08,1,0,0,0,0,,0,0,0,0,[],UNKNOWN
author_grid_component:7_5_X1500_Y1200_S050,7_5,7_5_X1550_Y1100_S050,2019-10-21,4,16282,16275,7,0,0.0,0,0,0,0,[],UNKNOWN
author_grid_component:7_5_X1500_Y1200_S050,7_5,7_5_X1550_Y1100_S050,2019-11-30,4,16004,15223,781,0,0.0,0,0,0,0,[],UNKNOWN
author_grid_component:7_5_X1500_Y1200_S050,7_5,7_5_X1550_Y1100_S050,2019-12-02,1,0,0,0,0,,0,0,0,0,[],UNKNOWN
author_grid_component:7_5_X1500_Y1200_S050,7_5,7_5_X1550_Y1100_S050,2019-12-15,4,15812,15812,0,0,0.0,0,0,0,0,[],UNKNOWN
author_grid_component:7_5_X1500_Y1200_S050,7_5,7_5_X1550_Y1100_S050,2020-01-06,4,15534,15528,6,0,0.0,0,0,0,0,[],UNKNOWN
author_grid_component:7_5_X1500_Y1200_S050,7_5,7_5_X1550_Y1100_S050,2020-01-16,4,15516,14928,588,0,0.0,0,0,0,0,[],UNKNOWN
author_grid_component:7_5_X1500_Y1200_S050,7_5,7_5_X1550_Y1100_S050,2020-02-28,4,15109,14290,819,0,0.0,0,0,0,0,[],UNKNOWN
author_grid_component:7_5_X1500_Y1200_S050,7_5,7_5_X1550_Y1100_S050,2020-04-08,4,16184,14042,2142,0,0.0,0,0,0,0,[],UNKNOWN
author_grid_component:7_5_X1500_Y1200_S050,7_5,7_5_X1550_Y1100_S050,2020-12-01,4,14763,14763,0,0,0.0,0,0,0,0,[],UNKNOWN
author_grid_component:7_5_X1500_Y1200_S050,7_5,7_5_X1550_Y1100_S050,2020-12-09,4,12018,12003,15,0,0.0,0,0,0,0,[],UNKNOWN
author_grid_component:7_5_X1500_Y1200_S050,7_5,7_5_X1550_Y1150_S050,2019-01-11,4,16259,16128,131,0,0.0,0,0,0,0,[],UNKNOWN
author_grid_component:7_5_X1500_Y1200_S050,7_5,7_5_X1550_Y1150_S050,2019-01-29,4,16384,15427,957,0,0.0,0,0,0,0,[],UNKNOWN
author_grid_component:7_5_X1500_Y1200_S050,7_5,7_5_X1550_Y1150_S050,2019-02-05,4,16384,16325,59,0,0.0,0,0,0,0,[],UNKNOWN
author_grid_component:7_5_X1500_Y1200_S050,7_5,7_5_X1550_Y1150_S050,2019-03-22,4,16328,15958,370,0,0.0,0,0,0,0,[],UNKNOWN
author_grid_component:7_5_X1500_Y1200_S050,7_5,7_5_X1550_Y1150_S050,2019-03-25,4,16384,16375,9,0,0.0,0,0,0,0,[],UNKNOWN
author_grid_component:7_5_X1500_Y1200_S050,7_5,7_5_X1550_Y1150_S050,2019-04-21,4,16067,11340,4727,0,0.0,0,0,0,0,[],UNKNOWN
author_grid_component:7_5_X1500_Y1200_S050,7_5,7_5_X1550_Y1150_S050,2019-10-21,4,16384,16384,0,0,0.0,0,0,0,0,[],UNKNOWN
author_grid_component:7_5_X1500_Y1200_S050,7_5,7_5_X1550_Y1150_S050,2019-11-07,4,16089,14679,1410,0,0.0,0,0,0,0,[],UNKNOWN
author_grid_component:7_5_X1500_Y1200_S050,7_5,7_5_X1550_Y1150_S050,2019-12-02,1,0,0,0,0,,0,0,0,0,[],UNKNOWN
author_grid_component:7_5_X1500_Y1200_S050,7_5,7_5_X1550_Y1150_S050,2019-12-15,4,15330,15027,303,0,0.0,0,0,0,0,[],UNKNOWN
author_grid_component:7_5_X1500_Y1200_S050,7_5,7_5_X1550_Y1150_S050,2020-01-06,4,16258,16006,252,0,0.0,0,0,0,0,[],UNKNOWN
author_grid_component:7_5_X1500_Y1200_S050,7_5,7_5_X1550_Y1150_S050,2020-02-28,4,16307,12924,3383,0,0.0,0,0,0,0,[],UNKNOWN
author_grid_component:7_5_X1500_Y1200_S050,7_5,7_5_X1550_Y1150_S050,2020-04-08,4,15925,15298,627,0,0.0,0,0,0,0,[],UNKNOWN
author_grid_component:7_5_X1500_Y1200_S050,7_5,7_5_X1550_Y1150_S050,2020-09-05,4,16257,15864,393,0,0.0,0,0,0,0,[],UNKNOWN
author_grid_component:7_5_X1500_Y1200_S050,7_5,7_5_X1550_Y1150_S050,2020-12-01,4,9459,9459,0,0,0.0,0,0,0,0,[],UNKNOWN
author_grid_component:7_5_X1500_Y1200_S050,7_5,7_5_X1550_Y1150_S050,2020-12-09,4,16384,16375,9,0,0.0,0,0,0,0,[],UNKNOWN
author_grid_component:7_5_X1500_Y1200_S050,7_5,7_5_X1550_Y1200_S050,2019-01-11,4,13509,13504,5,0,0.0,0,0,0,0,[],UNKNOWN
author_grid_component:7_5_X1500_Y1200_S050,7_5,7_5_X1550_Y1200_S050,2019-01-29,4,14118,13879,239,0,0.0,0,0,0,0,[],UNKNOWN
author_grid_component:7_5_X1500_Y1200_S050,7_5,7_5_X1550_Y1200_S050,2019-02-05,4,11925,11925,0,0,0.0,0,0,0,0,[],UNKNOWN
author_grid_component:7_5_X1500_Y1200_S050,7_5,7_5_X1550_Y1200_S050,2019-03-22,4,12423,12423,0,0,0.0,0,0,0,0,[],UNKNOWN
author_grid_component:7_5_X1500_Y1200_S050,7_5,7_5_X1550_Y1200_S050,2019-03-25,4,16384,16367,17,0,0.0,0,0,0,0,[],UNKNOWN
author_grid_component:7_5_X1500_Y1200_S050,7_5,7_5_X1550_Y1200_S050,2019-04-21,4,12787,12787,0,0,0.0,0,0,0,0,[],UNKNOWN
author_grid_component:7_5_X1500_Y1200_S050,7_5,7_5_X1550_Y1200_S050,2019-10-21,4,14639,14639,0,0,0.0,0,0,0,0,[],UNKNOWN
author_grid_component:7_5_X1500_Y1200_S050,7_5,7_5_X1550_Y1200_S050,2019-11-07,4,16165,14556,1609,0,0.0,0,0,0,0,[],UNKNOWN
author_grid_component:7_5_X1500_Y1200_S050,7_5,7_5_X1550_Y1200_S050,2019-12-02,1,0,0,0,0,,0,0,0,0,[],UNKNOWN
author_grid_component:7_5_X1500_Y1200_S050,7_5,7_5_X1550_Y1200_S050,2019-12-15,4,16384,14925,1459,0,0.0,0,0,0,0,[],UNKNOWN
author_grid_component:7_5_X1500_Y1200_S050,7_5,7_5_X1550_Y1200_S050,2020-01-06,4,12867,12867,0,0,0.0,0,0,0,0,[],UNKNOWN
author_grid_component:7_5_X1500_Y1200_S050,7_5,7_5_X1550_Y1200_S050,2020-02-28,4,14268,14268,0,0,0.0,0,0,0,0,[],UNKNOWN
author_grid_component:7_5_X1500_Y1200_S050,7_5,7_5_X1550_Y1200_S050,2020-04-08,4,14541,14541,0,0,0.0,0,0,0,0,[],UNKNOWN
author_grid_component:7_5_X1500_Y1200_S050,7_5,7_5_X1550_Y1200_S050,2020-09-05,4,5119,4853,266,0,0.0,0,0,0,0,[],UNKNOWN
author_grid_component:7_5_X1500_Y1200_S050,7_5,7_5_X1550_Y1200_S050,2020-12-01,4,16229,16229,0,0,0.0,0,0,0,0,[],UNKNOWN
author_grid_component:7_5_X1500_Y1200_S050,7_5,7_5_X1550_Y1200_S050,2020-12-09,4,9104,9104,0,0,0.0,0,0,0,0,[],UNKNOWN
author_grid_component:7_5_X1500_Y1200_S050,7_5,7_5_X1550_Y1250_S050,2019-01-11,4,16315,15815,500,0,0.0,0,0,0,0,[],UNKNOWN
author_grid_component:7_5_X1500_Y1200_S050,7_5,7_5_X1550_Y1250_S050,2019-01-29,4,16384,15310,1074,0,0.0,0,0,0,0,[],UNKNOWN
author_grid_component:7_5_X1500_Y1200_S050,7_5,7_5_X1550_Y1250_S050,2019-02-05,4,16116,13876,2240,0,0.0,0,0,0,0,[],UNKNOWN
author_grid_component:7_5_X1500_Y1200_S050,7_5,7_5_X1550_Y1250_S050,2019-03-22,4,16274,16000,274,0,0.0,0,0,0,0,[],UNKNOWN
author_grid_component:7_5_X1500_Y1200_S050,7_5,7_5_X1550_Y1250_S050,2019-03-25,4,15543,14878,665,0,0.0,0,0,0,0,[],UNKNOWN
author_grid_component:7_5_X1500_Y1200_S050,7_5,7_5_X1550_Y1250_S050,2019-04-21,4,13298,12757,541,0,0.0,0,0,0,0,[],UNKNOWN
author_grid_component:7_5_X1500_Y1200_S050,7_5,7_5_X1550_Y1250_S050,2019-10-21,4,10854,10854,0,0,0.0,0,0,0,0,[],UNKNOWN
author_grid_component:7_5_X1500_Y1200_S050,7_5,7_5_X1550_Y1250_S050,2019-11-07,4,14881,14348,533,0,0.0,0,0,0,0,[],UNKNOWN
author_grid_component:7_5_X1500_Y1200_S050,7_5,7_5_X1550_Y1250_S050,2019-12-02,1,0,0,0,0,,0,0,0,0,[],UNKNOWN
author_grid_component:7_5_X1500_Y1200_S050,7_5,7_5_X1550_Y1250_S050,2019-12-15,4,16346,13657,2689,0,0.0,0,0,0,0,[],UNKNOWN
author_grid_component:7_5_X1500_Y1200_S050,7_5,7_5_X1550_Y1250_S050,2020-01-06,4,16339,15556,783,0,0.0,0,0,0,0,[],UNKNOWN
author_grid_component:7_5_X1500_Y1200_S050,7_5,7_5_X1550_Y1250_S050,2020-02-28,4,14968,14671,297,0,0.0,0,0,0,0,[],UNKNOWN
author_grid_component:7_5_X1500_Y1200_S050,7_5,7_5_X1550_Y1250_S050,2020-04-08,4,14419,14235,184,0,0.0,0,0,0,0,[],UNKNOWN
author_grid_component:7_5_X1500_Y1200_S050,7_5,7_5_X1550_Y1250_S050,2020-09-05,4,5133,5133,0,0,0.0,0,0,0,0,[],UNKNOWN
author_grid_component:7_5_X1500_Y1200_S050,7_5,7_5_X1550_Y1250_S050,2020-12-01,4,9207,8234,973,0,0.0,0,0,0,0,[],UNKNOWN
author_grid_component:7_5_X1500_Y1200_S050,7_5,7_5_X1550_Y1250_S050,2020-12-09,4,14755,13933,822,0,0.0,0,0,0,0,[],UNKNOWN
author_grid_component:7_5_X1500_Y1200_S050,7_5,7_5_X1600_Y1100_S050,2019-01-14,4,14821,13931,890,0,0.0,0,0,0,0,[],UNKNOWN
author_grid_component:7_5_X1500_Y1200_S050,7_5,7_5_X1600_Y1100_S050,2019-01-29,4,7017,7017,0,0,0.0,0,0,0,0,[],UNKNOWN
author_grid_component:7_5_X1500_Y1200_S050,7_5,7_5_X1600_Y1100_S050,2019-02-05,4,7175,7175,0,0,0.0,0,0,0,0,[],UNKNOWN
author_grid_component:7_5_X1500_Y1200_S050,7_5,7_5_X1600_Y1100_S050,2019-03-22,4,14521,12198,2323,0,0.0,0,0,0,0,[],UNKNOWN
author_grid_component:7_5_X1500_Y1200_S050,7_5,7_5_X1600_Y1100_S050,2019-04-21,4,8786,8786,0,0,0.0,0,0,0,0,[],UNKNOWN
author_grid_component:7_5_X1500_Y1200_S050,7_5,7_5_X1600_Y1100_S050,2019-09-08,1,0,0,0,0,,0,0,0,0,[],UNKNOWN
author_grid_component:7_5_X1500_Y1200_S050,7_5,7_5_X1600_Y1100_S050,2019-10-21,4,15249,15249,0,0,0.0,0,0,0,0,[],UNKNOWN
author_grid_component:7_5_X1500_Y1200_S050,7_5,7_5_X1600_Y1100_S050,2019-11-30,4,16326,14463,1863,0,0.0,0,0,0,0,[],UNKNOWN
author_grid_component:7_5_X1500_Y1200_S050,7_5,7_5_X1600_Y1100_S050,2019-12-02,1,0,0,0,0,,0,0,0,0,[],UNKNOWN
author_grid_component:7_5_X1500_Y1200_S050,7_5,7_5_X1600_Y1100_S050,2019-12-15,4,10884,10371,513,0,0.0,0,0,0,0,[],UNKNOWN
author_grid_component:7_5_X1500_Y1200_S050,7_5,7_5_X1600_Y1100_S050,2020-01-06,4,7223,7223,0,0,0.0,0,0,0,0,[],UNKNOWN
author_grid_component:7_5_X1500_Y1200_S050,7_5,7_5_X1600_Y1100_S050,2020-01-16,4,6102,6102,0,0,0.0,0,0,0,0,[],UNKNOWN
author_grid_component:7_5_X1500_Y1200_S050,7_5,7_5_X1600_Y1100_S050,2020-02-28,4,11920,11776,144,0,0.0,0,0,0,0,[],UNKNOWN
author_grid_component:7_5_X1500_Y1200_S050,7_5,7_5_X1600_Y1100_S050,2020-04-08,4,15508,14712,796,0,0.0,0,0,0,0,[],UNKNOWN
author_grid_component:7_5_X1500_Y1200_S050,7_5,7_5_X1600_Y1100_S050,2020-12-01,4,6498,6276,222,0,0.0,0,0,0,0,[],UNKNOWN
author_grid_component:7_5_X1500_Y1200_S050,7_5,7_5_X1600_Y1100_S050,2020-12-09,4,6605,6605,0,0,0.0,0,0,0,0,[],UNKNOWN
author_grid_component:7_5_X1500_Y1200_S050,7_5,7_5_X1600_Y1150_S050,2019-01-11,4,16384,16384,0,0,0.0,0,0,0,0,[],UNKNOWN
author_grid_component:7_5_X1500_Y1200_S050,7_5,7_5_X1600_Y1150_S050,2019-01-29,4,6489,6489,0,0,0.0,0,0,0,0,[],UNKNOWN
author_grid_component:7_5_X1500_Y1200_S050,7_5,7_5_X1600_Y1150_S050,2019-02-05,4,9184,9184,0,0,0.0,0,0,0,0,[],UNKNOWN
author_grid_component:7_5_X1500_Y1200_S050,7_5,7_5_X1600_Y1150_S050,2019-03-22,4,14065,13780,285,0,0.0,0,0,0,0,[],UNKNOWN
author_grid_component:7_5_X1500_Y1200_S050,7_5,7_5_X1600_Y1150_S050,2019-03-25,4,13791,13315,476,0,0.0,0,0,0,0,[],UNKNOWN
author_grid_component:7_5_X1500_Y1200_S050,7_5,7_5_X1600_Y1150_S050,2019-04-21,4,8686,8686,0,0,0.0,0,0,0,0,[],UNKNOWN
author_grid_component:7_5_X1500_Y1200_S050,7_5,7_5_X1600_Y1150_S050,2019-10-21,4,12455,12455,0,0,0.0,0,0,0,0,[],UNKNOWN
author_grid_component:7_5_X1500_Y1200_S050,7_5,7_5_X1600_Y1150_S050,2019-11-07,4,14117,13725,392,0,0.0,0,0,0,0,[],UNKNOWN
author_grid_component:7_5_X1500_Y1200_S050,7_5,7_5_X1600_Y1150_S050,2019-12-02,1,0,0,0,0,,0,0,0,0,[],UNKNOWN
author_grid_component:7_5_X1500_Y1200_S050,7_5,7_5_X1600_Y1150_S050,2019-12-15,4,8826,8826,0,0,0.0,0,0,0,0,[],UNKNOWN
author_grid_component:7_5_X1500_Y1200_S050,7_5,7_5_X1600_Y1150_S050,2020-01-06,4,5804,5804,0,0,0.0,0,0,0,0,[],UNKNOWN
author_grid_component:7_5_X1500_Y1200_S050,7_5,7_5_X1600_Y1150_S050,2020-02-28,4,8884,8884,0,0,0.0,0,0,0,0,[],UNKNOWN
author_grid_component:7_5_X1500_Y1200_S050,7_5,7_5_X1600_Y1150_S050,2020-04-08,4,16383,16363,20,0,0.0,0,0,0,0,[],UNKNOWN
author_grid_component:7_5_X1500_Y1200_S050,7_5,7_5_X1600_Y1150_S050,2020-09-05,4,16258,14309,1949,0,0.0,0,0,0,0,[],UNKNOWN
author_grid_component:7_5_X1500_Y1200_S050,7_5,7_5_X1600_Y1150_S050,2020-12-01,4,13610,13610,0,0,0.0,0,0,0,0,[],UNKNOWN
author_grid_component:7_5_X1500_Y1200_S050,7_5,7_5_X1600_Y1150_S050,2020-12-09,4,5228,5228,0,0,0.0,0,0,0,0,[],UNKNOWN
author_grid_component:7_5_X1500_Y1200_S050,7_5,7_5_X1600_Y1200_S050,2019-01-11,4,10223,10223,0,0,0.0,0,0,0,0,[],UNKNOWN
author_grid_component:7_5_X1500_Y1200_S050,7_5,7_5_X1600_Y1200_S050,2019-01-29,4,14489,14489,0,0,0.0,0,0,0,0,[],UNKNOWN
author_grid_component:7_5_X1500_Y1200_S050,7_5,7_5_X1600_Y1200_S050,2019-02-05,4,8299,8299,0,0,0.0,0,0,0,0,[],UNKNOWN
author_grid_component:7_5_X1500_Y1200_S050,7_5,7_5_X1600_Y1200_S050,2019-03-22,4,9384,9384,0,0,0.0,0,0,0,0,[],UNKNOWN
author_grid_component:7_5_X1500_Y1200_S050,7_5,7_5_X1600_Y1200_S050,2019-03-25,4,8579,8579,0,0,0.0,0,0,0,0,[],UNKNOWN
author_grid_component:7_5_X1500_Y1200_S050,7_5,7_5_X1600_Y1200_S050,2019-04-21,4,10144,10144,0,0,0.0,0,0,0,0,[],UNKNOWN
author_grid_component:7_5_X1500_Y1200_S050,7_5,7_5_X1600_Y1200_S050,2019-10-21,4,11665,11665,0,0,0.0,0,0,0,0,[],UNKNOWN
author_grid_component:7_5_X1500_Y1200_S050,7_5,7_5_X1600_Y1200_S050,2019-11-07,4,14528,14525,3,0,0.0,0,0,0,0,[],UNKNOWN
author_grid_component:7_5_X1500_Y1200_S050,7_5,7_5_X1600_Y1200_S050,2019-12-02,1,0,0,0,0,,0,0,0,0,[],UNKNOWN
author_grid_component:7_5_X1500_Y1200_S050,7_5,7_5_X1600_Y1200_S050,2019-12-15,4,9961,9961,0,0,0.0,0,0,0,0,[],UNKNOWN
author_grid_component:7_5_X1500_Y1200_S050,7_5,7_5_X1600_Y1200_S050,2020-01-06,4,10005,10005,0,0,0.0,0,0,0,0,[],UNKNOWN
author_grid_component:7_5_X1500_Y1200_S050,7_5,7_5_X1600_Y1200_S050,2020-02-28,4,9437,9437,0,0,0.0,0,0,0,0,[],UNKNOWN
author_grid_component:7_5_X1500_Y1200_S050,7_5,7_5_X1600_Y1200_S050,2020-04-08,4,11848,11848,0,0,0.0,0,0,0,0,[],UNKNOWN
author_grid_component:7_5_X1500_Y1200_S050,7_5,7_5_X1600_Y1200_S050,2020-09-05,4,16155,15963,192,0,0.0,0,0,0,0,[],UNKNOWN
author_grid_component:7_5_X1500_Y1200_S050,7_5,7_5_X1600_Y1200_S050,2020-12-01,4,11114,11114,0,0,0.0,0,0,0,0,[],UNKNOWN
author_grid_component:7_5_X1500_Y1200_S050,7_5,7_5_X1600_Y1200_S050,2020-12-09,4,10020,10020,0,0,0.0,0,0,0,0,[],UNKNOWN
author_grid_component:7_5_X1500_Y1200_S050,7_5,7_5_X1600_Y1250_S050,2019-01-11,4,14352,14352,0,0,0.0,0,0,0,0,[],UNKNOWN
author_grid_component:7_5_X1500_Y1200_S050,7_5,7_5_X1600_Y1250_S050,2019-01-29,4,16384,14812,1572,0,0.0,0,0,0,0,[],UNKNOWN
author_grid_component:7_5_X1500_Y1200_S050,7_5,7_5_X1600_Y1250_S050,2019-02-05,4,16236,15639,597,0,0.0,0,0,0,0,[],UNKNOWN
author_grid_component:7_5_X1500_Y1200_S050,7_5,7_5_X1600_Y1250_S050,2019-03-22,4,14038,13862,176,0,0.0,0,0,0,0,[],UNKNOWN
author_grid_component:7_5_X1500_Y1200_S050,7_5,7_5_X1600_Y1250_S050,2019-03-25,4,12810,12672,138,0,0.0,0,0,0,0,[],UNKNOWN
author_grid_component:7_5_X1500_Y1200_S050,7_5,7_5_X1600_Y1250_S050,2019-04-21,4,14129,14040,89,0,0.0,0,0,0,0,[],UNKNOWN
author_grid_component:7_5_X1500_Y1200_S050,7_5,7_5_X1600_Y1250_S050,2019-10-21,4,12568,12568,0,0,0.0,0,0,0,0,[],UNKNOWN
author_grid_component:7_5_X1500_Y1200_S050,7_5,7_5_X1600_Y1250_S050,2019-11-07,4,12878,12878,0,0,0.0,0,0,0,0,[],UNKNOWN
author_grid_component:7_5_X1500_Y1200_S050,7_5,7_5_X1600_Y1250_S050,2019-12-02,1,0,0,0,0,,0,0,0,0,[],UNKNOWN
author_grid_component:7_5_X1500_Y1200_S050,7_5,7_5_X1600_Y1250_S050,2019-12-15,4,16384,15980,404,0,0.0,0,0,0,0,[],UNKNOWN
author_grid_component:7_5_X1500_Y1200_S050,7_5,7_5_X1600_Y1250_S050,2020-01-06,4,14568,14568,0,0,0.0,0,0,0,0,[],UNKNOWN
author_grid_component:7_5_X1500_Y1200_S050,7_5,7_5_X1600_Y1250_S050,2020-02-28,4,13563,13563,0,0,0.0,0,0,0,0,[],UNKNOWN
author_grid_component:7_5_X1500_Y1200_S050,7_5,7_5_X1600_Y1250_S050,2020-04-08,4,12731,10956,1775,0,0.0,0,0,0,0,[],UNKNOWN
author_grid_component:7_5_X1500_Y1200_S050,7_5,7_5_X1600_Y1250_S050,2020-09-05,4,9657,9657,0,0,0.0,0,0,0,0,[],UNKNOWN
author_grid_component:7_5_X1500_Y1200_S050,7_5,7_5_X1600_Y1250_S050,2020-12-01,4,10169,10169,0,0,0.0,0,0,0,0,[],UNKNOWN
author_grid_component:7_5_X1500_Y1200_S050,7_5,7_5_X1600_Y1250_S050,2020-12-09,4,7928,7928,0,0,0.0,0,0,0,0,[],UNKNOWN
author_grid_component:7_5_X1500_Y1200_S050,7_5,7_5_X1650_Y1150_S050,2019-01-06,4,14075,14075,0,0,0.0,0,0,0,0,[],UNKNOWN
author_grid_component:7_5_X1500_Y1200_S050,7_5,7_5_X1650_Y1150_S050,2019-01-11,4,12101,12101,0,0,0.0,0,0,0,0,[],UNKNOWN
author_grid_component:7_5_X1500_Y1200_S050,7_5,7_5_X1650_Y1150_S050,2019-01-21,4,12416,12416,0,0,0.0,0,0,0,0,[],UNKNOWN
author_grid_component:7_5_X1500_Y1200_S050,7_5,7_5_X1650_Y1150_S050,2019-02-05,4,12590,12590,0,0,0.0,0,0,0,0,[],UNKNOWN
author_grid_component:7_5_X1500_Y1200_S050,7_5,7_5_X1650_Y1150_S050,2019-02-15,4,11651,11651,0,0,0.0,0,0,0,0,[],UNKNOWN
author_grid_component:7_5_X1500_Y1200_S050,7_5,7_5_X1650_Y1150_S050,2019-03-02,4,11589,11589,0,0,0.0,0,0,0,0,[],UNKNOWN
author_grid_component:7_5_X1500_Y1200_S050,7_5,7_5_X1650_Y1150_S050,2019-03-22,4,9828,9597,231,0,0.0,0,0,0,0,[],UNKNOWN
author_grid_component:7_5_X1500_Y1200_S050,7_5,7_5_X1650_Y1150_S050,2019-04-16,4,12504,12504,0,0,0.0,0,0,0,0,[],UNKNOWN
author_grid_component:7_5_X1500_Y1200_S050,7_5,7_5_X1650_Y1150_S050,2019-04-21,4,12873,12873,0,0,0.0,0,0,0,0,[],UNKNOWN
author_grid_component:7_5_X1500_Y1200_S050,7_5,7_5_X1650_Y1150_S050,2019-11-07,4,13685,11580,2105,0,0.0,0,0,0,0,[],UNKNOWN
author_grid_component:7_5_X1500_Y1200_S050,7_5,7_5_X1650_Y1150_S050,2019-12-02,1,0,0,0,0,,0,0,0,0,[],UNKNOWN
author_grid_component:7_5_X1500_Y1200_S050,7_5,7_5_X1650_Y1150_S050,2019-12-07,4,12160,12117,43,0,0.0,0,0,0,0,[],UNKNOWN
author_grid_component:7_5_X1500_Y1200_S050,7_5,7_5_X1650_Y1150_S050,2020-01-01,4,13522,13477,45,0,0.0,0,0,0,0,[],UNKNOWN
author_grid_component:7_5_X1500_Y1200_S050,7_5,7_5_X1650_Y1150_S050,2020-01-06,4,9053,9053,0,0,0.0,0,0,0,0,[],UNKNOWN
author_grid_component:7_5_X1500_Y1200_S050,7_5,7_5_X1650_Y1150_S050,2020-03-01,4,10623,10515,108,0,0.0,0,0,0,0,[],UNKNOWN
author_grid_component:7_5_X1500_Y1200_S050,7_5,7_5_X1650_Y1150_S050,2020-12-01,4,9088,9080,8,0,0.0,0,0,0,0,[],UNKNOWN
author_grid_component:7_5_X1700_Y1800_S050,7_5,7_5_X1700_Y1800_S050,2019-02-05,4,10531,6301,4230,0,0.0,0,0,0,0,[],UNKNOWN
author_grid_component:7_5_X1700_Y1800_S050,7_5,7_5_X1700_Y1800_S050,2019-03-22,4,8953,2228,6725,0,0.0,0,0,0,0,[],UNKNOWN
author_grid_component:7_5_X1700_Y1800_S050,7_5,7_5_X1700_Y1800_S050,2019-04-01,4,9310,2126,7184,0,0.0,0,0,0,0,[],UNKNOWN
author_grid_component:7_5_X1700_Y1800_S050,7_5,7_5_X1700_Y1800_S050,2019-04-21,4,10634,2288,8346,0,0.0,0,0,0,0,[],UNKNOWN
author_grid_component:7_5_X1700_Y1800_S050,7_5,7_5_X1700_Y1800_S050,2019-04-26,1,0,0,0,0,,0,0,0,0,[],UNKNOWN
author_grid_component:7_5_X1700_Y1800_S050,7_5,7_5_X1700_Y1800_S050,2019-05-11,4,7507,1498,6009,0,0.0,0,0,0,0,[],UNKNOWN
author_grid_component:7_5_X1700_Y1800_S050,7_5,7_5_X1700_Y1800_S050,2019-05-31,1,0,0,0,0,,0,0,0,0,[],UNKNOWN
author_grid_component:7_5_X1700_Y1800_S050,7_5,7_5_X1700_Y1800_S050,2019-08-19,4,8972,4428,4544,0,0.0,0,0,0,0,[],UNKNOWN
author_grid_component:7_5_X1700_Y1800_S050,7_5,7_5_X1700_Y1800_S050,2019-10-13,1,0,0,0,0,,0,0,0,0,[],UNKNOWN
author_grid_component:7_5_X1700_Y1800_S050,7_5,7_5_X1700_Y1800_S050,2019-10-23,4,13954,8091,5863,0,0.0,0,0,0,0,[],UNKNOWN
author_grid_component:7_5_X1700_Y1800_S050,7_5,7_5_X1700_Y1800_S050,2019-12-17,4,14490,8695,5795,0,0.0,0,0,0,0,[],UNKNOWN
author_grid_component:7_5_X1700_Y1800_S050,7_5,7_5_X1700_Y1800_S050,2020-01-16,4,10379,636,9743,0,0.0,0,0,0,0,[],UNKNOWN
author_grid_component:7_5_X1700_Y1800_S050,7_5,7_5_X1700_Y1800_S050,2020-03-21,4,8869,302,8567,0,0.0,0,0,0,0,[],UNKNOWN
author_grid_component:7_5_X1700_Y1800_S050,7_5,7_5_X1700_Y1800_S050,2020-03-26,4,4653,293,4360,0,0.0,0,0,0,0,[],UNKNOWN
author_grid_component:7_5_X1700_Y1800_S050,7_5,7_5_X1700_Y1800_S050,2020-06-09,4,6411,823,5588,0,0.0,0,0,0,0,[],UNKNOWN
author_grid_component:7_5_X1700_Y1800_S050,7_5,7_5_X1700_Y1800_S050,2020-10-12,4,8820,7843,977,0,0.0,0,0,0,0,[],UNKNOWN
author_grid_component:7_5_X1800_Y1700_S050,7_5,7_5_X1800_Y1700_S050,2019-01-06,4,11857,5148,1184,5525,46.596946951168086,2,1,1,1,['7_5'],UNKNOWN
author_grid_component:7_5_X1800_Y1700_S050,7_5,7_5_X1800_Y1700_S050,2019-01-11,4,6080,2622,1083,2375,39.0625,1,1,1,1,['7_5'],UNKNOWN
author_grid_component:7_5_X1800_Y1700_S050,7_5,7_5_X1800_Y1700_S050,2019-01-16,1,0,0,0,0,,0,0,0,0,[],UNKNOWN
author_grid_component:7_5_X1800_Y1700_S050,7_5,7_5_X1800_Y1700_S050,2019-01-21,4,9381,2313,3254,3814,40.656646412962374,4,1,1,1,['7_5'],UNKNOWN
author_grid_component:7_5_X1800_Y1700_S050,7_5,7_5_X1800_Y1700_S050,2019-02-05,4,13012,4939,3940,4133,31.762988011066707,2,1,1,1,['7_5'],UNKNOWN
author_grid_component:7_5_X1800_Y1700_S050,7_5,7_5_X1800_Y1700_S050,2019-03-02,4,8204,5814,363,2027,24.707459775719162,1,1,1,1,['7_5'],UNKNOWN
author_grid_component:7_5_X1800_Y1700_S050,7_5,7_5_X1800_Y1700_S050,2019-03-22,4,11417,6443,913,4061,35.56976438644127,2,1,1,1,['7_5'],UNKNOWN
author_grid_component:7_5_X1800_Y1700_S050,7_5,7_5_X1800_Y1700_S050,2019-03-27,4,5850,4617,354,879,15.025641025641026,1,1,1,1,['7_5'],UNKNOWN
author_grid_component:7_5_X1800_Y1700_S050,7_5,7_5_X1800_Y1700_S050,2019-04-16,4,10471,6571,1867,2033,19.415528602807754,2,1,1,1,['7_5'],UNKNOWN
author_grid_component:7_5_X1800_Y1700_S050,7_5,7_5_X1800_Y1700_S050,2019-12-07,4,15063,8177,3257,3629,24.0921463187944,2,1,1,1,['7_5'],UNKNOWN
author_grid_component:7_5_X1800_Y1700_S050,7_5,7_5_X1800_Y1700_S050,2020-01-01,4,7417,2166,2981,2270,30.605366050964,2,1,1,1,['7_5'],UNKNOWN
author_grid_component:7_5_X1800_Y1700_S050,7_5,7_5_X1800_Y1700_S050,2020-01-06,4,1437,1437,0,0,0.0,0,0,0,0,[],UNKNOWN
author_grid_component:7_5_X1800_Y1700_S050,7_5,7_5_X1800_Y1700_S050,2020-01-16,4,4356,4356,0,0,0.0,0,0,0,0,[],UNKNOWN
author_grid_component:7_5_X1800_Y1700_S050,7_5,7_5_X1800_Y1700_S050,2020-03-26,4,6627,5469,265,893,13.47517730496454,1,1,1,1,['7_5'],UNKNOWN
author_grid_component:7_5_X1800_Y1700_S050,7_5,7_5_X1800_Y1700_S050,2020-11-26,4,8029,6001,513,1515,18.869099514260803,2,1,1,1,['7_5'],UNKNOWN
author_grid_component:7_5_X1800_Y1700_S050,7_5,7_5_X1800_Y1700_S050,2020-12-01,4,8206,6426,1410,370,4.508895929807458,3,1,1,1,['7_5'],UNKNOWN
author_grid_component:8_3_X0000_Y0800_S050,8_3,8_3_X0000_Y0800_S050,2019-01-11,4,7627,7627,0,0,0.0,0,0,0,0,[],UNKNOWN
author_grid_component:8_3_X0000_Y0800_S050,8_3,8_3_X0000_Y0800_S050,2019-02-05,4,6023,6023,0,0,0.0,0,0,0,0,[],UNKNOWN
author_grid_component:8_3_X0000_Y0800_S050,8_3,8_3_X0000_Y0800_S050,2019-03-17,4,5879,5879,0,0,0.0,0,0,0,0,[],UNKNOWN
author_grid_component:8_3_X0000_Y0800_S050,8_3,8_3_X0000_Y0800_S050,2019-04-01,4,7975,7975,0,0,0.0,0,0,0,0,[],UNKNOWN
author_grid_component:8_3_X0000_Y0800_S050,8_3,8_3_X0000_Y0800_S050,2019-07-20,4,15446,11119,4327,0,0.0,0,0,0,0,[],UNKNOWN
author_grid_component:8_3_X0000_Y0800_S050,8_3,8_3_X0000_Y0800_S050,2019-07-25,4,12464,5453,7011,0,0.0,0,0,0,0,[],UNKNOWN
author_grid_component:8_3_X0000_Y0800_S050,8_3,8_3_X0000_Y0800_S050,2019-08-19,4,15148,7756,7392,0,0.0,0,0,0,0,[],UNKNOWN
author_grid_component:8_3_X0000_Y0800_S050,8_3,8_3_X0000_Y0800_S050,2019-09-03,4,14148,7905,6243,0,0.0,0,0,0,0,[],UNKNOWN
author_grid_component:8_3_X0000_Y0800_S050,8_3,8_3_X0000_Y0800_S050,2019-10-23,4,5064,5064,0,0,0.0,0,0,0,0,[],UNKNOWN
author_grid_component:8_3_X0000_Y0800_S050,8_3,8_3_X0000_Y0800_S050,2020-01-06,4,5917,5917,0,0,0.0,0,0,0,0,[],UNKNOWN
author_grid_component:8_3_X0000_Y0800_S050,8_3,8_3_X0000_Y0800_S050,2020-05-10,4,12936,10235,2701,0,0.0,0,0,0,0,[],UNKNOWN
author_grid_component:8_3_X0000_Y0800_S050,8_3,8_3_X0000_Y0800_S050,2020-07-29,4,5500,5500,0,0,0.0,0,0,0,0,[],UNKNOWN
author_grid_component:8_3_X0000_Y0800_S050,8_3,8_3_X0000_Y0800_S050,2020-09-07,4,14530,13175,1355,0,0.0,0,0,0,0,[],UNKNOWN
author_grid_component:8_3_X0000_Y0800_S050,8_3,8_3_X0000_Y0800_S050,2020-09-22,4,14353,9530,4823,0,0.0,0,0,0,0,[],UNKNOWN
author_grid_component:8_3_X0000_Y0800_S050,8_3,8_3_X0000_Y0800_S050,2020-10-17,4,9663,9663,0,0,0.0,0,0,0,0,[],UNKNOWN
author_grid_component:8_3_X0000_Y0800_S050,8_3,8_3_X0000_Y0800_S050,2020-12-11,4,5428,5428,0,0,0.0,0,0,0,0,[],UNKNOWN
author_grid_component:8_3_X0050_Y0950_S050,8_3,8_3_X0050_Y0950_S050,2019-01-11,4,8209,8209,0,0,0.0,0,0,0,0,[],UNKNOWN
author_grid_component:8_3_X0050_Y0950_S050,8_3,8_3_X0050_Y0950_S050,2019-02-05,4,5897,5897,0,0,0.0,0,0,0,0,[],UNKNOWN
author_grid_component:8_3_X0050_Y0950_S050,8_3,8_3_X0050_Y0950_S050,2019-03-17,4,8642,8642,0,0,0.0,0,0,0,0,[],UNKNOWN
author_grid_component:8_3_X0050_Y0950_S050,8_3,8_3_X0050_Y0950_S050,2019-04-01,4,10602,10602,0,0,0.0,0,0,0,0,[],UNKNOWN
author_grid_component:8_3_X0050_Y0950_S050,8_3,8_3_X0050_Y0950_S050,2019-07-20,4,9717,9717,0,0,0.0,0,0,0,0,[],UNKNOWN
author_grid_component:8_3_X0050_Y0950_S050,8_3,8_3_X0050_Y0950_S050,2019-07-25,4,9986,9589,397,0,0.0,0,0,0,0,[],UNKNOWN
author_grid_component:8_3_X0050_Y0950_S050,8_3,8_3_X0050_Y0950_S050,2019-08-19,4,8145,5883,2262,0,0.0,0,0,0,0,[],UNKNOWN
author_grid_component:8_3_X0050_Y0950_S050,8_3,8_3_X0050_Y0950_S050,2019-09-03,4,8092,6071,2021,0,0.0,0,0,0,0,[],UNKNOWN
author_grid_component:8_3_X0050_Y0950_S050,8_3,8_3_X0050_Y0950_S050,2019-10-23,4,9760,9760,0,0,0.0,0,0,0,0,[],UNKNOWN
author_grid_component:8_3_X0050_Y0950_S050,8_3,8_3_X0050_Y0950_S050,2020-01-06,4,9009,9009,0,0,0.0,0,0,0,0,[],UNKNOWN
author_grid_component:8_3_X0050_Y0950_S050,8_3,8_3_X0050_Y0950_S050,2020-05-10,4,7749,7749,0,0,0.0,0,0,0,0,[],UNKNOWN
author_grid_component:8_3_X0050_Y0950_S050,8_3,8_3_X0050_Y0950_S050,2020-07-29,4,3604,3604,0,0,0.0,0,0,0,0,[],UNKNOWN
author_grid_component:8_3_X0050_Y0950_S050,8_3,8_3_X0050_Y0950_S050,2020-09-07,4,13974,10812,3162,0,0.0,0,0,0,0,[],UNKNOWN
author_grid_component:8_3_X0050_Y0950_S050,8_3,8_3_X0050_Y0950_S050,2020-09-22,4,6832,3221,3611,0,0.0,0,0,0,0,[],UNKNOWN
author_grid_component:8_3_X0050_Y0950_S050,8_3,8_3_X0050_Y0950_S050,2020-10-17,4,11199,11199,0,0,0.0,0,0,0,0,[],UNKNOWN
author_grid_component:8_3_X0050_Y0950_S050,8_3,8_3_X0050_Y0950_S050,2020-12-11,4,8845,8845,0,0,0.0,0,0,0,0,[],UNKNOWN
author_grid_component:8_3_X0150_Y0300_S050,8_3,8_3_X0150_Y0300_S050,2019-04-01,4,6781,6781,0,0,0.0,0,0,0,0,[],UNKNOWN
author_grid_component:8_3_X0150_Y0300_S050,8_3,8_3_X0150_Y0300_S050,2019-04-06,4,6233,6233,0,0,0.0,0,0,0,0,[],UNKNOWN
author_grid_component:8_3_X0150_Y0300_S050,8_3,8_3_X0150_Y0300_S050,2019-07-20,4,15719,7068,8651,0,0.0,0,0,0,0,[],UNKNOWN
author_grid_component:8_3_X0150_Y0300_S050,8_3,8_3_X0150_Y0300_S050,2019-07-25,4,16375,2348,14027,0,0.0,0,0,0,0,[],UNKNOWN
author_grid_component:8_3_X0150_Y0300_S050,8_3,8_3_X0150_Y0300_S050,2019-10-23,4,11688,11688,0,0,0.0,0,0,0,0,[],UNKNOWN
author_grid_component:8_3_X0150_Y0300_S050,8_3,8_3_X0150_Y0300_S050,2020-04-15,4,7202,7202,0,0,0.0,0,0,0,0,[],UNKNOWN
author_grid_component:8_3_X0150_Y0300_S050,8_3,8_3_X0150_Y0300_S050,2020-05-10,4,6016,6016,0,0,0.0,0,0,0,0,[],UNKNOWN
author_grid_component:8_3_X0150_Y0300_S050,8_3,8_3_X0150_Y0300_S050,2020-06-09,4,11961,11328,633,0,0.0,0,0,0,0,[],UNKNOWN
author_grid_component:8_3_X0150_Y0300_S050,8_3,8_3_X0150_Y0300_S050,2020-07-29,4,16023,5101,10922,0,0.0,0,0,0,0,[],UNKNOWN
author_grid_component:8_3_X0150_Y0300_S050,8_3,8_3_X0150_Y0300_S050,2020-09-07,4,15709,5113,10596,0,0.0,0,0,0,0,[],UNKNOWN
author_grid_component:8_3_X0150_Y0300_S050,8_3,8_3_X0150_Y0300_S050,2020-09-22,4,15901,11496,4405,0,0.0,0,0,0,0,[],UNKNOWN
author_grid_component:8_3_X0150_Y0300_S050,8_3,8_3_X0150_Y0300_S050,2020-10-17,4,7630,7630,0,0,0.0,0,0,0,0,[],UNKNOWN
author_grid_component:8_3_X0150_Y0300_S050,8_3,8_3_X0150_Y0300_S050,2020-11-16,4,6825,6825,0,0,0.0,0,0,0,0,[],UNKNOWN
author_grid_component:8_3_X0150_Y0300_S050,8_3,8_3_X0150_Y0300_S050,2020-12-06,4,10856,10856,0,0,0.0,0,0,0,0,[],UNKNOWN
author_grid_component:8_3_X0150_Y0300_S050,8_3,8_3_X0150_Y0300_S050,2020-12-11,4,11886,11886,0,0,0.0,0,0,0,0,[],UNKNOWN
author_grid_component:8_3_X0150_Y0300_S050,8_3,8_3_X0150_Y0300_S050,2020-12-26,4,7798,7798,0,0,0.0,0,0,0,0,[],UNKNOWN
author_grid_component:8_3_X0150_Y0300_S050,8_3,8_3_X0200_Y0350_S050,2019-04-01,4,6112,6112,0,0,0.0,0,0,0,0,[],UNKNOWN
author_grid_component:8_3_X0150_Y0300_S050,8_3,8_3_X0200_Y0350_S050,2019-04-06,4,5087,5087,0,0,0.0,0,0,0,0,[],UNKNOWN
author_grid_component:8_3_X0150_Y0300_S050,8_3,8_3_X0200_Y0350_S050,2019-07-20,4,5844,1324,4520,0,0.0,0,0,0,0,[],UNKNOWN
author_grid_component:8_3_X0150_Y0300_S050,8_3,8_3_X0200_Y0350_S050,2019-07-25,4,10865,3180,7685,0,0.0,0,0,0,0,[],UNKNOWN
author_grid_component:8_3_X0150_Y0300_S050,8_3,8_3_X0200_Y0350_S050,2019-10-23,4,7735,3325,4410,0,0.0,0,0,0,0,[],UNKNOWN
author_grid_component:8_3_X0150_Y0300_S050,8_3,8_3_X0200_Y0350_S050,2020-04-15,4,4569,3207,1362,0,0.0,0,0,0,0,[],UNKNOWN
author_grid_component:8_3_X0150_Y0300_S050,8_3,8_3_X0200_Y0350_S050,2020-05-10,4,7700,425,7275,0,0.0,0,0,0,0,[],UNKNOWN
author_grid_component:8_3_X0150_Y0300_S050,8_3,8_3_X0200_Y0350_S050,2020-06-09,4,7785,2065,5720,0,0.0,0,0,0,0,[],UNKNOWN
author_grid_component:8_3_X0150_Y0300_S050,8_3,8_3_X0200_Y0350_S050,2020-07-29,4,7748,8,7740,0,0.0,0,0,0,0,[],UNKNOWN
author_grid_component:8_3_X0150_Y0300_S050,8_3,8_3_X0200_Y0350_S050,2020-09-07,4,9316,5955,3361,0,0.0,0,0,0,0,[],UNKNOWN
author_grid_component:8_3_X0150_Y0300_S050,8_3,8_3_X0200_Y0350_S050,2020-09-22,4,7205,2518,4687,0,0.0,0,0,0,0,[],UNKNOWN
author_grid_component:8_3_X0150_Y0300_S050,8_3,8_3_X0200_Y0350_S050,2020-10-17,4,5391,5391,0,0,0.0,0,0,0,0,[],UNKNOWN
author_grid_component:8_3_X0150_Y0300_S050,8_3,8_3_X0200_Y0350_S050,2020-11-16,4,5080,5080,0,0,0.0,0,0,0,0,[],UNKNOWN
author_grid_component:8_3_X0150_Y0300_S050,8_3,8_3_X0200_Y0350_S050,2020-12-06,4,11252,11252,0,0,0.0,0,0,0,0,[],UNKNOWN
author_grid_component:8_3_X0150_Y0300_S050,8_3,8_3_X0200_Y0350_S050,2020-12-11,4,7654,7654,0,0,0.0,0,0,0,0,[],UNKNOWN
author_grid_component:8_3_X0150_Y0300_S050,8_3,8_3_X0200_Y0350_S050,2020-12-26,4,5413,5413,0,0,0.0,0,0,0,0,[],UNKNOWN
author_grid_component:8_3_X0150_Y0550_S050,8_3,8_3_X0150_Y0550_S050,2019-01-11,4,12380,12380,0,0,0.0,0,0,0,0,[],UNKNOWN
author_grid_component:8_3_X0150_Y0550_S050,8_3,8_3_X0150_Y0550_S050,2019-04-01,4,7881,7881,0,0,0.0,0,0,0,0,[],UNKNOWN
author_grid_component:8_3_X0150_Y0550_S050,8_3,8_3_X0150_Y0550_S050,2019-04-06,4,11948,11948,0,0,0.0,0,0,0,0,[],UNKNOWN
author_grid_component:8_3_X0150_Y0550_S050,8_3,8_3_X0150_Y0550_S050,2019-05-31,4,12963,12963,0,0,0.0,0,0,0,0,[],UNKNOWN
author_grid_component:8_3_X0150_Y0550_S050,8_3,8_3_X0150_Y0550_S050,2019-06-30,4,11309,10034,1275,0,0.0,0,0,0,0,[],UNKNOWN
author_grid_component:8_3_X0150_Y0550_S050,8_3,8_3_X0150_Y0550_S050,2019-07-25,4,15563,15563,0,0,0.0,0,0,0,0,[],UNKNOWN
author_grid_component:8_3_X0150_Y0550_S050,8_3,8_3_X0150_Y0550_S050,2019-09-03,4,9464,9464,0,0,0.0,0,0,0,0,[],UNKNOWN
author_grid_component:8_3_X0150_Y0550_S050,8_3,8_3_X0150_Y0550_S050,2019-09-08,4,8308,8308,0,0,0.0,0,0,0,0,[],UNKNOWN
author_grid_component:8_3_X0150_Y0550_S050,8_3,8_3_X0150_Y0550_S050,2019-10-23,4,13788,13788,0,0,0.0,0,0,0,0,[],UNKNOWN
author_grid_component:8_3_X0150_Y0550_S050,8_3,8_3_X0150_Y0550_S050,2020-01-16,4,13797,13797,0,0,0.0,0,0,0,0,[],UNKNOWN
author_grid_component:8_3_X0150_Y0550_S050,8_3,8_3_X0150_Y0550_S050,2020-07-29,4,11289,11289,0,0,0.0,0,0,0,0,[],UNKNOWN
author_grid_component:8_3_X0150_Y0550_S050,8_3,8_3_X0150_Y0550_S050,2020-09-22,4,10318,10318,0,0,0.0,0,0,0,0,[],UNKNOWN
author_grid_component:8_3_X0150_Y0550_S050,8_3,8_3_X0150_Y0550_S050,2020-10-17,4,11877,11877,0,0,0.0,0,0,0,0,[],UNKNOWN
author_grid_component:8_3_X0150_Y0550_S050,8_3,8_3_X0150_Y0550_S050,2020-11-16,4,14877,14877,0,0,0.0,0,0,0,0,[],UNKNOWN
author_grid_component:8_3_X0150_Y0550_S050,8_3,8_3_X0150_Y0550_S050,2020-12-06,4,7656,7656,0,0,0.0,0,0,0,0,[],UNKNOWN
author_grid_component:8_3_X0150_Y0550_S050,8_3,8_3_X0150_Y0550_S050,2020-12-11,4,14523,14523,0,0,0.0,0,0,0,0,[],UNKNOWN
author_grid_component:8_3_X0150_Y0650_S050,8_3,8_3_X0150_Y0650_S050,2019-01-11,4,13742,13742,0,0,0.0,0,0,0,0,[],UNKNOWN
author_grid_component:8_3_X0150_Y0650_S050,8_3,8_3_X0150_Y0650_S050,2019-02-05,4,14522,14522,0,0,0.0,0,0,0,0,[],UNKNOWN
author_grid_component:8_3_X0150_Y0650_S050,8_3,8_3_X0150_Y0650_S050,2019-03-17,4,15826,15826,0,0,0.0,0,0,0,0,[],UNKNOWN
author_grid_component:8_3_X0150_Y0650_S050,8_3,8_3_X0150_Y0650_S050,2019-04-01,4,16384,16384,0,0,0.0,0,0,0,0,[],UNKNOWN
author_grid_component:8_3_X0150_Y0650_S050,8_3,8_3_X0150_Y0650_S050,2019-04-06,4,10174,10174,0,0,0.0,0,0,0,0,[],UNKNOWN
author_grid_component:8_3_X0150_Y0650_S050,8_3,8_3_X0150_Y0650_S050,2019-07-20,4,13044,12435,609,0,0.0,0,0,0,0,[],UNKNOWN
author_grid_component:8_3_X0150_Y0650_S050,8_3,8_3_X0150_Y0650_S050,2019-07-25,4,14093,13750,343,0,0.0,0,0,0,0,[],UNKNOWN
author_grid_component:8_3_X0150_Y0650_S050,8_3,8_3_X0150_Y0650_S050,2019-08-19,4,14494,14494,0,0,0.0,0,0,0,0,[],UNKNOWN
author_grid_component:8_3_X0150_Y0650_S050,8_3,8_3_X0150_Y0650_S050,2019-09-03,4,14012,14012,0,0,0.0,0,0,0,0,[],UNKNOWN
author_grid_component:8_3_X0150_Y0650_S050,8_3,8_3_X0150_Y0650_S050,2020-01-06,4,10621,10621,0,0,0.0,0,0,0,0,[],UNKNOWN
author_grid_component:8_3_X0150_Y0650_S050,8_3,8_3_X0150_Y0650_S050,2020-05-10,4,15655,15655,0,0,0.0,0,0,0,0,[],UNKNOWN
author_grid_component:8_3_X0150_Y0650_S050,8_3,8_3_X0150_Y0650_S050,2020-07-29,4,16379,16379,0,0,0.0,0,0,0,0,[],UNKNOWN
author_grid_component:8_3_X0150_Y0650_S050,8_3,8_3_X0150_Y0650_S050,2020-09-07,4,16300,16300,0,0,0.0,0,0,0,0,[],UNKNOWN
author_grid_component:8_3_X0150_Y0650_S050,8_3,8_3_X0150_Y0650_S050,2020-09-22,4,16338,16338,0,0,0.0,0,0,0,0,[],UNKNOWN
author_grid_component:8_3_X0150_Y0650_S050,8_3,8_3_X0150_Y0650_S050,2020-10-17,4,15590,15590,0,0,0.0,0,0,0,0,[],UNKNOWN
author_grid_component:8_3_X0150_Y0650_S050,8_3,8_3_X0150_Y0650_S050,2020-12-11,4,16384,16384,0,0,0.0,0,0,0,0,[],UNKNOWN
author_grid_component:8_3_X0150_Y0650_S050,8_3,8_3_X0150_Y0700_S050,2019-01-11,4,16024,16024,0,0,0.0,0,0,0,0,[],UNKNOWN
author_grid_component:8_3_X0150_Y0650_S050,8_3,8_3_X0150_Y0700_S050,2019-02-05,4,13281,13281,0,0,0.0,0,0,0,0,[],UNKNOWN
author_grid_component:8_3_X0150_Y0650_S050,8_3,8_3_X0150_Y0700_S050,2019-03-17,4,11470,11470,0,0,0.0,0,0,0,0,[],UNKNOWN
author_grid_component:8_3_X0150_Y0650_S050,8_3,8_3_X0150_Y0700_S050,2019-04-01,4,11201,11201,0,0,0.0,0,0,0,0,[],UNKNOWN
author_grid_component:8_3_X0150_Y0650_S050,8_3,8_3_X0150_Y0700_S050,2019-04-06,1,2212,2212,0,0,0.0,0,0,0,0,[],UNKNOWN
author_grid_component:8_3_X0150_Y0650_S050,8_3,8_3_X0150_Y0700_S050,2019-07-20,4,8571,8179,392,0,0.0,0,0,0,0,[],UNKNOWN
author_grid_component:8_3_X0150_Y0650_S050,8_3,8_3_X0150_Y0700_S050,2019-07-25,4,13797,13349,448,0,0.0,0,0,0,0,[],UNKNOWN
author_grid_component:8_3_X0150_Y0650_S050,8_3,8_3_X0150_Y0700_S050,2019-08-19,4,16384,16384,0,0,0.0,0,0,0,0,[],UNKNOWN
author_grid_component:8_3_X0150_Y0650_S050,8_3,8_3_X0150_Y0700_S050,2019-09-03,4,16173,16173,0,0,0.0,0,0,0,0,[],UNKNOWN
author_grid_component:8_3_X0150_Y0650_S050,8_3,8_3_X0150_Y0700_S050,2020-01-06,4,15460,15460,0,0,0.0,0,0,0,0,[],UNKNOWN
author_grid_component:8_3_X0150_Y0650_S050,8_3,8_3_X0150_Y0700_S050,2020-05-10,4,16384,16384,0,0,0.0,0,0,0,0,[],UNKNOWN
author_grid_component:8_3_X0150_Y0650_S050,8_3,8_3_X0150_Y0700_S050,2020-07-29,4,13511,13297,214,0,0.0,0,0,0,0,[],UNKNOWN
author_grid_component:8_3_X0150_Y0650_S050,8_3,8_3_X0150_Y0700_S050,2020-09-07,4,16377,16377,0,0,0.0,0,0,0,0,[],UNKNOWN
author_grid_component:8_3_X0150_Y0650_S050,8_3,8_3_X0150_Y0700_S050,2020-09-22,4,15885,15885,0,0,0.0,0,0,0,0,[],UNKNOWN
author_grid_component:8_3_X0150_Y0650_S050,8_3,8_3_X0150_Y0700_S050,2020-10-17,4,16384,16384,0,0,0.0,0,0,0,0,[],UNKNOWN
author_grid_component:8_3_X0150_Y0650_S050,8_3,8_3_X0150_Y0700_S050,2020-12-11,4,8799,8799,0,0,0.0,0,0,0,0,[],UNKNOWN
author_grid_component:8_3_X0150_Y0650_S050,8_3,8_3_X0200_Y0700_S050,2019-01-11,4,8638,8638,0,0,0.0,0,0,0,0,[],UNKNOWN
author_grid_component:8_3_X0150_Y0650_S050,8_3,8_3_X0200_Y0700_S050,2019-02-05,4,9801,9801,0,0,0.0,0,0,0,0,[],UNKNOWN
author_grid_component:8_3_X0150_Y0650_S050,8_3,8_3_X0200_Y0700_S050,2019-03-17,4,5551,5551,0,0,0.0,0,0,0,0,[],UNKNOWN
author_grid_component:8_3_X0150_Y0650_S050,8_3,8_3_X0200_Y0700_S050,2019-04-01,4,5102,5102,0,0,0.0,0,0,0,0,[],UNKNOWN
author_grid_component:8_3_X0150_Y0650_S050,8_3,8_3_X0200_Y0700_S050,2019-04-06,4,3809,3809,0,0,0.0,0,0,0,0,[],UNKNOWN
author_grid_component:8_3_X0150_Y0650_S050,8_3,8_3_X0200_Y0700_S050,2019-07-20,4,6009,3912,2097,0,0.0,0,0,0,0,[],UNKNOWN
author_grid_component:8_3_X0150_Y0650_S050,8_3,8_3_X0200_Y0700_S050,2019-07-25,4,4332,3066,1266,0,0.0,0,0,0,0,[],UNKNOWN
author_grid_component:8_3_X0150_Y0650_S050,8_3,8_3_X0200_Y0700_S050,2019-08-19,4,5042,3101,1941,0,0.0,0,0,0,0,[],UNKNOWN
author_grid_component:8_3_X0150_Y0650_S050,8_3,8_3_X0200_Y0700_S050,2019-09-03,4,3631,2330,1301,0,0.0,0,0,0,0,[],UNKNOWN
author_grid_component:8_3_X0150_Y0650_S050,8_3,8_3_X0200_Y0700_S050,2020-01-06,4,6408,6408,0,0,0.0,0,0,0,0,[],UNKNOWN
author_grid_component:8_3_X0150_Y0650_S050,8_3,8_3_X0200_Y0700_S050,2020-05-10,4,2213,2110,103,0,0.0,0,0,0,0,[],UNKNOWN
author_grid_component:8_3_X0150_Y0650_S050,8_3,8_3_X0200_Y0700_S050,2020-07-29,4,6953,6953,0,0,0.0,0,0,0,0,[],UNKNOWN
author_grid_component:8_3_X0150_Y0650_S050,8_3,8_3_X0200_Y0700_S050,2020-09-07,4,5864,5734,130,0,0.0,0,0,0,0,[],UNKNOWN
author_grid_component:8_3_X0150_Y0650_S050,8_3,8_3_X0200_Y0700_S050,2020-09-22,4,2248,1794,454,0,0.0,0,0,0,0,[],UNKNOWN
author_grid_component:8_3_X0150_Y0650_S050,8_3,8_3_X0200_Y0700_S050,2020-10-17,4,6235,6235,0,0,0.0,0,0,0,0,[],UNKNOWN
author_grid_component:8_3_X0150_Y0650_S050,8_3,8_3_X0200_Y0700_S050,2020-12-11,4,5947,5947,0,0,0.0,0,0,0,0,[],UNKNOWN
author_grid_component:8_3_X0150_Y0650_S050,8_3,8_3_X0200_Y0750_S050,2019-01-11,4,11533,11533,0,0,0.0,0,0,0,0,[],UNKNOWN
author_grid_component:8_3_X0150_Y0650_S050,8_3,8_3_X0200_Y0750_S050,2019-02-05,4,5523,5523,0,0,0.0,0,0,0,0,[],UNKNOWN
author_grid_component:8_3_X0150_Y0650_S050,8_3,8_3_X0200_Y0750_S050,2019-03-17,4,8186,8186,0,0,0.0,0,0,0,0,[],UNKNOWN
author_grid_component:8_3_X0150_Y0650_S050,8_3,8_3_X0200_Y0750_S050,2019-04-01,4,8993,8993,0,0,0.0,0,0,0,0,[],UNKNOWN
author_grid_component:8_3_X0150_Y0650_S050,8_3,8_3_X0200_Y0750_S050,2019-07-20,4,10718,5650,5068,0,0.0,0,0,0,0,[],UNKNOWN
author_grid_component:8_3_X0150_Y0650_S050,8_3,8_3_X0200_Y0750_S050,2019-07-25,4,8849,8172,677,0,0.0,0,0,0,0,[],UNKNOWN
author_grid_component:8_3_X0150_Y0650_S050,8_3,8_3_X0200_Y0750_S050,2019-08-19,4,12843,6047,6796,0,0.0,0,0,0,0,[],UNKNOWN
author_grid_component:8_3_X0150_Y0650_S050,8_3,8_3_X0200_Y0750_S050,2019-09-03,4,8286,7404,882,0,0.0,0,0,0,0,[],UNKNOWN
author_grid_component:8_3_X0150_Y0650_S050,8_3,8_3_X0200_Y0750_S050,2019-10-23,4,11208,11208,0,0,0.0,0,0,0,0,[],UNKNOWN
author_grid_component:8_3_X0150_Y0650_S050,8_3,8_3_X0200_Y0750_S050,2020-01-06,4,8751,8751,0,0,0.0,0,0,0,0,[],UNKNOWN
author_grid_component:8_3_X0150_Y0650_S050,8_3,8_3_X0200_Y0750_S050,2020-05-10,4,6481,6481,0,0,0.0,0,0,0,0,[],UNKNOWN
author_grid_component:8_3_X0150_Y0650_S050,8_3,8_3_X0200_Y0750_S050,2020-07-29,4,12300,12170,130,0,0.0,0,0,0,0,[],UNKNOWN
author_grid_component:8_3_X0150_Y0650_S050,8_3,8_3_X0200_Y0750_S050,2020-09-07,4,12637,8998,3639,0,0.0,0,0,0,0,[],UNKNOWN
author_grid_component:8_3_X0150_Y0650_S050,8_3,8_3_X0200_Y0750_S050,2020-09-22,4,4687,4653,34,0,0.0,0,0,0,0,[],UNKNOWN
author_grid_component:8_3_X0150_Y0650_S050,8_3,8_3_X0200_Y0750_S050,2020-10-17,4,9507,9507,0,0,0.0,0,0,0,0,[],UNKNOWN
author_grid_component:8_3_X0150_Y0650_S050,8_3,8_3_X0200_Y0750_S050,2020-12-11,4,7418,7418,0,0,0.0,0,0,0,0,[],UNKNOWN
author_grid_component:8_3_X0150_Y0650_S050,8_3,8_3_X0200_Y0800_S050,2019-01-11,4,14657,14657,0,0,0.0,0,0,0,0,[],UNKNOWN
author_grid_component:8_3_X0150_Y0650_S050,8_3,8_3_X0200_Y0800_S050,2019-02-05,4,11532,11532,0,0,0.0,0,0,0,0,[],UNKNOWN
author_grid_component:8_3_X0150_Y0650_S050,8_3,8_3_X0200_Y0800_S050,2019-03-17,4,16384,16384,0,0,0.0,0,0,0,0,[],UNKNOWN
author_grid_component:8_3_X0150_Y0650_S050,8_3,8_3_X0200_Y0800_S050,2019-04-01,4,16300,16300,0,0,0.0,0,0,0,0,[],UNKNOWN
author_grid_component:8_3_X0150_Y0650_S050,8_3,8_3_X0200_Y0800_S050,2019-07-20,4,15843,15055,788,0,0.0,0,0,0,0,[],UNKNOWN
author_grid_component:8_3_X0150_Y0650_S050,8_3,8_3_X0200_Y0800_S050,2019-07-25,4,15568,15568,0,0,0.0,0,0,0,0,[],UNKNOWN
author_grid_component:8_3_X0150_Y0650_S050,8_3,8_3_X0200_Y0800_S050,2019-08-19,4,15597,15151,446,0,0.0,0,0,0,0,[],UNKNOWN
author_grid_component:8_3_X0150_Y0650_S050,8_3,8_3_X0200_Y0800_S050,2019-09-03,4,16384,16384,0,0,0.0,0,0,0,0,[],UNKNOWN
author_grid_component:8_3_X0150_Y0650_S050,8_3,8_3_X0200_Y0800_S050,2019-10-23,4,16384,16384,0,0,0.0,0,0,0,0,[],UNKNOWN
author_grid_component:8_3_X0150_Y0650_S050,8_3,8_3_X0200_Y0800_S050,2020-01-06,4,16224,16224,0,0,0.0,0,0,0,0,[],UNKNOWN
author_grid_component:8_3_X0150_Y0650_S050,8_3,8_3_X0200_Y0800_S050,2020-05-10,4,13699,13699,0,0,0.0,0,0,0,0,[],UNKNOWN
author_grid_component:8_3_X0150_Y0650_S050,8_3,8_3_X0200_Y0800_S050,2020-07-29,4,14380,14380,0,0,0.0,0,0,0,0,[],UNKNOWN
author_grid_component:8_3_X0150_Y0650_S050,8_3,8_3_X0200_Y0800_S050,2020-09-07,4,16384,16384,0,0,0.0,0,0,0,0,[],UNKNOWN
author_grid_component:8_3_X0150_Y0650_S050,8_3,8_3_X0200_Y0800_S050,2020-09-22,4,11862,11862,0,0,0.0,0,0,0,0,[],UNKNOWN
author_grid_component:8_3_X0150_Y0650_S050,8_3,8_3_X0200_Y0800_S050,2020-10-17,4,14727,14727,0,0,0.0,0,0,0,0,[],UNKNOWN
author_grid_component:8_3_X0150_Y0650_S050,8_3,8_3_X0200_Y0800_S050,2020-12-11,4,16384,16384,0,0,0.0,0,0,0,0,[],UNKNOWN
author_grid_component:8_3_X0150_Y0650_S050,8_3,8_3_X0250_Y0750_S050,2019-01-11,4,5738,5738,0,0,0.0,0,0,0,0,[],UNKNOWN
author_grid_component:8_3_X0150_Y0650_S050,8_3,8_3_X0250_Y0750_S050,2019-02-05,4,10067,10067,0,0,0.0,0,0,0,0,[],UNKNOWN
author_grid_component:8_3_X0150_Y0650_S050,8_3,8_3_X0250_Y0750_S050,2019-03-27,4,6177,6177,0,0,0.0,0,0,0,0,[],UNKNOWN
author_grid_component:8_3_X0150_Y0650_S050,8_3,8_3_X0250_Y0750_S050,2019-04-01,4,13664,13664,0,0,0.0,0,0,0,0,[],UNKNOWN
author_grid_component:8_3_X0150_Y0650_S050,8_3,8_3_X0250_Y0750_S050,2019-06-30,4,9072,8622,450,0,0.0,0,0,0,0,[],UNKNOWN
author_grid_component:8_3_X0150_Y0650_S050,8_3,8_3_X0250_Y0750_S050,2019-07-20,4,9907,9411,496,0,0.0,0,0,0,0,[],UNKNOWN
author_grid_component:8_3_X0150_Y0650_S050,8_3,8_3_X0250_Y0750_S050,2019-07-25,4,9472,7030,2442,0,0.0,0,0,0,0,[],UNKNOWN
author_grid_component:8_3_X0150_Y0650_S050,8_3,8_3_X0250_Y0750_S050,2019-08-19,4,12342,10450,1892,0,0.0,0,0,0,0,[],UNKNOWN
author_grid_component:8_3_X0150_Y0650_S050,8_3,8_3_X0250_Y0750_S050,2019-09-03,4,11118,11016,102,0,0.0,0,0,0,0,[],UNKNOWN
author_grid_component:8_3_X0150_Y0650_S050,8_3,8_3_X0250_Y0750_S050,2019-10-23,4,16354,15917,437,0,0.0,0,0,0,0,[],UNKNOWN
author_grid_component:8_3_X0150_Y0650_S050,8_3,8_3_X0250_Y0750_S050,2020-05-10,4,12786,12786,0,0,0.0,0,0,0,0,[],UNKNOWN
author_grid_component:8_3_X0150_Y0650_S050,8_3,8_3_X0250_Y0750_S050,2020-09-07,4,15126,13087,2039,0,0.0,0,0,0,0,[],UNKNOWN
author_grid_component:8_3_X0150_Y0650_S050,8_3,8_3_X0250_Y0750_S050,2020-09-22,4,11277,11277,0,0,0.0,0,0,0,0,[],UNKNOWN
author_grid_component:8_3_X0150_Y0650_S050,8_3,8_3_X0250_Y0750_S050,2020-10-17,4,10289,10289,0,0,0.0,0,0,0,0,[],UNKNOWN
author_grid_component:8_3_X0150_Y0650_S050,8_3,8_3_X0250_Y0750_S050,2020-12-11,4,5500,5500,0,0,0.0,0,0,0,0,[],UNKNOWN
author_grid_component:8_3_X0150_Y0650_S050,8_3,8_3_X0250_Y0750_S050,2020-12-26,4,11326,11326,0,0,0.0,0,0,0,0,[],UNKNOWN
author_grid_component:8_3_X0150_Y0650_S050,8_3,8_3_X0250_Y0800_S050,2019-01-11,4,9493,9493,0,0,0.0,0,0,0,0,[],UNKNOWN
author_grid_component:8_3_X0150_Y0650_S050,8_3,8_3_X0250_Y0800_S050,2019-02-05,4,8130,8130,0,0,0.0,0,0,0,0,[],UNKNOWN
author_grid_component:8_3_X0150_Y0650_S050,8_3,8_3_X0250_Y0800_S050,2019-03-27,4,11032,11032,0,0,0.0,0,0,0,0,[],UNKNOWN
author_grid_component:8_3_X0150_Y0650_S050,8_3,8_3_X0250_Y0800_S050,2019-04-01,4,15561,15561,0,0,0.0,0,0,0,0,[],UNKNOWN
author_grid_component:8_3_X0150_Y0650_S050,8_3,8_3_X0250_Y0800_S050,2019-06-30,4,12601,9487,3114,0,0.0,0,0,0,0,[],UNKNOWN
author_grid_component:8_3_X0150_Y0650_S050,8_3,8_3_X0250_Y0800_S050,2019-07-20,4,11797,11797,0,0,0.0,0,0,0,0,[],UNKNOWN
author_grid_component:8_3_X0150_Y0650_S050,8_3,8_3_X0250_Y0800_S050,2019-07-25,4,16373,16373,0,0,0.0,0,0,0,0,[],UNKNOWN
author_grid_component:8_3_X0150_Y0650_S050,8_3,8_3_X0250_Y0800_S050,2019-08-19,4,9307,8033,1274,0,0.0,0,0,0,0,[],UNKNOWN
author_grid_component:8_3_X0150_Y0650_S050,8_3,8_3_X0250_Y0800_S050,2019-09-03,4,14963,14455,508,0,0.0,0,0,0,0,[],UNKNOWN
author_grid_component:8_3_X0150_Y0650_S050,8_3,8_3_X0250_Y0800_S050,2019-10-23,4,6299,6299,0,0,0.0,0,0,0,0,[],UNKNOWN
author_grid_component:8_3_X0150_Y0650_S050,8_3,8_3_X0250_Y0800_S050,2020-05-10,4,7527,7527,0,0,0.0,0,0,0,0,[],UNKNOWN
author_grid_component:8_3_X0150_Y0650_S050,8_3,8_3_X0250_Y0800_S050,2020-09-07,4,12996,12664,332,0,0.0,0,0,0,0,[],UNKNOWN
author_grid_component:8_3_X0150_Y0650_S050,8_3,8_3_X0250_Y0800_S050,2020-09-22,4,16384,16384,0,0,0.0,0,0,0,0,[],UNKNOWN
author_grid_component:8_3_X0150_Y0650_S050,8_3,8_3_X0250_Y0800_S050,2020-10-17,4,11440,11440,0,0,0.0,0,0,0,0,[],UNKNOWN
author_grid_component:8_3_X0150_Y0650_S050,8_3,8_3_X0250_Y0800_S050,2020-12-11,4,13710,13710,0,0,0.0,0,0,0,0,[],UNKNOWN
author_grid_component:8_3_X0150_Y0650_S050,8_3,8_3_X0250_Y0800_S050,2020-12-26,4,15577,15577,0,0,0.0,0,0,0,0,[],UNKNOWN
author_grid_component:8_3_X0150_Y0650_S050,8_3,8_3_X0250_Y0850_S050,2019-01-11,4,14862,14862,0,0,0.0,0,0,0,0,[],UNKNOWN
author_grid_component:8_3_X0150_Y0650_S050,8_3,8_3_X0250_Y0850_S050,2019-02-05,4,16330,16330,0,0,0.0,0,0,0,0,[],UNKNOWN
author_grid_component:8_3_X0150_Y0650_S050,8_3,8_3_X0250_Y0850_S050,2019-03-17,4,16384,16384,0,0,0.0,0,0,0,0,[],UNKNOWN
author_grid_component:8_3_X0150_Y0650_S050,8_3,8_3_X0250_Y0850_S050,2019-04-01,4,16384,16384,0,0,0.0,0,0,0,0,[],UNKNOWN
author_grid_component:8_3_X0150_Y0650_S050,8_3,8_3_X0250_Y0850_S050,2019-07-20,4,16052,16052,0,0,0.0,0,0,0,0,[],UNKNOWN
author_grid_component:8_3_X0150_Y0650_S050,8_3,8_3_X0250_Y0850_S050,2019-07-25,4,15626,15593,33,0,0.0,0,0,0,0,[],UNKNOWN
author_grid_component:8_3_X0150_Y0650_S050,8_3,8_3_X0250_Y0850_S050,2019-08-19,4,15894,15501,393,0,0.0,0,0,0,0,[],UNKNOWN
author_grid_component:8_3_X0150_Y0650_S050,8_3,8_3_X0250_Y0850_S050,2019-09-03,4,13847,13847,0,0,0.0,0,0,0,0,[],UNKNOWN
author_grid_component:8_3_X0150_Y0650_S050,8_3,8_3_X0250_Y0850_S050,2019-10-23,4,15894,15894,0,0,0.0,0,0,0,0,[],UNKNOWN
author_grid_component:8_3_X0150_Y0650_S050,8_3,8_3_X0250_Y0850_S050,2020-05-10,4,11905,11905,0,0,0.0,0,0,0,0,[],UNKNOWN
author_grid_component:8_3_X0150_Y0650_S050,8_3,8_3_X0250_Y0850_S050,2020-07-29,4,6743,6743,0,0,0.0,0,0,0,0,[],UNKNOWN
author_grid_component:8_3_X0150_Y0650_S050,8_3,8_3_X0250_Y0850_S050,2020-09-07,4,16374,16374,0,0,0.0,0,0,0,0,[],UNKNOWN
author_grid_component:8_3_X0150_Y0650_S050,8_3,8_3_X0250_Y0850_S050,2020-09-22,4,16140,16140,0,0,0.0,0,0,0,0,[],UNKNOWN
author_grid_component:8_3_X0150_Y0650_S050,8_3,8_3_X0250_Y0850_S050,2020-10-17,4,15869,15869,0,0,0.0,0,0,0,0,[],UNKNOWN
author_grid_component:8_3_X0150_Y0650_S050,8_3,8_3_X0250_Y0850_S050,2020-12-11,4,16384,16384,0,0,0.0,0,0,0,0,[],UNKNOWN
author_grid_component:8_3_X0150_Y0650_S050,8_3,8_3_X0250_Y0850_S050,2020-12-26,4,16384,16384,0,0,0.0,0,0,0,0,[],UNKNOWN
author_grid_component:8_3_X0150_Y0650_S050,8_3,8_3_X0300_Y0750_S050,2019-01-11,4,11970,11970,0,0,0.0,0,0,0,0,[],UNKNOWN
author_grid_component:8_3_X0150_Y0650_S050,8_3,8_3_X0300_Y0750_S050,2019-02-05,4,4368,4368,0,0,0.0,0,0,0,0,[],UNKNOWN
author_grid_component:8_3_X0150_Y0650_S050,8_3,8_3_X0300_Y0750_S050,2019-03-27,4,8074,8074,0,0,0.0,0,0,0,0,[],UNKNOWN
author_grid_component:8_3_X0150_Y0650_S050,8_3,8_3_X0300_Y0750_S050,2019-04-01,4,11410,11410,0,0,0.0,0,0,0,0,[],UNKNOWN
author_grid_component:8_3_X0150_Y0650_S050,8_3,8_3_X0300_Y0750_S050,2019-06-30,4,6409,5851,558,0,0.0,0,0,0,0,[],UNKNOWN
author_grid_component:8_3_X0150_Y0650_S050,8_3,8_3_X0300_Y0750_S050,2019-07-20,4,7263,7099,164,0,0.0,0,0,0,0,[],UNKNOWN
author_grid_component:8_3_X0150_Y0650_S050,8_3,8_3_X0300_Y0750_S050,2019-07-25,4,5246,4153,1093,0,0.0,0,0,0,0,[],UNKNOWN
author_grid_component:8_3_X0150_Y0650_S050,8_3,8_3_X0300_Y0750_S050,2019-08-19,4,8949,7836,1113,0,0.0,0,0,0,0,[],UNKNOWN
author_grid_component:8_3_X0150_Y0650_S050,8_3,8_3_X0300_Y0750_S050,2019-09-03,4,6172,3221,2951,0,0.0,0,0,0,0,[],UNKNOWN
author_grid_component:8_3_X0150_Y0650_S050,8_3,8_3_X0300_Y0750_S050,2019-10-23,4,9172,9172,0,0,0.0,0,0,0,0,[],UNKNOWN
author_grid_component:8_3_X0150_Y0650_S050,8_3,8_3_X0300_Y0750_S050,2020-05-10,4,7895,7888,7,0,0.0,0,0,0,0,[],UNKNOWN
author_grid_component:8_3_X0150_Y0650_S050,8_3,8_3_X0300_Y0750_S050,2020-09-07,4,8693,8247,446,0,0.0,0,0,0,0,[],UNKNOWN
author_grid_component:8_3_X0150_Y0650_S050,8_3,8_3_X0300_Y0750_S050,2020-09-22,4,11176,11176,0,0,0.0,0,0,0,0,[],UNKNOWN
author_grid_component:8_3_X0150_Y0650_S050,8_3,8_3_X0300_Y0750_S050,2020-10-17,4,4209,4209,0,0,0.0,0,0,0,0,[],UNKNOWN
author_grid_component:8_3_X0150_Y0650_S050,8_3,8_3_X0300_Y0750_S050,2020-12-11,4,11069,11069,0,0,0.0,0,0,0,0,[],UNKNOWN
author_grid_component:8_3_X0150_Y0650_S050,8_3,8_3_X0300_Y0750_S050,2020-12-26,4,10859,10859,0,0,0.0,0,0,0,0,[],UNKNOWN
author_grid_component:8_3_X0150_Y0650_S050,8_3,8_3_X0300_Y0800_S050,2019-01-11,4,9865,9865,0,0,0.0,0,0,0,0,[],UNKNOWN
author_grid_component:8_3_X0150_Y0650_S050,8_3,8_3_X0300_Y0800_S050,2019-02-05,4,8973,8973,0,0,0.0,0,0,0,0,[],UNKNOWN
author_grid_component:8_3_X0150_Y0650_S050,8_3,8_3_X0300_Y0800_S050,2019-03-27,4,10115,10115,0,0,0.0,0,0,0,0,[],UNKNOWN
author_grid_component:8_3_X0150_Y0650_S050,8_3,8_3_X0300_Y0800_S050,2019-04-01,4,15307,15307,0,0,0.0,0,0,0,0,[],UNKNOWN
author_grid_component:8_3_X0150_Y0650_S050,8_3,8_3_X0300_Y0800_S050,2019-06-30,4,9102,9047,55,0,0.0,0,0,0,0,[],UNKNOWN
author_grid_component:8_3_X0150_Y0650_S050,8_3,8_3_X0300_Y0800_S050,2019-07-20,4,8712,8620,92,0,0.0,0,0,0,0,[],UNKNOWN
author_grid_component:8_3_X0150_Y0650_S050,8_3,8_3_X0300_Y0800_S050,2019-07-25,4,11763,11127,636,0,0.0,0,0,0,0,[],UNKNOWN
author_grid_component:8_3_X0150_Y0650_S050,8_3,8_3_X0300_Y0800_S050,2019-08-19,4,12426,11272,1154,0,0.0,0,0,0,0,[],UNKNOWN
author_grid_component:8_3_X0150_Y0650_S050,8_3,8_3_X0300_Y0800_S050,2019-09-03,4,10838,10838,0,0,0.0,0,0,0,0,[],UNKNOWN
author_grid_component:8_3_X0150_Y0650_S050,8_3,8_3_X0300_Y0800_S050,2019-10-23,4,7507,7507,0,0,0.0,0,0,0,0,[],UNKNOWN
author_grid_component:8_3_X0150_Y0650_S050,8_3,8_3_X0300_Y0800_S050,2020-05-10,4,15991,15991,0,0,0.0,0,0,0,0,[],UNKNOWN
author_grid_component:8_3_X0150_Y0650_S050,8_3,8_3_X0300_Y0800_S050,2020-09-07,4,9737,8893,844,0,0.0,0,0,0,0,[],UNKNOWN
author_grid_component:8_3_X0150_Y0650_S050,8_3,8_3_X0300_Y0800_S050,2020-09-22,4,8178,8178,0,0,0.0,0,0,0,0,[],UNKNOWN
author_grid_component:8_3_X0150_Y0650_S050,8_3,8_3_X0300_Y0800_S050,2020-10-17,4,11188,11188,0,0,0.0,0,0,0,0,[],UNKNOWN
author_grid_component:8_3_X0150_Y0650_S050,8_3,8_3_X0300_Y0800_S050,2020-12-11,4,9185,9185,0,0,0.0,0,0,0,0,[],UNKNOWN
author_grid_component:8_3_X0150_Y0650_S050,8_3,8_3_X0300_Y0800_S050,2020-12-26,4,7655,7655,0,0,0.0,0,0,0,0,[],UNKNOWN
author_grid_component:8_3_X0150_Y0650_S050,8_3,8_3_X0350_Y0850_S050,2019-01-11,4,8740,8740,0,0,0.0,0,0,0,0,[],UNKNOWN
author_grid_component:8_3_X0150_Y0650_S050,8_3,8_3_X0350_Y0850_S050,2019-02-05,4,9355,9355,0,0,0.0,0,0,0,0,[],UNKNOWN
author_grid_component:8_3_X0150_Y0650_S050,8_3,8_3_X0350_Y0850_S050,2019-03-27,4,11747,11747,0,0,0.0,0,0,0,0,[],UNKNOWN
author_grid_component:8_3_X0150_Y0650_S050,8_3,8_3_X0350_Y0850_S050,2019-04-01,4,6808,6808,0,0,0.0,0,0,0,0,[],UNKNOWN
author_grid_component:8_3_X0150_Y0650_S050,8_3,8_3_X0350_Y0850_S050,2019-06-30,4,6638,6638,0,0,0.0,0,0,0,0,[],UNKNOWN
author_grid_component:8_3_X0150_Y0650_S050,8_3,8_3_X0350_Y0850_S050,2019-07-20,4,12334,11086,1248,0,0.0,0,0,0,0,[],UNKNOWN
author_grid_component:8_3_X0150_Y0650_S050,8_3,8_3_X0350_Y0850_S050,2019-07-25,4,13130,13130,0,0,0.0,0,0,0,0,[],UNKNOWN
author_grid_component:8_3_X0150_Y0650_S050,8_3,8_3_X0350_Y0850_S050,2019-08-19,4,11386,11179,207,0,0.0,0,0,0,0,[],UNKNOWN
author_grid_component:8_3_X0150_Y0650_S050,8_3,8_3_X0350_Y0850_S050,2019-09-03,4,7448,6791,657,0,0.0,0,0,0,0,[],UNKNOWN
author_grid_component:8_3_X0150_Y0650_S050,8_3,8_3_X0350_Y0850_S050,2019-10-23,4,11907,11907,0,0,0.0,0,0,0,0,[],UNKNOWN
author_grid_component:8_3_X0150_Y0650_S050,8_3,8_3_X0350_Y0850_S050,2020-05-10,4,9523,9523,0,0,0.0,0,0,0,0,[],UNKNOWN
author_grid_component:8_3_X0150_Y0650_S050,8_3,8_3_X0350_Y0850_S050,2020-09-07,4,12245,11405,840,0,0.0,0,0,0,0,[],UNKNOWN
author_grid_component:8_3_X0150_Y0650_S050,8_3,8_3_X0350_Y0850_S050,2020-09-22,4,6775,6775,0,0,0.0,0,0,0,0,[],UNKNOWN
author_grid_component:8_3_X0150_Y0650_S050,8_3,8_3_X0350_Y0850_S050,2020-10-17,4,9032,9032,0,0,0.0,0,0,0,0,[],UNKNOWN
author_grid_component:8_3_X0150_Y0650_S050,8_3,8_3_X0350_Y0850_S050,2020-12-11,4,10730,10730,0,0,0.0,0,0,0,0,[],UNKNOWN
author_grid_component:8_3_X0150_Y0650_S050,8_3,8_3_X0350_Y0850_S050,2020-12-26,4,10963,10963,0,0,0.0,0,0,0,0,[],UNKNOWN
author_grid_component:8_3_X0150_Y0650_S050,8_3,8_3_X0400_Y0900_S050,2019-01-11,4,4436,4436,0,0,0.0,0,0,0,0,[],UNKNOWN
author_grid_component:8_3_X0150_Y0650_S050,8_3,8_3_X0400_Y0900_S050,2019-02-05,4,4476,4476,0,0,0.0,0,0,0,0,[],UNKNOWN
author_grid_component:8_3_X0150_Y0650_S050,8_3,8_3_X0400_Y0900_S050,2019-02-10,4,6497,6497,0,0,0.0,0,0,0,0,[],UNKNOWN
author_grid_component:8_3_X0150_Y0650_S050,8_3,8_3_X0400_Y0900_S050,2019-03-27,4,5835,5835,0,0,0.0,0,0,0,0,[],UNKNOWN
author_grid_component:8_3_X0150_Y0650_S050,8_3,8_3_X0400_Y0900_S050,2019-04-21,2,1195,1195,0,0,0.0,0,0,0,0,[],UNKNOWN
author_grid_component:8_3_X0150_Y0650_S050,8_3,8_3_X0400_Y0900_S050,2019-07-20,4,4746,4147,599,0,0.0,0,0,0,0,[],UNKNOWN
author_grid_component:8_3_X0150_Y0650_S050,8_3,8_3_X0400_Y0900_S050,2019-08-04,4,6089,6089,0,0,0.0,0,0,0,0,[],UNKNOWN
author_grid_component:8_3_X0150_Y0650_S050,8_3,8_3_X0400_Y0900_S050,2019-08-19,4,8979,7532,1447,0,0.0,0,0,0,0,[],UNKNOWN
author_grid_component:8_3_X0150_Y0650_S050,8_3,8_3_X0400_Y0900_S050,2020-01-06,1,0,0,0,0,,0,0,0,0,[],UNKNOWN
author_grid_component:8_3_X0150_Y0650_S050,8_3,8_3_X0400_Y0900_S050,2020-05-10,4,5089,5089,0,0,0.0,0,0,0,0,[],UNKNOWN
author_grid_component:8_3_X0150_Y0650_S050,8_3,8_3_X0400_Y0900_S050,2020-07-04,4,2644,2644,0,0,0.0,0,0,0,0,[],UNKNOWN
author_grid_component:8_3_X0150_Y0650_S050,8_3,8_3_X0400_Y0900_S050,2020-09-22,4,7353,7353,0,0,0.0,0,0,0,0,[],UNKNOWN
author_grid_component:8_3_X0150_Y0650_S050,8_3,8_3_X0400_Y0900_S050,2020-10-17,4,8815,8815,0,0,0.0,0,0,0,0,[],UNKNOWN
author_grid_component:8_3_X0150_Y0650_S050,8_3,8_3_X0400_Y0900_S050,2020-11-21,4,6047,5903,144,0,0.0,0,0,0,0,[],UNKNOWN
author_grid_component:8_3_X0150_Y0650_S050,8_3,8_3_X0400_Y0900_S050,2020-12-01,4,6594,6594,0,0,0.0,0,0,0,0,[],UNKNOWN
author_grid_component:8_3_X0150_Y0650_S050,8_3,8_3_X0400_Y0900_S050,2020-12-11,4,7213,7213,0,0,0.0,0,0,0,0,[],UNKNOWN
author_grid_component:8_3_X0200_Y1550_S050,8_3,8_3_X0200_Y1550_S050,2019-01-11,32,72636,72636,0,0,0.0,0,0,0,0,[],UNKNOWN
author_grid_component:8_3_X0200_Y1550_S050,8_3,8_3_X0200_Y1550_S050,2019-02-05,33,73300,73300,0,0,0.0,0,0,0,0,[],UNKNOWN
author_grid_component:8_3_X0200_Y1550_S050,8_3,8_3_X0200_Y1550_S050,2019-02-10,33,70606,70606,0,0,0.0,0,0,0,0,[],UNKNOWN
author_grid_component:8_3_X0200_Y1550_S050,8_3,8_3_X0200_Y1550_S050,2019-03-27,32,72469,72469,0,0,0.0,0,0,0,0,[],UNKNOWN
author_grid_component:8_3_X0200_Y1550_S050,8_3,8_3_X0200_Y1550_S050,2019-05-01,22,40182,40182,0,0,0.0,0,0,0,0,[],UNKNOWN
author_grid_component:8_3_X0200_Y1550_S050,8_3,8_3_X0200_Y1550_S050,2019-07-10,27,63103,47544,15559,0,0.0,0,0,0,0,[],UNKNOWN
author_grid_component:8_3_X0200_Y1550_S050,8_3,8_3_X0200_Y1550_S050,2019-07-20,20,45724,17101,28623,0,0.0,0,0,0,0,[],UNKNOWN
author_grid_component:8_3_X0200_Y1550_S050,8_3,8_3_X0200_Y1550_S050,2019-08-19,28,68523,48471,20052,0,0.0,0,0,0,0,[],UNKNOWN
author_grid_component:8_3_X0200_Y1550_S050,8_3,8_3_X0200_Y1550_S050,2019-10-23,33,73301,70803,2498,0,0.0,0,0,0,0,[],UNKNOWN
author_grid_component:8_3_X0200_Y1550_S050,8_3,8_3_X0200_Y1550_S050,2020-01-06,1,0,0,0,0,,0,0,0,0,[],UNKNOWN
author_grid_component:8_3_X0200_Y1550_S050,8_3,8_3_X0200_Y1550_S050,2020-02-15,31,72188,72188,0,0,0.0,0,0,0,0,[],UNKNOWN
author_grid_component:8_3_X0200_Y1550_S050,8_3,8_3_X0200_Y1550_S050,2020-04-05,32,72647,71698,949,0,0.0,0,0,0,0,[],UNKNOWN
author_grid_component:8_3_X0200_Y1550_S050,8_3,8_3_X0200_Y1550_S050,2020-07-04,4,15468,8253,7215,0,0.0,0,0,0,0,[],UNKNOWN
author_grid_component:8_3_X0200_Y1550_S050,8_3,8_3_X0200_Y1550_S050,2020-07-19,4,16050,11606,4444,0,0.0,0,0,0,0,[],UNKNOWN
author_grid_component:8_3_X0200_Y1550_S050,8_3,8_3_X0200_Y1550_S050,2020-09-22,5,5380,5380,0,0,0.0,0,0,0,0,[],UNKNOWN
author_grid_component:8_3_X0200_Y1550_S050,8_3,8_3_X0200_Y1550_S050,2020-10-17,31,67570,64720,2850,0,0.0,0,0,0,0,[],UNKNOWN
author_grid_component:8_3_X0200_Y1550_S050,8_3,8_3_X0200_Y1550_S050,2020-11-21,27,58576,54987,3589,0,0.0,0,0,0,0,[],UNKNOWN
author_grid_component:8_3_X0200_Y1550_S050,8_3,8_3_X0200_Y1550_S050,2020-12-01,31,72334,72334,0,0,0.0,0,0,0,0,[],UNKNOWN
author_grid_component:8_3_X0200_Y1550_S050,8_3,8_3_X0200_Y1550_S050,2020-12-06,1,1180,1180,0,0,0.0,0,0,0,0,[],UNKNOWN
author_grid_component:8_3_X0200_Y1550_S050,8_3,8_3_X0200_Y1550_S050,2020-12-26,31,73010,73010,0,0,0.0,0,0,0,0,[],UNKNOWN
author_grid_component:8_3_X0200_Y1550_S050,8_3,8_3_X0200_Y1600_S050,2019-01-11,28,93177,93177,0,0,0.0,0,0,0,0,[],UNKNOWN
author_grid_component:8_3_X0200_Y1550_S050,8_3,8_3_X0200_Y1600_S050,2019-01-16,11,34656,34656,0,0,0.0,0,0,0,0,[],UNKNOWN
author_grid_component:8_3_X0200_Y1550_S050,8_3,8_3_X0200_Y1600_S050,2019-01-26,11,36798,36798,0,0,0.0,0,0,0,0,[],UNKNOWN
author_grid_component:8_3_X0200_Y1550_S050,8_3,8_3_X0200_Y1600_S050,2019-01-31,11,35615,35615,0,0,0.0,0,0,0,0,[],UNKNOWN
author_grid_component:8_3_X0200_Y1550_S050,8_3,8_3_X0200_Y1600_S050,2019-02-05,28,93037,93037,0,0,0.0,0,0,0,0,[],UNKNOWN
author_grid_component:8_3_X0200_Y1550_S050,8_3,8_3_X0200_Y1600_S050,2019-02-10,28,91389,91389,0,0,0.0,0,0,0,0,[],UNKNOWN
author_grid_component:8_3_X0200_Y1550_S050,8_3,8_3_X0200_Y1600_S050,2019-02-25,11,36280,36280,0,0,0.0,0,0,0,0,[],UNKNOWN
author_grid_component:8_3_X0200_Y1550_S050,8_3,8_3_X0200_Y1600_S050,2019-03-12,11,36848,36848,0,0,0.0,0,0,0,0,[],UNKNOWN
author_grid_component:8_3_X0200_Y1550_S050,8_3,8_3_X0200_Y1600_S050,2019-03-27,28,92892,92892,0,0,0.0,0,0,0,0,[],UNKNOWN
author_grid_component:8_3_X0200_Y1550_S050,8_3,8_3_X0200_Y1600_S050,2019-04-16,11,35711,35711,0,0,0.0,0,0,0,0,[],UNKNOWN
author_grid_component:8_3_X0200_Y1550_S050,8_3,8_3_X0200_Y1600_S050,2019-05-01,28,86577,86577,0,0,0.0,0,0,0,0,[],UNKNOWN
author_grid_component:8_3_X0200_Y1550_S050,8_3,8_3_X0200_Y1600_S050,2019-05-21,9,21729,21729,0,0,0.0,0,0,0,0,[],UNKNOWN
author_grid_component:8_3_X0200_Y1550_S050,8_3,8_3_X0200_Y1600_S050,2019-05-26,10,21541,21541,0,0,0.0,0,0,0,0,[],UNKNOWN
author_grid_component:8_3_X0200_Y1550_S050,8_3,8_3_X0200_Y1600_S050,2019-07-10,28,90274,47247,43027,0,0.0,0,0,0,0,[],UNKNOWN
author_grid_component:8_3_X0200_Y1550_S050,8_3,8_3_X0200_Y1600_S050,2019-07-15,8,17089,17089,0,0,0.0,0,0,0,0,[],UNKNOWN
author_grid_component:8_3_X0200_Y1550_S050,8_3,8_3_X0200_Y1600_S050,2019-07-20,25,53217,43458,9759,0,0.0,0,0,0,0,[],UNKNOWN
author_grid_component:8_3_X0200_Y1550_S050,8_3,8_3_X0200_Y1600_S050,2019-08-09,11,36903,34584,2319,0,0.0,0,0,0,0,[],UNKNOWN
author_grid_component:8_3_X0200_Y1550_S050,8_3,8_3_X0200_Y1600_S050,2019-08-19,28,91663,90805,858,0,0.0,0,0,0,0,[],UNKNOWN
author_grid_component:8_3_X0200_Y1550_S050,8_3,8_3_X0200_Y1600_S050,2019-08-29,11,36571,36571,0,0,0.0,0,0,0,0,[],UNKNOWN
author_grid_component:8_3_X0200_Y1550_S050,8_3,8_3_X0200_Y1600_S050,2019-10-03,11,36328,36328,0,0,0.0,0,0,0,0,[],UNKNOWN
author_grid_component:8_3_X0200_Y1550_S050,8_3,8_3_X0200_Y1600_S050,2019-10-18,11,36620,36620,0,0,0.0,0,0,0,0,[],UNKNOWN
author_grid_component:8_3_X0200_Y1550_S050,8_3,8_3_X0200_Y1600_S050,2019-10-23,28,93041,93041,0,0,0.0,0,0,0,0,[],UNKNOWN
author_grid_component:8_3_X0200_Y1550_S050,8_3,8_3_X0200_Y1600_S050,2019-10-28,11,35893,35893,0,0,0.0,0,0,0,0,[],UNKNOWN
author_grid_component:8_3_X0200_Y1550_S050,8_3,8_3_X0200_Y1600_S050,2019-12-07,11,36873,36873,0,0,0.0,0,0,0,0,[],UNKNOWN
author_grid_component:8_3_X0200_Y1550_S050,8_3,8_3_X0200_Y1600_S050,2020-01-01,11,36100,36100,0,0,0.0,0,0,0,0,[],UNKNOWN
author_grid_component:8_3_X0200_Y1550_S050,8_3,8_3_X0200_Y1600_S050,2020-01-06,1,0,0,0,0,,0,0,0,0,[],UNKNOWN
author_grid_component:8_3_X0200_Y1550_S050,8_3,8_3_X0200_Y1600_S050,2020-01-21,11,35616,35497,119,0,0.0,0,0,0,0,[],UNKNOWN
author_grid_component:8_3_X0200_Y1550_S050,8_3,8_3_X0200_Y1600_S050,2020-01-26,11,36583,36583,0,0,0.0,0,0,0,0,[],UNKNOWN
author_grid_component:8_3_X0200_Y1550_S050,8_3,8_3_X0200_Y1600_S050,2020-02-15,28,90670,90670,0,0,0.0,0,0,0,0,[],UNKNOWN
author_grid_component:8_3_X0200_Y1550_S050,8_3,8_3_X0200_Y1600_S050,2020-03-01,11,36767,36767,0,0,0.0,0,0,0,0,[],UNKNOWN
author_grid_component:8_3_X0200_Y1550_S050,8_3,8_3_X0200_Y1600_S050,2020-04-05,28,91079,90581,498,0,0.0,0,0,0,0,[],UNKNOWN
author_grid_component:8_3_X0200_Y1550_S050,8_3,8_3_X0200_Y1600_S050,2020-06-04,8,7594,7594,0,0,0.0,0,0,0,0,[],UNKNOWN
author_grid_component:8_3_X0200_Y1550_S050,8_3,8_3_X0200_Y1600_S050,2020-07-04,4,15725,5679,9573,473,3.0079491255961845,2,1,1,1,['8_3'],UNKNOWN
author_grid_component:8_3_X0200_Y1550_S050,8_3,8_3_X0200_Y1600_S050,2020-07-19,4,16276,12081,4195,0,0.0,0,0,0,0,[],UNKNOWN
author_grid_component:8_3_X0200_Y1550_S050,8_3,8_3_X0200_Y1600_S050,2020-09-22,18,35206,35206,0,0,0.0,0,0,0,0,[],UNKNOWN
author_grid_component:8_3_X0200_Y1550_S050,8_3,8_3_X0200_Y1600_S050,2020-10-07,11,35472,35472,0,0,0.0,0,0,0,0,[],UNKNOWN
author_grid_component:8_3_X0200_Y1550_S050,8_3,8_3_X0200_Y1600_S050,2020-10-17,28,79337,78113,1224,0,0.0,0,0,0,0,[],UNKNOWN
author_grid_component:8_3_X0200_Y1550_S050,8_3,8_3_X0200_Y1600_S050,2020-11-16,11,36862,36862,0,0,0.0,0,0,0,0,[],UNKNOWN
author_grid_component:8_3_X0200_Y1550_S050,8_3,8_3_X0200_Y1600_S050,2020-11-21,28,84195,81304,2891,0,0.0,0,0,0,0,[],UNKNOWN
author_grid_component:8_3_X0200_Y1550_S050,8_3,8_3_X0200_Y1600_S050,2020-12-01,28,90835,90835,0,0,0.0,0,0,0,0,[],UNKNOWN
author_grid_component:8_3_X0200_Y1550_S050,8_3,8_3_X0200_Y1600_S050,2020-12-06,11,35547,35190,357,0,0.0,0,0,0,0,[],UNKNOWN
author_grid_component:8_3_X0200_Y1550_S050,8_3,8_3_X0200_Y1600_S050,2020-12-26,28,92174,92174,0,0,0.0,0,0,0,0,[],UNKNOWN
author_grid_component:8_3_X0300_Y1800_S050,8_3,8_3_X0300_Y1800_S050,2019-01-11,4,8329,8329,0,0,0.0,0,0,0,0,[],UNKNOWN
author_grid_component:8_3_X0300_Y1800_S050,8_3,8_3_X0300_Y1800_S050,2019-02-05,4,11352,11352,0,0,0.0,0,0,0,0,[],UNKNOWN
author_grid_component:8_3_X0300_Y1800_S050,8_3,8_3_X0300_Y1800_S050,2019-02-10,4,8482,8482,0,0,0.0,0,0,0,0,[],UNKNOWN
author_grid_component:8_3_X0300_Y1800_S050,8_3,8_3_X0300_Y1800_S050,2019-03-22,4,10388,10388,0,0,0.0,0,0,0,0,[],UNKNOWN
author_grid_component:8_3_X0300_Y1800_S050,8_3,8_3_X0300_Y1800_S050,2019-05-01,4,16383,16383,0,0,0.0,0,0,0,0,[],UNKNOWN
author_grid_component:8_3_X0300_Y1800_S050,8_3,8_3_X0300_Y1800_S050,2019-06-30,4,16123,15540,583,0,0.0,0,0,0,0,[],UNKNOWN
author_grid_component:8_3_X0300_Y1800_S050,8_3,8_3_X0300_Y1800_S050,2019-07-20,4,16270,13911,2359,0,0.0,0,0,0,0,[],UNKNOWN
author_grid_component:8_3_X0300_Y1800_S050,8_3,8_3_X0300_Y1800_S050,2019-09-03,4,12221,11576,645,0,0.0,0,0,0,0,[],UNKNOWN
author_grid_component:8_3_X0300_Y1800_S050,8_3,8_3_X0300_Y1800_S050,2019-10-23,4,8637,8637,0,0,0.0,0,0,0,0,[],UNKNOWN
author_grid_component:8_3_X0300_Y1800_S050,8_3,8_3_X0300_Y1800_S050,2020-01-06,1,0,0,0,0,,0,0,0,0,[],UNKNOWN
author_grid_component:8_3_X0300_Y1800_S050,8_3,8_3_X0300_Y1800_S050,2020-02-15,4,7955,7955,0,0,0.0,0,0,0,0,[],UNKNOWN
author_grid_component:8_3_X0300_Y1800_S050,8_3,8_3_X0300_Y1800_S050,2020-07-19,4,12178,11117,1061,0,0.0,0,0,0,0,[],UNKNOWN
author_grid_component:8_3_X0300_Y1800_S050,8_3,8_3_X0300_Y1800_S050,2020-09-22,3,1687,1687,0,0,0.0,0,0,0,0,[],UNKNOWN
author_grid_component:8_3_X0300_Y1800_S050,8_3,8_3_X0300_Y1800_S050,2020-10-17,4,11361,11334,27,0,0.0,0,0,0,0,[],UNKNOWN
author_grid_component:8_3_X0300_Y1800_S050,8_3,8_3_X0300_Y1800_S050,2020-11-21,4,13052,13052,0,0,0.0,0,0,0,0,[],UNKNOWN
author_grid_component:8_3_X0300_Y1800_S050,8_3,8_3_X0300_Y1800_S050,2020-12-26,4,8858,8858,0,0,0.0,0,0,0,0,[],UNKNOWN
author_grid_component:8_3_X0350_Y1550_S050,8_3,8_3_X0350_Y1550_S050,2019-01-11,4,11028,10826,202,0,0.0,0,0,0,0,[],UNKNOWN
author_grid_component:8_3_X0350_Y1550_S050,8_3,8_3_X0350_Y1550_S050,2019-02-05,4,13129,13121,8,0,0.0,0,0,0,0,[],UNKNOWN
author_grid_component:8_3_X0350_Y1550_S050,8_3,8_3_X0350_Y1550_S050,2019-02-10,4,9381,9273,108,0,0.0,0,0,0,0,[],UNKNOWN
author_grid_component:8_3_X0350_Y1550_S050,8_3,8_3_X0350_Y1550_S050,2019-03-27,4,6155,6155,0,0,0.0,0,0,0,0,[],UNKNOWN
author_grid_component:8_3_X0350_Y1550_S050,8_3,8_3_X0350_Y1550_S050,2019-05-01,4,13480,11977,1503,0,0.0,0,0,0,0,[],UNKNOWN
author_grid_component:8_3_X0350_Y1550_S050,8_3,8_3_X0350_Y1550_S050,2019-07-10,4,15031,2907,12124,0,0.0,0,0,0,0,[],UNKNOWN
author_grid_component:8_3_X0350_Y1550_S050,8_3,8_3_X0350_Y1550_S050,2019-07-20,4,14201,4911,9290,0,0.0,0,0,0,0,[],UNKNOWN
author_grid_component:8_3_X0350_Y1550_S050,8_3,8_3_X0350_Y1550_S050,2019-08-19,4,14393,3746,10647,0,0.0,0,0,0,0,[],UNKNOWN
author_grid_component:8_3_X0350_Y1550_S050,8_3,8_3_X0350_Y1550_S050,2020-01-06,1,0,0,0,0,,0,0,0,0,[],UNKNOWN
author_grid_component:8_3_X0350_Y1550_S050,8_3,8_3_X0350_Y1550_S050,2020-02-15,4,13314,13131,183,0,0.0,0,0,0,0,[],UNKNOWN
author_grid_component:8_3_X0350_Y1550_S050,8_3,8_3_X0350_Y1550_S050,2020-04-05,4,14974,13515,1459,0,0.0,0,0,0,0,[],UNKNOWN
author_grid_component:8_3_X0350_Y1550_S050,8_3,8_3_X0350_Y1550_S050,2020-07-04,4,14595,9358,5237,0,0.0,0,0,0,0,[],UNKNOWN
author_grid_component:8_3_X0350_Y1550_S050,8_3,8_3_X0350_Y1550_S050,2020-07-19,4,13251,864,12387,0,0.0,0,0,0,0,[],UNKNOWN
author_grid_component:8_3_X0350_Y1550_S050,8_3,8_3_X0350_Y1550_S050,2020-10-17,4,14205,12690,1515,0,0.0,0,0,0,0,[],UNKNOWN
author_grid_component:8_3_X0350_Y1550_S050,8_3,8_3_X0350_Y1550_S050,2020-11-21,4,14713,13432,1281,0,0.0,0,0,0,0,[],UNKNOWN
author_grid_component:8_3_X0350_Y1550_S050,8_3,8_3_X0350_Y1550_S050,2020-12-01,4,14727,12890,1837,0,0.0,0,0,0,0,[],UNKNOWN
author_grid_component:8_3_X0350_Y1550_S050,8_3,8_3_X0350_Y1600_S050,2019-01-11,4,9739,9739,0,0,0.0,0,0,0,0,[],UNKNOWN
author_grid_component:8_3_X0350_Y1550_S050,8_3,8_3_X0350_Y1600_S050,2019-02-05,4,11092,11092,0,0,0.0,0,0,0,0,[],UNKNOWN
author_grid_component:8_3_X0350_Y1550_S050,8_3,8_3_X0350_Y1600_S050,2019-02-10,4,13154,13076,78,0,0.0,0,0,0,0,[],UNKNOWN
author_grid_component:8_3_X0350_Y1550_S050,8_3,8_3_X0350_Y1600_S050,2019-03-22,4,8875,8500,375,0,0.0,0,0,0,0,[],UNKNOWN
author_grid_component:8_3_X0350_Y1550_S050,8_3,8_3_X0350_Y1600_S050,2019-05-01,4,11780,11387,393,0,0.0,0,0,0,0,[],UNKNOWN
author_grid_component:8_3_X0350_Y1550_S050,8_3,8_3_X0350_Y1600_S050,2019-06-30,4,14893,13220,1673,0,0.0,0,0,0,0,[],UNKNOWN
author_grid_component:8_3_X0350_Y1550_S050,8_3,8_3_X0350_Y1600_S050,2019-07-20,4,15611,7648,7963,0,0.0,0,0,0,0,[],UNKNOWN
author_grid_component:8_3_X0350_Y1550_S050,8_3,8_3_X0350_Y1600_S050,2019-09-03,4,15179,14325,854,0,0.0,0,0,0,0,[],UNKNOWN
author_grid_component:8_3_X0350_Y1550_S050,8_3,8_3_X0350_Y1600_S050,2019-10-23,4,16272,15834,438,0,0.0,0,0,0,0,[],UNKNOWN
author_grid_component:8_3_X0350_Y1550_S050,8_3,8_3_X0350_Y1600_S050,2020-01-06,1,0,0,0,0,,0,0,0,0,[],UNKNOWN
author_grid_component:8_3_X0350_Y1550_S050,8_3,8_3_X0350_Y1600_S050,2020-02-15,4,16053,15652,401,0,0.0,0,0,0,0,[],UNKNOWN
author_grid_component:8_3_X0350_Y1550_S050,8_3,8_3_X0350_Y1600_S050,2020-07-19,4,16384,16384,0,0,0.0,0,0,0,0,[],UNKNOWN
author_grid_component:8_3_X0350_Y1550_S050,8_3,8_3_X0350_Y1600_S050,2020-09-22,4,16384,15490,894,0,0.0,0,0,0,0,[],UNKNOWN
author_grid_component:8_3_X0350_Y1550_S050,8_3,8_3_X0350_Y1600_S050,2020-10-17,4,14082,13601,481,0,0.0,0,0,0,0,[],UNKNOWN
author_grid_component:8_3_X0350_Y1550_S050,8_3,8_3_X0350_Y1600_S050,2020-11-21,4,16384,16323,61,0,0.0,0,0,0,0,[],UNKNOWN
author_grid_component:8_3_X0350_Y1550_S050,8_3,8_3_X0350_Y1600_S050,2020-12-26,4,7550,7550,0,0,0.0,0,0,0,0,[],UNKNOWN
author_grid_component:8_3_X0350_Y1550_S050,8_3,8_3_X0350_Y1650_S050,2019-01-11,4,6650,6650,0,0,0.0,0,0,0,0,[],UNKNOWN
author_grid_component:8_3_X0350_Y1550_S050,8_3,8_3_X0350_Y1650_S050,2019-02-05,4,5377,5377,0,0,0.0,0,0,0,0,[],UNKNOWN
author_grid_component:8_3_X0350_Y1550_S050,8_3,8_3_X0350_Y1650_S050,2019-02-10,4,6673,6673,0,0,0.0,0,0,0,0,[],UNKNOWN
author_grid_component:8_3_X0350_Y1550_S050,8_3,8_3_X0350_Y1650_S050,2019-03-22,4,10868,10868,0,0,0.0,0,0,0,0,[],UNKNOWN
author_grid_component:8_3_X0350_Y1550_S050,8_3,8_3_X0350_Y1650_S050,2019-05-01,4,14082,14082,0,0,0.0,0,0,0,0,[],UNKNOWN
author_grid_component:8_3_X0350_Y1550_S050,8_3,8_3_X0350_Y1650_S050,2019-06-30,4,15085,14971,114,0,0.0,0,0,0,0,[],UNKNOWN
author_grid_component:8_3_X0350_Y1550_S050,8_3,8_3_X0350_Y1650_S050,2019-07-20,4,9444,7079,2365,0,0.0,0,0,0,0,[],UNKNOWN
author_grid_component:8_3_X0350_Y1550_S050,8_3,8_3_X0350_Y1650_S050,2019-09-03,4,16384,16029,355,0,0.0,0,0,0,0,[],UNKNOWN
author_grid_component:8_3_X0350_Y1550_S050,8_3,8_3_X0350_Y1650_S050,2019-10-23,4,16120,15402,718,0,0.0,0,0,0,0,[],UNKNOWN
author_grid_component:8_3_X0350_Y1550_S050,8_3,8_3_X0350_Y1650_S050,2020-01-06,1,0,0,0,0,,0,0,0,0,[],UNKNOWN
author_grid_component:8_3_X0350_Y1550_S050,8_3,8_3_X0350_Y1650_S050,2020-02-15,4,12697,12654,43,0,0.0,0,0,0,0,[],UNKNOWN
author_grid_component:8_3_X0350_Y1550_S050,8_3,8_3_X0350_Y1650_S050,2020-07-19,4,16372,16345,27,0,0.0,0,0,0,0,[],UNKNOWN
author_grid_component:8_3_X0350_Y1550_S050,8_3,8_3_X0350_Y1650_S050,2020-09-22,4,16384,9501,6883,0,0.0,0,0,0,0,[],UNKNOWN
author_grid_component:8_3_X0350_Y1550_S050,8_3,8_3_X0350_Y1650_S050,2020-10-17,4,13703,12413,1290,0,0.0,0,0,0,0,[],UNKNOWN
author_grid_component:8_3_X0350_Y1550_S050,8_3,8_3_X0350_Y1650_S050,2020-11-21,4,16141,16141,0,0,0.0,0,0,0,0,[],UNKNOWN
author_grid_component:8_3_X0350_Y1550_S050,8_3,8_3_X0350_Y1650_S050,2020-12-26,4,9317,9317,0,0,0.0,0,0,0,0,[],UNKNOWN
author_grid_component:8_3_X0350_Y1550_S050,8_3,8_3_X0400_Y1350_S050,2019-02-05,4,16300,16300,0,0,0.0,0,0,0,0,[],UNKNOWN
author_grid_component:8_3_X0350_Y1550_S050,8_3,8_3_X0400_Y1350_S050,2019-02-10,4,15849,13924,1925,0,0.0,0,0,0,0,[],UNKNOWN
author_grid_component:8_3_X0350_Y1550_S050,8_3,8_3_X0400_Y1350_S050,2019-03-27,4,7634,7433,201,0,0.0,0,0,0,0,[],UNKNOWN
author_grid_component:8_3_X0350_Y1550_S050,8_3,8_3_X0400_Y1350_S050,2019-08-04,4,15928,3176,12752,0,0.0,0,0,0,0,[],UNKNOWN
author_grid_component:8_3_X0350_Y1550_S050,8_3,8_3_X0400_Y1350_S050,2019-08-19,4,15941,2289,13652,0,0.0,0,0,0,0,[],UNKNOWN
author_grid_component:8_3_X0350_Y1550_S050,8_3,8_3_X0400_Y1350_S050,2019-09-03,4,15821,109,15712,0,0.0,0,0,0,0,[],UNKNOWN
author_grid_component:8_3_X0350_Y1550_S050,8_3,8_3_X0400_Y1350_S050,2019-10-13,4,16050,2098,13952,0,0.0,0,0,0,0,[],UNKNOWN
author_grid_component:8_3_X0350_Y1550_S050,8_3,8_3_X0400_Y1350_S050,2019-10-23,4,16154,175,15979,0,0.0,0,0,0,0,[],UNKNOWN
author_grid_component:8_3_X0350_Y1550_S050,8_3,8_3_X0400_Y1350_S050,2020-01-06,1,0,0,0,0,,0,0,0,0,[],UNKNOWN
author_grid_component:8_3_X0350_Y1550_S050,8_3,8_3_X0400_Y1350_S050,2020-07-04,4,15856,15507,349,0,0.0,0,0,0,0,[],UNKNOWN
author_grid_component:8_3_X0350_Y1550_S050,8_3,8_3_X0400_Y1350_S050,2020-09-04,4,15813,3117,12696,0,0.0,0,0,0,0,[],UNKNOWN
author_grid_component:8_3_X0350_Y1550_S050,8_3,8_3_X0400_Y1350_S050,2020-09-22,4,16006,3344,12662,0,0.0,0,0,0,0,[],UNKNOWN
author_grid_component:8_3_X0350_Y1550_S050,8_3,8_3_X0400_Y1350_S050,2020-10-17,4,15997,5944,10053,0,0.0,0,0,0,0,[],UNKNOWN
author_grid_component:8_3_X0350_Y1550_S050,8_3,8_3_X0400_Y1350_S050,2020-11-21,4,15388,10598,4790,0,0.0,0,0,0,0,[],UNKNOWN
author_grid_component:8_3_X0350_Y1550_S050,8_3,8_3_X0400_Y1350_S050,2020-12-01,4,15673,14527,1146,0,0.0,0,0,0,0,[],UNKNOWN
author_grid_component:8_3_X0350_Y1550_S050,8_3,8_3_X0400_Y1350_S050,2020-12-26,4,16119,13348,2771,0,0.0,0,0,0,0,[],UNKNOWN
author_grid_component:8_3_X0350_Y1550_S050,8_3,8_3_X0400_Y1400_S050,2019-02-05,4,16200,16200,0,0,0.0,0,0,0,0,[],UNKNOWN
author_grid_component:8_3_X0350_Y1550_S050,8_3,8_3_X0400_Y1400_S050,2019-02-10,4,16384,15088,1296,0,0.0,0,0,0,0,[],UNKNOWN
author_grid_component:8_3_X0350_Y1550_S050,8_3,8_3_X0400_Y1400_S050,2019-03-27,4,7442,7442,0,0,0.0,0,0,0,0,[],UNKNOWN
author_grid_component:8_3_X0350_Y1550_S050,8_3,8_3_X0400_Y1400_S050,2019-08-04,4,16327,2580,13747,0,0.0,0,0,0,0,[],UNKNOWN
author_grid_component:8_3_X0350_Y1550_S050,8_3,8_3_X0400_Y1400_S050,2019-08-19,4,16333,4002,12331,0,0.0,0,0,0,0,[],UNKNOWN
author_grid_component:8_3_X0350_Y1550_S050,8_3,8_3_X0400_Y1400_S050,2019-09-03,4,16340,928,15412,0,0.0,0,0,0,0,[],UNKNOWN
author_grid_component:8_3_X0350_Y1550_S050,8_3,8_3_X0400_Y1400_S050,2019-10-13,4,16311,3418,12893,0,0.0,0,0,0,0,[],UNKNOWN
author_grid_component:8_3_X0350_Y1550_S050,8_3,8_3_X0400_Y1400_S050,2019-10-23,4,15465,7028,8437,0,0.0,0,0,0,0,[],UNKNOWN
author_grid_component:8_3_X0350_Y1550_S050,8_3,8_3_X0400_Y1400_S050,2020-07-04,4,15218,14618,600,0,0.0,0,0,0,0,[],UNKNOWN
author_grid_component:8_3_X0350_Y1550_S050,8_3,8_3_X0400_Y1400_S050,2020-09-22,4,16340,5236,11104,0,0.0,0,0,0,0,[],UNKNOWN
author_grid_component:8_3_X0350_Y1550_S050,8_3,8_3_X0400_Y1400_S050,2020-10-17,4,16384,9619,6765,0,0.0,0,0,0,0,[],UNKNOWN
author_grid_component:8_3_X0350_Y1550_S050,8_3,8_3_X0400_Y1400_S050,2020-11-16,4,16384,10086,6298,0,0.0,0,0,0,0,[],UNKNOWN
author_grid_component:8_3_X0350_Y1550_S050,8_3,8_3_X0400_Y1400_S050,2020-11-21,4,15754,11562,4192,0,0.0,0,0,0,0,[],UNKNOWN
author_grid_component:8_3_X0350_Y1550_S050,8_3,8_3_X0400_Y1400_S050,2020-12-01,4,15445,12546,2899,0,0.0,0,0,0,0,[],UNKNOWN
author_grid_component:8_3_X0350_Y1550_S050,8_3,8_3_X0400_Y1400_S050,2020-12-06,4,15492,12322,3170,0,0.0,0,0,0,0,[],UNKNOWN
author_grid_component:8_3_X0350_Y1550_S050,8_3,8_3_X0400_Y1400_S050,2020-12-26,4,15976,13302,2674,0,0.0,0,0,0,0,[],UNKNOWN
author_grid_component:8_3_X0350_Y1550_S050,8_3,8_3_X0400_Y1450_S050,2019-02-05,4,10659,10659,0,0,0.0,0,0,0,0,[],UNKNOWN
author_grid_component:8_3_X0350_Y1550_S050,8_3,8_3_X0400_Y1450_S050,2019-02-10,4,15534,14515,1019,0,0.0,0,0,0,0,[],UNKNOWN
author_grid_component:8_3_X0350_Y1550_S050,8_3,8_3_X0400_Y1450_S050,2019-03-27,4,6954,6954,0,0,0.0,0,0,0,0,[],UNKNOWN
author_grid_component:8_3_X0350_Y1550_S050,8_3,8_3_X0400_Y1450_S050,2019-08-04,4,16366,2842,13524,0,0.0,0,0,0,0,[],UNKNOWN
author_grid_component:8_3_X0350_Y1550_S050,8_3,8_3_X0400_Y1450_S050,2019-08-19,4,16384,3666,12718,0,0.0,0,0,0,0,[],UNKNOWN
author_grid_component:8_3_X0350_Y1550_S050,8_3,8_3_X0400_Y1450_S050,2019-09-03,4,16058,948,15110,0,0.0,0,0,0,0,[],UNKNOWN
author_grid_component:8_3_X0350_Y1550_S050,8_3,8_3_X0400_Y1450_S050,2019-10-13,4,16384,3660,12724,0,0.0,0,0,0,0,[],UNKNOWN
author_grid_component:8_3_X0350_Y1550_S050,8_3,8_3_X0400_Y1450_S050,2019-10-23,4,16384,1431,14953,0,0.0,0,0,0,0,[],UNKNOWN
author_grid_component:8_3_X0350_Y1550_S050,8_3,8_3_X0400_Y1450_S050,2020-01-06,1,0,0,0,0,,0,0,0,0,[],UNKNOWN
author_grid_component:8_3_X0350_Y1550_S050,8_3,8_3_X0400_Y1450_S050,2020-07-04,4,14498,14489,9,0,0.0,0,0,0,0,[],UNKNOWN
author_grid_component:8_3_X0350_Y1550_S050,8_3,8_3_X0400_Y1450_S050,2020-09-22,4,16374,3678,12696,0,0.0,0,0,0,0,[],UNKNOWN
author_grid_component:8_3_X0350_Y1550_S050,8_3,8_3_X0400_Y1450_S050,2020-10-17,4,16363,8706,7657,0,0.0,0,0,0,0,[],UNKNOWN
author_grid_component:8_3_X0350_Y1550_S050,8_3,8_3_X0400_Y1450_S050,2020-11-21,4,16354,15453,901,0,0.0,0,0,0,0,[],UNKNOWN
author_grid_component:8_3_X0350_Y1550_S050,8_3,8_3_X0400_Y1450_S050,2020-12-01,4,16029,14701,1328,0,0.0,0,0,0,0,[],UNKNOWN
author_grid_component:8_3_X0350_Y1550_S050,8_3,8_3_X0400_Y1450_S050,2020-12-06,4,15510,15011,499,0,0.0,0,0,0,0,[],UNKNOWN
author_grid_component:8_3_X0350_Y1550_S050,8_3,8_3_X0400_Y1450_S050,2020-12-26,4,15618,14891,727,0,0.0,0,0,0,0,[],UNKNOWN
author_grid_component:8_3_X0350_Y1550_S050,8_3,8_3_X0400_Y1550_S050,2019-01-11,4,9663,9361,302,0,0.0,0,0,0,0,[],UNKNOWN
author_grid_component:8_3_X0350_Y1550_S050,8_3,8_3_X0400_Y1550_S050,2019-02-05,4,14598,14598,0,0,0.0,0,0,0,0,[],UNKNOWN
author_grid_component:8_3_X0350_Y1550_S050,8_3,8_3_X0400_Y1550_S050,2019-03-27,4,6482,6482,0,0,0.0,0,0,0,0,[],UNKNOWN
author_grid_component:8_3_X0350_Y1550_S050,8_3,8_3_X0400_Y1550_S050,2019-05-01,4,15735,15735,0,0,0.0,0,0,0,0,[],UNKNOWN
author_grid_component:8_3_X0350_Y1550_S050,8_3,8_3_X0400_Y1550_S050,2019-05-08,1,0,0,0,0,,0,0,0,0,[],UNKNOWN
author_grid_component:8_3_X0350_Y1550_S050,8_3,8_3_X0400_Y1550_S050,2019-07-10,4,15995,9327,6668,0,0.0,0,0,0,0,[],UNKNOWN
author_grid_component:8_3_X0350_Y1550_S050,8_3,8_3_X0400_Y1550_S050,2019-07-20,4,16381,9848,6533,0,0.0,0,0,0,0,[],UNKNOWN
author_grid_component:8_3_X0350_Y1550_S050,8_3,8_3_X0400_Y1550_S050,2019-08-19,4,16384,12535,3849,0,0.0,0,0,0,0,[],UNKNOWN
author_grid_component:8_3_X0350_Y1550_S050,8_3,8_3_X0400_Y1550_S050,2020-01-06,1,0,0,0,0,,0,0,0,0,[],UNKNOWN
author_grid_component:8_3_X0350_Y1550_S050,8_3,8_3_X0400_Y1550_S050,2020-02-15,4,16056,15516,540,0,0.0,0,0,0,0,[],UNKNOWN
author_grid_component:8_3_X0350_Y1550_S050,8_3,8_3_X0400_Y1550_S050,2020-04-05,4,16384,16046,338,0,0.0,0,0,0,0,[],UNKNOWN
author_grid_component:8_3_X0350_Y1550_S050,8_3,8_3_X0400_Y1550_S050,2020-07-04,4,13527,13381,146,0,0.0,0,0,0,0,[],UNKNOWN
author_grid_component:8_3_X0350_Y1550_S050,8_3,8_3_X0400_Y1550_S050,2020-07-19,4,16384,4457,11927,0,0.0,0,0,0,0,[],UNKNOWN
author_grid_component:8_3_X0350_Y1550_S050,8_3,8_3_X0400_Y1550_S050,2020-10-17,4,15984,13415,2569,0,0.0,0,0,0,0,[],UNKNOWN
author_grid_component:8_3_X0350_Y1550_S050,8_3,8_3_X0400_Y1550_S050,2020-11-21,4,16114,16003,111,0,0.0,0,0,0,0,[],UNKNOWN
author_grid_component:8_3_X0350_Y1550_S050,8_3,8_3_X0400_Y1550_S050,2020-12-01,4,15907,15906,1,0,0.0,0,0,0,0,[],UNKNOWN
author_grid_component:8_3_X0350_Y1550_S050,8_3,8_3_X0400_Y1600_S050,2019-01-11,4,3141,3141,0,0,0.0,0,0,0,0,[],UNKNOWN
author_grid_component:8_3_X0350_Y1550_S050,8_3,8_3_X0400_Y1600_S050,2019-02-05,4,7530,7530,0,0,0.0,0,0,0,0,[],UNKNOWN
author_grid_component:8_3_X0350_Y1550_S050,8_3,8_3_X0400_Y1600_S050,2019-03-22,4,11415,11415,0,0,0.0,0,0,0,0,[],UNKNOWN
author_grid_component:8_3_X0350_Y1550_S050,8_3,8_3_X0400_Y1600_S050,2019-04-23,4,3902,3902,0,0,0.0,0,0,0,0,[],UNKNOWN
author_grid_component:8_3_X0350_Y1550_S050,8_3,8_3_X0400_Y1600_S050,2019-05-01,4,10683,10683,0,0,0.0,0,0,0,0,[],UNKNOWN
author_grid_component:8_3_X0350_Y1550_S050,8_3,8_3_X0400_Y1600_S050,2019-06-17,4,16384,16224,160,0,0.0,0,0,0,0,[],UNKNOWN
author_grid_component:8_3_X0350_Y1550_S050,8_3,8_3_X0400_Y1600_S050,2019-06-30,4,16201,13769,2432,0,0.0,0,0,0,0,[],UNKNOWN
author_grid_component:8_3_X0350_Y1550_S050,8_3,8_3_X0400_Y1600_S050,2019-07-20,4,13697,13381,316,0,0.0,0,0,0,0,[],UNKNOWN
author_grid_component:8_3_X0350_Y1550_S050,8_3,8_3_X0400_Y1600_S050,2019-09-03,4,16384,16224,160,0,0.0,0,0,0,0,[],UNKNOWN
author_grid_component:8_3_X0350_Y1550_S050,8_3,8_3_X0400_Y1600_S050,2019-11-09,4,14997,14997,0,0,0.0,0,0,0,0,[],UNKNOWN
author_grid_component:8_3_X0350_Y1550_S050,8_3,8_3_X0400_Y1600_S050,2019-11-29,4,15718,15718,0,0,0.0,0,0,0,0,[],UNKNOWN
author_grid_component:8_3_X0350_Y1550_S050,8_3,8_3_X0400_Y1600_S050,2020-02-15,4,16184,15234,950,0,0.0,0,0,0,0,[],UNKNOWN
author_grid_component:8_3_X0350_Y1550_S050,8_3,8_3_X0400_Y1600_S050,2020-04-17,4,16384,16384,0,0,0.0,0,0,0,0,[],UNKNOWN
author_grid_component:8_3_X0350_Y1550_S050,8_3,8_3_X0400_Y1600_S050,2020-07-19,4,16384,13044,3340,0,0.0,0,0,0,0,[],UNKNOWN
author_grid_component:8_3_X0350_Y1550_S050,8_3,8_3_X0400_Y1600_S050,2020-08-30,4,15786,13926,1860,0,0.0,0,0,0,0,[],UNKNOWN
author_grid_component:8_3_X0350_Y1550_S050,8_3,8_3_X0400_Y1600_S050,2020-10-17,4,16300,15439,861,0,0.0,0,0,0,0,[],UNKNOWN
author_grid_component:8_3_X0350_Y1550_S050,8_3,8_3_X0400_Y1800_S050,2019-01-11,4,16182,3749,12433,0,0.0,0,0,0,0,[],UNKNOWN
author_grid_component:8_3_X0350_Y1550_S050,8_3,8_3_X0400_Y1800_S050,2019-02-05,4,15801,3815,11986,0,0.0,0,0,0,0,[],UNKNOWN
author_grid_component:8_3_X0350_Y1550_S050,8_3,8_3_X0400_Y1800_S050,2019-03-22,4,14853,7034,7819,0,0.0,0,0,0,0,[],UNKNOWN
author_grid_component:8_3_X0350_Y1550_S050,8_3,8_3_X0400_Y1800_S050,2019-05-01,4,16125,1095,15030,0,0.0,0,0,0,0,[],UNKNOWN
author_grid_component:8_3_X0350_Y1550_S050,8_3,8_3_X0400_Y1800_S050,2019-06-17,4,15645,1368,14277,0,0.0,0,0,0,0,[],UNKNOWN
author_grid_component:8_3_X0350_Y1550_S050,8_3,8_3_X0400_Y1800_S050,2019-06-30,4,15296,746,14550,0,0.0,0,0,0,0,[],UNKNOWN
author_grid_component:8_3_X0350_Y1550_S050,8_3,8_3_X0400_Y1800_S050,2019-07-20,4,16193,239,15954,0,0.0,0,0,0,0,[],UNKNOWN
author_grid_component:8_3_X0350_Y1550_S050,8_3,8_3_X0400_Y1800_S050,2019-09-03,4,15757,226,15531,0,0.0,0,0,0,0,[],UNKNOWN
author_grid_component:8_3_X0350_Y1550_S050,8_3,8_3_X0400_Y1800_S050,2019-09-20,1,0,0,0,0,,0,0,0,0,[],UNKNOWN
author_grid_component:8_3_X0350_Y1550_S050,8_3,8_3_X0400_Y1800_S050,2019-11-09,4,16384,676,15708,0,0.0,0,0,0,0,[],UNKNOWN
author_grid_component:8_3_X0350_Y1550_S050,8_3,8_3_X0400_Y1800_S050,2019-11-29,4,16125,1702,14423,0,0.0,0,0,0,0,[],UNKNOWN
author_grid_component:8_3_X0350_Y1550_S050,8_3,8_3_X0400_Y1800_S050,2020-01-06,1,0,0,0,0,,0,0,0,0,[],UNKNOWN
author_grid_component:8_3_X0350_Y1550_S050,8_3,8_3_X0400_Y1800_S050,2020-03-28,4,16136,774,15362,0,0.0,0,0,0,0,[],UNKNOWN
author_grid_component:8_3_X0350_Y1550_S050,8_3,8_3_X0400_Y1800_S050,2020-04-17,4,16311,32,16279,0,0.0,0,0,0,0,[],UNKNOWN
author_grid_component:8_3_X0350_Y1550_S050,8_3,8_3_X0400_Y1800_S050,2020-07-19,4,15517,2,15515,0,0.0,0,0,0,0,[],UNKNOWN
author_grid_component:8_3_X0350_Y1550_S050,8_3,8_3_X0400_Y1800_S050,2020-08-30,4,16317,0,16317,0,0.0,0,0,0,0,[],UNKNOWN
author_grid_component:8_3_X0350_Y1550_S050,8_3,8_3_X0450_Y1450_S050,2019-02-05,4,16349,16033,316,0,0.0,0,0,0,0,[],UNKNOWN
author_grid_component:8_3_X0350_Y1550_S050,8_3,8_3_X0450_Y1450_S050,2019-03-27,4,15339,11524,3815,0,0.0,0,0,0,0,[],UNKNOWN
author_grid_component:8_3_X0350_Y1550_S050,8_3,8_3_X0450_Y1450_S050,2019-04-23,4,16365,14894,1471,0,0.0,0,0,0,0,[],UNKNOWN
author_grid_component:8_3_X0350_Y1550_S050,8_3,8_3_X0450_Y1450_S050,2019-08-04,4,16373,4296,12077,0,0.0,0,0,0,0,[],UNKNOWN
author_grid_component:8_3_X0350_Y1550_S050,8_3,8_3_X0450_Y1450_S050,2019-08-19,4,15902,7243,8659,0,0.0,0,0,0,0,[],UNKNOWN
author_grid_component:8_3_X0350_Y1550_S050,8_3,8_3_X0450_Y1450_S050,2019-09-03,4,16156,882,15274,0,0.0,0,0,0,0,[],UNKNOWN
author_grid_component:8_3_X0350_Y1550_S050,8_3,8_3_X0450_Y1450_S050,2019-09-20,4,6799,5968,831,0,0.0,0,0,0,0,[],UNKNOWN
author_grid_component:8_3_X0350_Y1550_S050,8_3,8_3_X0450_Y1450_S050,2019-10-13,4,16384,3341,13043,0,0.0,0,0,0,0,[],UNKNOWN
author_grid_component:8_3_X0350_Y1550_S050,8_3,8_3_X0450_Y1450_S050,2019-11-24,4,15717,8516,7201,0,0.0,0,0,0,0,[],UNKNOWN
author_grid_component:8_3_X0350_Y1550_S050,8_3,8_3_X0450_Y1450_S050,2020-01-06,4,6108,6108,0,0,0.0,0,0,0,0,[],UNKNOWN
author_grid_component:8_3_X0350_Y1550_S050,8_3,8_3_X0450_Y1450_S050,2020-04-17,4,16213,12990,3223,0,0.0,0,0,0,0,[],UNKNOWN
author_grid_component:8_3_X0350_Y1550_S050,8_3,8_3_X0450_Y1450_S050,2020-07-04,4,14539,13080,1459,0,0.0,0,0,0,0,[],UNKNOWN
author_grid_component:8_3_X0350_Y1550_S050,8_3,8_3_X0450_Y1450_S050,2020-08-30,4,16384,252,16132,0,0.0,0,0,0,0,[],UNKNOWN
author_grid_component:8_3_X0350_Y1550_S050,8_3,8_3_X0450_Y1450_S050,2020-10-17,4,16363,5176,11187,0,0.0,0,0,0,0,[],UNKNOWN
author_grid_component:8_3_X0350_Y1550_S050,8_3,8_3_X0450_Y1450_S050,2020-11-08,4,16384,4858,11526,0,0.0,0,0,0,0,[],UNKNOWN
author_grid_component:8_3_X0350_Y1550_S050,8_3,8_3_X0450_Y1450_S050,2020-12-01,4,16307,8240,8067,0,0.0,0,0,0,0,[],UNKNOWN
author_grid_component:8_3_X0350_Y1550_S050,8_3,8_3_X0450_Y1500_S050,2019-02-05,4,15994,10107,5887,0,0.0,0,0,0,0,[],UNKNOWN
author_grid_component:8_3_X0350_Y1550_S050,8_3,8_3_X0450_Y1500_S050,2019-03-27,4,15748,10118,5630,0,0.0,0,0,0,0,[],UNKNOWN
author_grid_component:8_3_X0350_Y1550_S050,8_3,8_3_X0450_Y1500_S050,2019-04-23,4,15512,15369,143,0,0.0,0,0,0,0,[],UNKNOWN
author_grid_component:8_3_X0350_Y1550_S050,8_3,8_3_X0450_Y1500_S050,2019-08-04,4,15604,9545,6059,0,0.0,0,0,0,0,[],UNKNOWN
author_grid_component:8_3_X0350_Y1550_S050,8_3,8_3_X0450_Y1500_S050,2019-08-19,4,16378,10299,6079,0,0.0,0,0,0,0,[],UNKNOWN
author_grid_component:8_3_X0350_Y1550_S050,8_3,8_3_X0450_Y1500_S050,2019-09-03,4,15117,5720,9397,0,0.0,0,0,0,0,[],UNKNOWN
author_grid_component:8_3_X0350_Y1550_S050,8_3,8_3_X0450_Y1500_S050,2019-09-20,4,13020,2204,10816,0,0.0,0,0,0,0,[],UNKNOWN
author_grid_component:8_3_X0350_Y1550_S050,8_3,8_3_X0450_Y1500_S050,2019-10-13,4,15795,7612,8183,0,0.0,0,0,0,0,[],UNKNOWN
author_grid_component:8_3_X0350_Y1550_S050,8_3,8_3_X0450_Y1500_S050,2019-11-24,4,16040,14380,1660,0,0.0,0,0,0,0,[],UNKNOWN
author_grid_component:8_3_X0350_Y1550_S050,8_3,8_3_X0450_Y1500_S050,2020-01-06,4,11820,7533,4287,0,0.0,0,0,0,0,[],UNKNOWN
author_grid_component:8_3_X0350_Y1550_S050,8_3,8_3_X0450_Y1500_S050,2020-04-17,4,15935,15650,285,0,0.0,0,0,0,0,[],UNKNOWN
author_grid_component:8_3_X0350_Y1550_S050,8_3,8_3_X0450_Y1500_S050,2020-07-04,4,13665,12812,853,0,0.0,0,0,0,0,[],UNKNOWN
author_grid_component:8_3_X0350_Y1550_S050,8_3,8_3_X0450_Y1500_S050,2020-08-30,4,12777,834,11943,0,0.0,0,0,0,0,[],UNKNOWN
author_grid_component:8_3_X0350_Y1550_S050,8_3,8_3_X0450_Y1500_S050,2020-10-17,4,15733,6745,8988,0,0.0,0,0,0,0,[],UNKNOWN
author_grid_component:8_3_X0350_Y1550_S050,8_3,8_3_X0450_Y1500_S050,2020-11-08,4,14747,10942,3805,0,0.0,0,0,0,0,[],UNKNOWN
author_grid_component:8_3_X0350_Y1550_S050,8_3,8_3_X0450_Y1500_S050,2020-12-01,4,15184,13734,1450,0,0.0,0,0,0,0,[],UNKNOWN
author_grid_component:8_3_X0350_Y1550_S050,8_3,8_3_X0450_Y1550_S050,2019-02-05,4,15713,15713,0,0,0.0,0,0,0,0,[],UNKNOWN
author_grid_component:8_3_X0350_Y1550_S050,8_3,8_3_X0450_Y1550_S050,2019-03-27,4,7659,7659,0,0,0.0,0,0,0,0,[],UNKNOWN
author_grid_component:8_3_X0350_Y1550_S050,8_3,8_3_X0450_Y1550_S050,2019-04-23,4,7578,7578,0,0,0.0,0,0,0,0,[],UNKNOWN
author_grid_component:8_3_X0350_Y1550_S050,8_3,8_3_X0450_Y1550_S050,2019-08-04,4,16224,14754,1470,0,0.0,0,0,0,0,[],UNKNOWN
author_grid_component:8_3_X0350_Y1550_S050,8_3,8_3_X0450_Y1550_S050,2019-08-19,4,16383,16372,11,0,0.0,0,0,0,0,[],UNKNOWN
author_grid_component:8_3_X0350_Y1550_S050,8_3,8_3_X0450_Y1550_S050,2019-09-03,4,16210,16113,97,0,0.0,0,0,0,0,[],UNKNOWN
author_grid_component:8_3_X0350_Y1550_S050,8_3,8_3_X0450_Y1550_S050,2019-09-20,3,3108,2513,595,0,0.0,0,0,0,0,[],UNKNOWN
author_grid_component:8_3_X0350_Y1550_S050,8_3,8_3_X0450_Y1550_S050,2019-10-13,4,14025,12674,1351,0,0.0,0,0,0,0,[],UNKNOWN
author_grid_component:8_3_X0350_Y1550_S050,8_3,8_3_X0450_Y1550_S050,2019-11-24,4,15822,15296,526,0,0.0,0,0,0,0,[],UNKNOWN
author_grid_component:8_3_X0350_Y1550_S050,8_3,8_3_X0450_Y1550_S050,2020-01-06,2,1876,1876,0,0,0.0,0,0,0,0,[],UNKNOWN
author_grid_component:8_3_X0350_Y1550_S050,8_3,8_3_X0450_Y1550_S050,2020-04-17,4,16384,16090,294,0,0.0,0,0,0,0,[],UNKNOWN
author_grid_component:8_3_X0350_Y1550_S050,8_3,8_3_X0450_Y1550_S050,2020-07-04,4,13916,12911,1005,0,0.0,0,0,0,0,[],UNKNOWN
author_grid_component:8_3_X0350_Y1550_S050,8_3,8_3_X0450_Y1550_S050,2020-08-30,4,16384,2820,13564,0,0.0,0,0,0,0,[],UNKNOWN
author_grid_component:8_3_X0350_Y1550_S050,8_3,8_3_X0450_Y1550_S050,2020-10-17,4,16164,15411,753,0,0.0,0,0,0,0,[],UNKNOWN
author_grid_component:8_3_X0350_Y1550_S050,8_3,8_3_X0450_Y1550_S050,2020-11-08,4,16291,15305,986,0,0.0,0,0,0,0,[],UNKNOWN
author_grid_component:8_3_X0350_Y1550_S050,8_3,8_3_X0450_Y1550_S050,2020-12-01,4,15294,13614,1680,0,0.0,0,0,0,0,[],UNKNOWN
author_grid_component:8_3_X0350_Y1550_S050,8_3,8_3_X0450_Y1600_S050,2019-01-11,4,9480,9480,0,0,0.0,0,0,0,0,[],UNKNOWN
author_grid_component:8_3_X0350_Y1550_S050,8_3,8_3_X0450_Y1600_S050,2019-02-05,4,9728,9728,0,0,0.0,0,0,0,0,[],UNKNOWN
author_grid_component:8_3_X0350_Y1550_S050,8_3,8_3_X0450_Y1600_S050,2019-03-22,4,8573,8573,0,0,0.0,0,0,0,0,[],UNKNOWN
author_grid_component:8_3_X0350_Y1550_S050,8_3,8_3_X0450_Y1600_S050,2019-04-23,4,8332,8332,0,0,0.0,0,0,0,0,[],UNKNOWN
author_grid_component:8_3_X0350_Y1550_S050,8_3,8_3_X0450_Y1600_S050,2019-07-25,4,16355,13849,2506,0,0.0,0,0,0,0,[],UNKNOWN
author_grid_component:8_3_X0350_Y1550_S050,8_3,8_3_X0450_Y1600_S050,2019-08-04,4,16376,13608,2768,0,0.0,0,0,0,0,[],UNKNOWN
author_grid_component:8_3_X0350_Y1550_S050,8_3,8_3_X0450_Y1600_S050,2019-08-26,4,16305,16000,305,0,0.0,0,0,0,0,[],UNKNOWN
author_grid_component:8_3_X0350_Y1550_S050,8_3,8_3_X0450_Y1600_S050,2019-09-03,4,15749,12491,3258,0,0.0,0,0,0,0,[],UNKNOWN
author_grid_component:8_3_X0350_Y1550_S050,8_3,8_3_X0450_Y1600_S050,2019-09-20,1,0,0,0,0,,0,0,0,0,[],UNKNOWN
author_grid_component:8_3_X0350_Y1550_S050,8_3,8_3_X0450_Y1600_S050,2019-11-09,4,16220,16220,0,0,0.0,0,0,0,0,[],UNKNOWN
author_grid_component:8_3_X0350_Y1550_S050,8_3,8_3_X0450_Y1600_S050,2020-01-06,1,0,0,0,0,,0,0,0,0,[],UNKNOWN
author_grid_component:8_3_X0350_Y1550_S050,8_3,8_3_X0450_Y1600_S050,2020-04-17,4,16384,13891,2493,0,0.0,0,0,0,0,[],UNKNOWN
author_grid_component:8_3_X0350_Y1550_S050,8_3,8_3_X0450_Y1600_S050,2020-06-01,4,8221,8221,0,0,0.0,0,0,0,0,[],UNKNOWN
author_grid_component:8_3_X0350_Y1550_S050,8_3,8_3_X0450_Y1600_S050,2020-08-30,4,16384,5046,11338,0,0.0,0,0,0,0,[],UNKNOWN
author_grid_component:8_3_X0350_Y1550_S050,8_3,8_3_X0450_Y1600_S050,2020-10-12,4,15106,13383,1723,0,0.0,0,0,0,0,[],UNKNOWN
author_grid_component:8_3_X0350_Y1550_S050,8_3,8_3_X0450_Y1600_S050,2020-10-17,4,15992,14340,1652,0,0.0,0,0,0,0,[],UNKNOWN
author_grid_component:8_3_X0350_Y1550_S050,8_3,8_3_X0450_Y1650_S050,2019-01-11,4,8266,8266,0,0,0.0,0,0,0,0,[],UNKNOWN
author_grid_component:8_3_X0350_Y1550_S050,8_3,8_3_X0450_Y1650_S050,2019-02-05,4,6819,6819,0,0,0.0,0,0,0,0,[],UNKNOWN
author_grid_component:8_3_X0350_Y1550_S050,8_3,8_3_X0450_Y1650_S050,2019-03-22,4,8131,8131,0,0,0.0,0,0,0,0,[],UNKNOWN
author_grid_component:8_3_X0350_Y1550_S050,8_3,8_3_X0450_Y1650_S050,2019-04-23,4,11876,11354,522,0,0.0,0,0,0,0,[],UNKNOWN
author_grid_component:8_3_X0350_Y1550_S050,8_3,8_3_X0450_Y1650_S050,2019-07-25,4,15559,11949,3610,0,0.0,0,0,0,0,[],UNKNOWN
author_grid_component:8_3_X0350_Y1550_S050,8_3,8_3_X0450_Y1650_S050,2019-08-04,4,15531,12968,2563,0,0.0,0,0,0,0,[],UNKNOWN
author_grid_component:8_3_X0350_Y1550_S050,8_3,8_3_X0450_Y1650_S050,2019-08-26,4,16228,14395,1833,0,0.0,0,0,0,0,[],UNKNOWN
author_grid_component:8_3_X0350_Y1550_S050,8_3,8_3_X0450_Y1650_S050,2019-09-03,4,15333,10912,4421,0,0.0,0,0,0,0,[],UNKNOWN
author_grid_component:8_3_X0350_Y1550_S050,8_3,8_3_X0450_Y1650_S050,2019-09-20,1,0,0,0,0,,0,0,0,0,[],UNKNOWN
author_grid_component:8_3_X0350_Y1550_S050,8_3,8_3_X0450_Y1650_S050,2019-11-09,4,15415,15142,273,0,0.0,0,0,0,0,[],UNKNOWN
author_grid_component:8_3_X0350_Y1550_S050,8_3,8_3_X0450_Y1650_S050,2020-01-06,1,0,0,0,0,,0,0,0,0,[],UNKNOWN
author_grid_component:8_3_X0350_Y1550_S050,8_3,8_3_X0450_Y1650_S050,2020-04-17,4,15097,12147,2950,0,0.0,0,0,0,0,[],UNKNOWN
author_grid_component:8_3_X0350_Y1550_S050,8_3,8_3_X0450_Y1650_S050,2020-06-01,4,10159,10159,0,0,0.0,0,0,0,0,[],UNKNOWN
author_grid_component:8_3_X0350_Y1550_S050,8_3,8_3_X0450_Y1650_S050,2020-08-30,4,15796,11008,4788,0,0.0,0,0,0,0,[],UNKNOWN
author_grid_component:8_3_X0350_Y1550_S050,8_3,8_3_X0450_Y1650_S050,2020-10-12,4,15857,13971,1886,0,0.0,0,0,0,0,[],UNKNOWN
author_grid_component:8_3_X0350_Y1550_S050,8_3,8_3_X0450_Y1650_S050,2020-10-17,4,16384,15732,652,0,0.0,0,0,0,0,[],UNKNOWN
author_grid_component:8_3_X0350_Y1550_S050,8_3,8_3_X0450_Y1700_S050,2019-01-11,4,7380,7310,70,0,0.0,0,0,0,0,[],UNKNOWN
author_grid_component:8_3_X0350_Y1550_S050,8_3,8_3_X0450_Y1700_S050,2019-02-05,4,9978,9978,0,0,0.0,0,0,0,0,[],UNKNOWN
author_grid_component:8_3_X0350_Y1550_S050,8_3,8_3_X0450_Y1700_S050,2019-03-22,4,9997,9428,569,0,0.0,0,0,0,0,[],UNKNOWN
author_grid_component:8_3_X0350_Y1550_S050,8_3,8_3_X0450_Y1700_S050,2019-04-23,4,11901,11401,500,0,0.0,0,0,0,0,[],UNKNOWN
author_grid_component:8_3_X0350_Y1550_S050,8_3,8_3_X0450_Y1700_S050,2019-07-25,4,14531,14531,0,0,0.0,0,0,0,0,[],UNKNOWN
author_grid_component:8_3_X0350_Y1550_S050,8_3,8_3_X0450_Y1700_S050,2019-08-04,4,16311,15408,903,0,0.0,0,0,0,0,[],UNKNOWN
author_grid_component:8_3_X0350_Y1550_S050,8_3,8_3_X0450_Y1700_S050,2019-08-26,4,13154,11518,1636,0,0.0,0,0,0,0,[],UNKNOWN
author_grid_component:8_3_X0350_Y1550_S050,8_3,8_3_X0450_Y1700_S050,2019-09-03,4,13717,12514,1203,0,0.0,0,0,0,0,[],UNKNOWN
author_grid_component:8_3_X0350_Y1550_S050,8_3,8_3_X0450_Y1700_S050,2019-09-20,1,0,0,0,0,,0,0,0,0,[],UNKNOWN
author_grid_component:8_3_X0350_Y1550_S050,8_3,8_3_X0450_Y1700_S050,2019-11-09,4,15956,15956,0,0,0.0,0,0,0,0,[],UNKNOWN
author_grid_component:8_3_X0350_Y1550_S050,8_3,8_3_X0450_Y1700_S050,2020-01-06,1,0,0,0,0,,0,0,0,0,[],UNKNOWN
author_grid_component:8_3_X0350_Y1550_S050,8_3,8_3_X0450_Y1700_S050,2020-04-17,4,11362,10356,1006,0,0.0,0,0,0,0,[],UNKNOWN
author_grid_component:8_3_X0350_Y1550_S050,8_3,8_3_X0450_Y1700_S050,2020-06-01,4,6595,6595,0,0,0.0,0,0,0,0,[],UNKNOWN
author_grid_component:8_3_X0350_Y1550_S050,8_3,8_3_X0450_Y1700_S050,2020-08-30,4,15995,12668,3327,0,0.0,0,0,0,0,[],UNKNOWN
author_grid_component:8_3_X0350_Y1550_S050,8_3,8_3_X0450_Y1700_S050,2020-10-12,4,15835,15366,469,0,0.0,0,0,0,0,[],UNKNOWN
author_grid_component:8_3_X0350_Y1550_S050,8_3,8_3_X0450_Y1700_S050,2020-10-17,4,12566,12389,177,0,0.0,0,0,0,0,[],UNKNOWN
author_grid_component:8_3_X0350_Y1550_S050,8_3,8_3_X0450_Y1750_S050,2019-01-11,4,15049,1041,14008,0,0.0,0,0,0,0,[],UNKNOWN
author_grid_component:8_3_X0350_Y1550_S050,8_3,8_3_X0450_Y1750_S050,2019-02-05,4,15059,1529,13530,0,0.0,0,0,0,0,[],UNKNOWN
author_grid_component:8_3_X0350_Y1550_S050,8_3,8_3_X0450_Y1750_S050,2019-03-22,4,11338,10960,378,0,0.0,0,0,0,0,[],UNKNOWN
author_grid_component:8_3_X0350_Y1550_S050,8_3,8_3_X0450_Y1750_S050,2019-05-01,4,16165,8065,8100,0,0.0,0,0,0,0,[],UNKNOWN
author_grid_component:8_3_X0350_Y1550_S050,8_3,8_3_X0450_Y1750_S050,2019-06-17,4,15857,4627,11230,0,0.0,0,0,0,0,[],UNKNOWN
author_grid_component:8_3_X0350_Y1550_S050,8_3,8_3_X0450_Y1750_S050,2019-06-30,4,14870,3963,10907,0,0.0,0,0,0,0,[],UNKNOWN
author_grid_component:8_3_X0350_Y1550_S050,8_3,8_3_X0450_Y1750_S050,2019-09-03,4,15131,8458,6673,0,0.0,0,0,0,0,[],UNKNOWN
author_grid_component:8_3_X0350_Y1550_S050,8_3,8_3_X0450_Y1750_S050,2019-09-20,1,0,0,0,0,,0,0,0,0,[],UNKNOWN
author_grid_component:8_3_X0350_Y1550_S050,8_3,8_3_X0450_Y1750_S050,2019-11-09,4,14663,4454,10209,0,0.0,0,0,0,0,[],UNKNOWN
author_grid_component:8_3_X0350_Y1550_S050,8_3,8_3_X0450_Y1750_S050,2019-11-29,4,15055,294,14761,0,0.0,0,0,0,0,[],UNKNOWN
author_grid_component:8_3_X0350_Y1550_S050,8_3,8_3_X0450_Y1750_S050,2020-01-06,1,0,0,0,0,,0,0,0,0,[],UNKNOWN
author_grid_component:8_3_X0350_Y1550_S050,8_3,8_3_X0450_Y1750_S050,2020-01-28,4,15040,2462,12578,0,0.0,0,0,0,0,[],UNKNOWN
author_grid_component:8_3_X0350_Y1550_S050,8_3,8_3_X0450_Y1750_S050,2020-03-28,4,15885,7764,8121,0,0.0,0,0,0,0,[],UNKNOWN
author_grid_component:8_3_X0350_Y1550_S050,8_3,8_3_X0450_Y1750_S050,2020-04-17,4,15230,6691,8539,0,0.0,0,0,0,0,[],UNKNOWN
author_grid_component:8_3_X0350_Y1550_S050,8_3,8_3_X0450_Y1750_S050,2020-07-19,4,13888,13575,313,0,0.0,0,0,0,0,[],UNKNOWN
author_grid_component:8_3_X0350_Y1550_S050,8_3,8_3_X0450_Y1750_S050,2020-08-30,4,13572,11521,2051,0,0.0,0,0,0,0,[],UNKNOWN
author_grid_component:8_3_X0350_Y1550_S050,8_3,8_3_X0450_Y1800_S050,2019-01-11,4,15370,2223,13147,0,0.0,0,0,0,0,[],UNKNOWN
author_grid_component:8_3_X0350_Y1550_S050,8_3,8_3_X0450_Y1800_S050,2019-02-05,4,16384,4552,11832,0,0.0,0,0,0,0,[],UNKNOWN
author_grid_component:8_3_X0350_Y1550_S050,8_3,8_3_X0450_Y1800_S050,2019-03-22,4,13205,11202,2003,0,0.0,0,0,0,0,[],UNKNOWN
author_grid_component:8_3_X0350_Y1550_S050,8_3,8_3_X0450_Y1800_S050,2019-05-01,4,16384,526,15858,0,0.0,0,0,0,0,[],UNKNOWN
author_grid_component:8_3_X0350_Y1550_S050,8_3,8_3_X0450_Y1800_S050,2019-06-17,4,16342,682,15660,0,0.0,0,0,0,0,[],UNKNOWN
author_grid_component:8_3_X0350_Y1550_S050,8_3,8_3_X0450_Y1800_S050,2019-06-30,4,15484,915,14569,0,0.0,0,0,0,0,[],UNKNOWN
author_grid_component:8_3_X0350_Y1550_S050,8_3,8_3_X0450_Y1800_S050,2019-09-03,4,15617,928,14689,0,0.0,0,0,0,0,[],UNKNOWN
author_grid_component:8_3_X0350_Y1550_S050,8_3,8_3_X0450_Y1800_S050,2019-09-20,1,0,0,0,0,,0,0,0,0,[],UNKNOWN
author_grid_component:8_3_X0350_Y1550_S050,8_3,8_3_X0450_Y1800_S050,2019-11-09,4,16342,126,16216,0,0.0,0,0,0,0,[],UNKNOWN
author_grid_component:8_3_X0350_Y1550_S050,8_3,8_3_X0450_Y1800_S050,2019-11-29,4,16295,3789,12506,0,0.0,0,0,0,0,[],UNKNOWN
author_grid_component:8_3_X0350_Y1550_S050,8_3,8_3_X0450_Y1800_S050,2020-01-06,1,0,0,0,0,,0,0,0,0,[],UNKNOWN
author_grid_component:8_3_X0350_Y1550_S050,8_3,8_3_X0450_Y1800_S050,2020-01-28,4,15664,6072,9592,0,0.0,0,0,0,0,[],UNKNOWN
author_grid_component:8_3_X0350_Y1550_S050,8_3,8_3_X0450_Y1800_S050,2020-03-28,4,16374,2105,14269,0,0.0,0,0,0,0,[],UNKNOWN
author_grid_component:8_3_X0350_Y1550_S050,8_3,8_3_X0450_Y1800_S050,2020-04-17,4,16301,7,16294,0,0.0,0,0,0,0,[],UNKNOWN
author_grid_component:8_3_X0350_Y1550_S050,8_3,8_3_X0450_Y1800_S050,2020-07-19,4,16294,0,16293,1,0.006137228427642077,1,1,1,1,['8_3'],UNKNOWN
author_grid_component:8_3_X0350_Y1550_S050,8_3,8_3_X0450_Y1800_S050,2020-08-30,4,15308,3177,11925,206,1.3457015939378103,2,1,1,1,['8_3'],UNKNOWN
author_grid_component:8_3_X0350_Y1550_S050,8_3,8_3_X0500_Y1600_S050,2019-01-11,4,16384,12533,3851,0,0.0,0,0,0,0,[],UNKNOWN
author_grid_component:8_3_X0350_Y1550_S050,8_3,8_3_X0500_Y1600_S050,2019-02-05,4,16384,12245,4139,0,0.0,0,0,0,0,[],UNKNOWN
author_grid_component:8_3_X0350_Y1550_S050,8_3,8_3_X0500_Y1600_S050,2019-03-22,4,5635,5635,0,0,0.0,0,0,0,0,[],UNKNOWN
author_grid_component:8_3_X0350_Y1550_S050,8_3,8_3_X0500_Y1600_S050,2019-04-23,4,7263,7263,0,0,0.0,0,0,0,0,[],UNKNOWN
author_grid_component:8_3_X0350_Y1550_S050,8_3,8_3_X0500_Y1600_S050,2019-07-25,4,16337,10585,5752,0,0.0,0,0,0,0,[],UNKNOWN
author_grid_component:8_3_X0350_Y1550_S050,8_3,8_3_X0500_Y1600_S050,2019-08-04,4,16227,15886,341,0,0.0,0,0,0,0,[],UNKNOWN
author_grid_component:8_3_X0350_Y1550_S050,8_3,8_3_X0500_Y1600_S050,2019-08-26,4,16384,13409,2975,0,0.0,0,0,0,0,[],UNKNOWN
author_grid_component:8_3_X0350_Y1550_S050,8_3,8_3_X0500_Y1600_S050,2019-09-03,4,15985,14759,1226,0,0.0,0,0,0,0,[],UNKNOWN
author_grid_component:8_3_X0350_Y1550_S050,8_3,8_3_X0500_Y1600_S050,2019-09-20,4,16384,8101,8283,0,0.0,0,0,0,0,[],UNKNOWN
author_grid_component:8_3_X0350_Y1550_S050,8_3,8_3_X0500_Y1600_S050,2019-11-09,4,12473,9527,2946,0,0.0,0,0,0,0,[],UNKNOWN
author_grid_component:8_3_X0350_Y1550_S050,8_3,8_3_X0500_Y1600_S050,2020-01-06,4,16384,16290,94,0,0.0,0,0,0,0,[],UNKNOWN
author_grid_component:8_3_X0350_Y1550_S050,8_3,8_3_X0500_Y1600_S050,2020-04-17,4,16384,16149,235,0,0.0,0,0,0,0,[],UNKNOWN
author_grid_component:8_3_X0350_Y1550_S050,8_3,8_3_X0500_Y1600_S050,2020-06-01,4,7939,7939,0,0,0.0,0,0,0,0,[],UNKNOWN
author_grid_component:8_3_X0350_Y1550_S050,8_3,8_3_X0500_Y1600_S050,2020-08-30,4,16311,1945,14366,0,0.0,0,0,0,0,[],UNKNOWN
author_grid_component:8_3_X0350_Y1550_S050,8_3,8_3_X0500_Y1600_S050,2020-10-12,4,16384,16384,0,0,0.0,0,0,0,0,[],UNKNOWN
author_grid_component:8_3_X0350_Y1550_S050,8_3,8_3_X0500_Y1600_S050,2020-10-17,4,16384,16253,131,0,0.0,0,0,0,0,[],UNKNOWN
author_grid_component:8_3_X0350_Y1550_S050,8_3,8_3_X0550_Y1600_S050,2019-01-11,4,15479,12610,2869,0,0.0,0,0,0,0,[],UNKNOWN
author_grid_component:8_3_X0350_Y1550_S050,8_3,8_3_X0550_Y1600_S050,2019-02-05,4,16113,15521,592,0,0.0,0,0,0,0,[],UNKNOWN
author_grid_component:8_3_X0350_Y1550_S050,8_3,8_3_X0550_Y1600_S050,2019-03-22,4,16114,11482,4632,0,0.0,0,0,0,0,[],UNKNOWN
author_grid_component:8_3_X0350_Y1550_S050,8_3,8_3_X0550_Y1600_S050,2019-04-23,4,11663,11663,0,0,0.0,0,0,0,0,[],UNKNOWN
author_grid_component:8_3_X0350_Y1550_S050,8_3,8_3_X0550_Y1600_S050,2019-07-25,4,16384,12988,3396,0,0.0,0,0,0,0,[],UNKNOWN
author_grid_component:8_3_X0350_Y1550_S050,8_3,8_3_X0550_Y1600_S050,2019-08-04,4,14909,8292,6617,0,0.0,0,0,0,0,[],UNKNOWN
author_grid_component:8_3_X0350_Y1550_S050,8_3,8_3_X0550_Y1600_S050,2019-08-26,4,16352,4621,11731,0,0.0,0,0,0,0,[],UNKNOWN
author_grid_component:8_3_X0350_Y1550_S050,8_3,8_3_X0550_Y1600_S050,2019-09-03,4,15115,12490,2625,0,0.0,0,0,0,0,[],UNKNOWN
author_grid_component:8_3_X0350_Y1550_S050,8_3,8_3_X0550_Y1600_S050,2019-09-20,4,16354,9897,6457,0,0.0,0,0,0,0,[],UNKNOWN
author_grid_component:8_3_X0350_Y1550_S050,8_3,8_3_X0550_Y1600_S050,2019-11-09,4,6460,6460,0,0,0.0,0,0,0,0,[],UNKNOWN
author_grid_component:8_3_X0350_Y1550_S050,8_3,8_3_X0550_Y1600_S050,2020-01-06,4,15344,14807,537,0,0.0,0,0,0,0,[],UNKNOWN
author_grid_component:8_3_X0350_Y1550_S050,8_3,8_3_X0550_Y1600_S050,2020-04-17,4,15547,14147,1400,0,0.0,0,0,0,0,[],UNKNOWN
author_grid_component:8_3_X0350_Y1550_S050,8_3,8_3_X0550_Y1600_S050,2020-06-01,4,8366,8366,0,0,0.0,0,0,0,0,[],UNKNOWN
author_grid_component:8_3_X0350_Y1550_S050,8_3,8_3_X0550_Y1600_S050,2020-08-30,4,15499,4887,10612,0,0.0,0,0,0,0,[],UNKNOWN
author_grid_component:8_3_X0350_Y1550_S050,8_3,8_3_X0550_Y1600_S050,2020-10-12,4,14447,13360,1087,0,0.0,0,0,0,0,[],UNKNOWN
author_grid_component:8_3_X0350_Y1550_S050,8_3,8_3_X0550_Y1600_S050,2020-10-17,4,15779,11212,4567,0,0.0,0,0,0,0,[],UNKNOWN
author_grid_component:8_3_X0350_Y1550_S050,8_3,8_3_X0550_Y1650_S050,2019-01-11,4,16284,15932,352,0,0.0,0,0,0,0,[],UNKNOWN
author_grid_component:8_3_X0350_Y1550_S050,8_3,8_3_X0550_Y1650_S050,2019-02-05,4,16384,16356,28,0,0.0,0,0,0,0,[],UNKNOWN
author_grid_component:8_3_X0350_Y1550_S050,8_3,8_3_X0550_Y1650_S050,2019-03-22,4,15087,14937,150,0,0.0,0,0,0,0,[],UNKNOWN
author_grid_component:8_3_X0350_Y1550_S050,8_3,8_3_X0550_Y1650_S050,2019-04-23,4,6305,6305,0,0,0.0,0,0,0,0,[],UNKNOWN
author_grid_component:8_3_X0350_Y1550_S050,8_3,8_3_X0550_Y1650_S050,2019-07-25,4,16112,12971,3141,0,0.0,0,0,0,0,[],UNKNOWN
author_grid_component:8_3_X0350_Y1550_S050,8_3,8_3_X0550_Y1650_S050,2019-08-04,4,14820,14675,145,0,0.0,0,0,0,0,[],UNKNOWN
author_grid_component:8_3_X0350_Y1550_S050,8_3,8_3_X0550_Y1650_S050,2019-08-26,4,16367,14394,1973,0,0.0,0,0,0,0,[],UNKNOWN
author_grid_component:8_3_X0350_Y1550_S050,8_3,8_3_X0550_Y1650_S050,2019-09-03,4,12730,12567,163,0,0.0,0,0,0,0,[],UNKNOWN
author_grid_component:8_3_X0350_Y1550_S050,8_3,8_3_X0550_Y1650_S050,2019-09-20,4,16384,15787,597,0,0.0,0,0,0,0,[],UNKNOWN
author_grid_component:8_3_X0350_Y1550_S050,8_3,8_3_X0550_Y1650_S050,2019-11-09,4,16369,16369,0,0,0.0,0,0,0,0,[],UNKNOWN
author_grid_component:8_3_X0350_Y1550_S050,8_3,8_3_X0550_Y1650_S050,2020-01-06,4,10670,10670,0,0,0.0,0,0,0,0,[],UNKNOWN
author_grid_component:8_3_X0350_Y1550_S050,8_3,8_3_X0550_Y1650_S050,2020-04-17,4,12860,12775,85,0,0.0,0,0,0,0,[],UNKNOWN
author_grid_component:8_3_X0350_Y1550_S050,8_3,8_3_X0550_Y1650_S050,2020-06-01,4,5832,5832,0,0,0.0,0,0,0,0,[],UNKNOWN
author_grid_component:8_3_X0350_Y1550_S050,8_3,8_3_X0550_Y1650_S050,2020-08-30,4,16384,12380,4004,0,0.0,0,0,0,0,[],UNKNOWN
author_grid_component:8_3_X0350_Y1550_S050,8_3,8_3_X0550_Y1650_S050,2020-10-12,4,14958,14895,63,0,0.0,0,0,0,0,[],UNKNOWN
author_grid_component:8_3_X0350_Y1550_S050,8_3,8_3_X0550_Y1650_S050,2020-10-17,4,16242,16017,225,0,0.0,0,0,0,0,[],UNKNOWN
author_grid_component:8_3_X0350_Y1550_S050,8_3,8_3_X0550_Y1700_S050,2019-01-11,4,16384,16250,134,0,0.0,0,0,0,0,[],UNKNOWN
author_grid_component:8_3_X0350_Y1550_S050,8_3,8_3_X0550_Y1700_S050,2019-02-05,4,16383,16363,20,0,0.0,0,0,0,0,[],UNKNOWN
author_grid_component:8_3_X0350_Y1550_S050,8_3,8_3_X0550_Y1700_S050,2019-03-22,4,15790,15738,52,0,0.0,0,0,0,0,[],UNKNOWN
author_grid_component:8_3_X0350_Y1550_S050,8_3,8_3_X0550_Y1700_S050,2019-04-23,4,5471,5471,0,0,0.0,0,0,0,0,[],UNKNOWN
author_grid_component:8_3_X0350_Y1550_S050,8_3,8_3_X0550_Y1700_S050,2019-07-25,4,16384,11619,4765,0,0.0,0,0,0,0,[],UNKNOWN
author_grid_component:8_3_X0350_Y1550_S050,8_3,8_3_X0550_Y1700_S050,2019-08-04,4,16311,16311,0,0,0.0,0,0,0,0,[],UNKNOWN
author_grid_component:8_3_X0350_Y1550_S050,8_3,8_3_X0550_Y1700_S050,2019-08-26,4,16384,12665,3719,0,0.0,0,0,0,0,[],UNKNOWN
author_grid_component:8_3_X0350_Y1550_S050,8_3,8_3_X0550_Y1700_S050,2019-09-03,4,13431,12975,456,0,0.0,0,0,0,0,[],UNKNOWN
author_grid_component:8_3_X0350_Y1550_S050,8_3,8_3_X0550_Y1700_S050,2019-09-20,4,16384,16325,59,0,0.0,0,0,0,0,[],UNKNOWN
author_grid_component:8_3_X0350_Y1550_S050,8_3,8_3_X0550_Y1700_S050,2019-11-09,4,16372,16372,0,0,0.0,0,0,0,0,[],UNKNOWN
author_grid_component:8_3_X0350_Y1550_S050,8_3,8_3_X0550_Y1700_S050,2020-01-06,4,6506,6506,0,0,0.0,0,0,0,0,[],UNKNOWN
author_grid_component:8_3_X0350_Y1550_S050,8_3,8_3_X0550_Y1700_S050,2020-04-17,4,13190,13190,0,0,0.0,0,0,0,0,[],UNKNOWN
author_grid_component:8_3_X0350_Y1550_S050,8_3,8_3_X0550_Y1700_S050,2020-06-01,4,7132,7132,0,0,0.0,0,0,0,0,[],UNKNOWN
author_grid_component:8_3_X0350_Y1550_S050,8_3,8_3_X0550_Y1700_S050,2020-08-30,4,16384,16074,310,0,0.0,0,0,0,0,[],UNKNOWN
author_grid_component:8_3_X0350_Y1550_S050,8_3,8_3_X0550_Y1700_S050,2020-10-12,4,14758,13779,979,0,0.0,0,0,0,0,[],UNKNOWN
author_grid_component:8_3_X0350_Y1550_S050,8_3,8_3_X0550_Y1700_S050,2020-10-17,4,16366,16342,24,0,0.0,0,0,0,0,[],UNKNOWN
